#
# There is insufficient memory for the Java Runtime Environment to continue.
# Native memory allocation (mmap) failed to map 1098907648 bytes. Error detail: G1 virtual space
# Possible reasons:
#   The system is out of physical RAM or swap space
#   This process is running with CompressedOops enabled, and the Java Heap may be blocking the growth of the native heap
# Possible solutions:
#   Reduce memory load on the system
#   Increase physical memory or swap space
#   Check if swap backing store is full
#   Decrease Java heap size (-Xmx/-Xms)
#   Decrease number of Java threads
#   Decrease Java thread stack sizes (-Xss)
#   Set larger code cache with -XX:ReservedCodeCacheSize=
#   JVM is running with Zero Based Compressed Oops mode in which the Java heap is
#     placed in the first 32GB address space. The Java Heap base address is the
#     maximum limit for the native heap growth. Please use -XX:HeapBaseMinAddress
#     to set the Java Heap base and to place the Java Heap above 32GB virtual address.
# This output file may be truncated or incomplete.
#
#  Out of Memory Error (os_windows.cpp:3926), pid=14860, tid=10820
#
# JRE version: OpenJDK Runtime Environment (21.0.10) (build 21.0.10+-14961533-b1163.108)
# Java VM: OpenJDK 64-Bit Server VM (21.0.10+-14961533-b1163.108, mixed mode, tiered, compressed oops, compressed class ptrs, g1 gc, windows-amd64)
# No core dump will be written. Minidumps are not enabled by default on client versions of Windows
#

---------------  S U M M A R Y ------------

Command Line: --add-opens=java.base/java.lang=ALL-UNNAMED --add-opens=java.base/java.lang.invoke=ALL-UNNAMED --add-opens=java.base/java.util=ALL-UNNAMED --add-opens=java.prefs/java.util.prefs=ALL-UNNAMED --add-exports=jdk.compiler/com.sun.tools.javac.api=ALL-UNNAMED --add-exports=jdk.compiler/com.sun.tools.javac.util=ALL-UNNAMED --add-opens=java.base/java.util=ALL-UNNAMED --add-opens=java.prefs/java.util.prefs=ALL-UNNAMED --add-opens=java.base/java.nio.charset=ALL-UNNAMED --add-opens=java.base/java.net=ALL-UNNAMED --add-opens=java.base/java.util.concurrent=ALL-UNNAMED --add-opens=java.base/java.util.concurrent.atomic=ALL-UNNAMED --add-opens=java.xml/javax.xml.namespace=ALL-UNNAMED --add-opens=java.base/java.time=ALL-UNNAMED -XX:MaxMetaspaceSize=1024m -XX:+HeapDumpOnOutOfMemoryError -Xmx6144m -Dfile.encoding=UTF-8 -Duser.country=US -Duser.language=en -Duser.variant -javaagent:C:\Users\HP\.gradle\wrapper\dists\gradle-9.4.1-bin\arn2x92ynaizyzdaamcbpbhtj\gradle-9.4.1\lib\agents\gradle-instrumentation-agent-9.4.1.jar org.gradle.launcher.daemon.bootstrap.GradleDaemon 9.4.1

Host: Intel(R) Core(TM) i5-6300U CPU @ 2.40GHz, 4 cores, 15G,  Windows 11 , 64 bit Build 26100 (10.0.26100.8521)
Time: Fri Jun 12 02:18:08 2026 W. Europe Daylight Time elapsed time: 5887.895974 seconds (0d 1h 38m 7s)

---------------  T H R E A D  ---------------

Current thread (0x000001b36ec4df40):  VMThread "VM Thread"          [id=10820, stack(0x0000005dcd200000,0x0000005dcd300000) (1024K)]

Stack: [0x0000005dcd200000,0x0000005dcd300000]
Native frames: (J=compiled Java code, j=interpreted, Vv=VM code, C=native code)
V  [jvm.dll+0x6d78a9]
V  [jvm.dll+0x8665b3]
V  [jvm.dll+0x868bde]
V  [jvm.dll+0x8692c3]
V  [jvm.dll+0x280ee6]
V  [jvm.dll+0x6d4165]
V  [jvm.dll+0x6c77fa]
V  [jvm.dll+0x358f4b]
V  [jvm.dll+0x360bc6]
V  [jvm.dll+0x3b2ea6]
V  [jvm.dll+0x3b3178]
V  [jvm.dll+0x32b65c]
V  [jvm.dll+0x32b6e7]
V  [jvm.dll+0x3715cc]
V  [jvm.dll+0x36fd7e]
V  [jvm.dll+0x32adb1]
V  [jvm.dll+0x36f480]
V  [jvm.dll+0x86f048]
V  [jvm.dll+0x870394]
V  [jvm.dll+0x8708d0]
V  [jvm.dll+0x870b63]
V  [jvm.dll+0x80fd28]
V  [jvm.dll+0x6d60fd]
C  [ucrtbase.dll+0x2cd30]
C  [KERNEL32.DLL+0x2e957]
C  [ntdll.dll+0x87c1c]

VM_Operation (0x0000005dd03fa3a0): G1CollectForAllocation, mode: safepoint, requested by thread 0x000001b307c17b10


---------------  P R O C E S S  ---------------

Threads class SMR info:
_java_thread_list=0x000001b3794a23b0, length=68, elements={
0x000001b352e3d950, 0x000001b37303fb60, 0x000001b37304c630, 0x000001b37304d090,
0x000001b37307a290, 0x000001b37307acf0, 0x000001b37307b750, 0x000001b37307c1b0,
0x000001b37307cf40, 0x000001b373085450, 0x000001b3732d2e60, 0x000001b374a4b750,
0x000001b3736a34a0, 0x000001b37502cc70, 0x000001b3759bab40, 0x000001b3759bd2a0,
0x000001b3759b9e20, 0x000001b377792060, 0x000001b377792d80, 0x000001b37778f900,
0x000001b3777947c0, 0x000001b376d5f1f0, 0x000001b376d5e4d0, 0x000001b376d64740,
0x000001b377790620, 0x000001b377794e50, 0x000001b3777954e0, 0x000001b377ae1e90,
0x000001b306f33130, 0x000001b306f32aa0, 0x000001b306f365b0, 0x000001b306f36c40,
0x000001b310375190, 0x000001b3103778f0, 0x000001b310375eb0, 0x000001b310374b00,
0x000001b310378ca0, 0x000001b310378610, 0x000001b310379330, 0x000001b3103799c0,
0x000001b31037ad70, 0x000001b31037a050, 0x000001b31037a6e0, 0x000001b37920bf40,
0x000001b37920b220, 0x000001b37920d2f0, 0x000001b379210e00, 0x000001b37920ed30,
0x000001b379211490, 0x000001b37920f3c0, 0x000001b379211b20, 0x000001b37b12e2f0,
0x000001b37b131770, 0x000001b376d65460, 0x000001b376d61fe0, 0x000001b307c17b10,
0x000001b307c19550, 0x000001b307c18830, 0x000001b377ae45f0, 0x000001b306f337c0,
0x000001b306f31d80, 0x000001b378f1c360, 0x000001b37778ebe0, 0x000001b3777919d0,
0x000001b3777926f0, 0x000001b377ae38d0, 0x000001b37920e6a0, 0x000001b37b12e980
}

Java Threads: ( => current thread )
  0x000001b352e3d950 JavaThread "main"                              [_thread_blocked, id=21300, stack(0x0000005dccb00000,0x0000005dccc00000) (1024K)]
  0x000001b37303fb60 JavaThread "Common-Cleaner"             daemon [_thread_blocked, id=37496, stack(0x0000005dcd300000,0x0000005dcd400000) (1024K)]
  0x000001b37304c630 JavaThread "Reference Handler"          daemon [_thread_blocked, id=19844, stack(0x0000005dcd400000,0x0000005dcd500000) (1024K)]
  0x000001b37304d090 JavaThread "Finalizer"                  daemon [_thread_blocked, id=39232, stack(0x0000005dcd500000,0x0000005dcd600000) (1024K)]
  0x000001b37307a290 JavaThread "Signal Dispatcher"          daemon [_thread_blocked, id=37236, stack(0x0000005dcd600000,0x0000005dcd700000) (1024K)]
  0x000001b37307acf0 JavaThread "Attach Listener"            daemon [_thread_blocked, id=37336, stack(0x0000005dcd700000,0x0000005dcd800000) (1024K)]
  0x000001b37307b750 JavaThread "Service Thread"             daemon [_thread_blocked, id=28312, stack(0x0000005dcd800000,0x0000005dcd900000) (1024K)]
  0x000001b37307c1b0 JavaThread "Monitor Deflation Thread"   daemon [_thread_blocked, id=40248, stack(0x0000005dcd900000,0x0000005dcda00000) (1024K)]
  0x000001b37307cf40 JavaThread "C2 CompilerThread0"         daemon [_thread_blocked, id=21596, stack(0x0000005dcda00000,0x0000005dcdb00000) (1024K)]
  0x000001b373085450 JavaThread "C1 CompilerThread0"         daemon [_thread_blocked, id=35468, stack(0x0000005dcdb00000,0x0000005dcdc00000) (1024K)]
  0x000001b3732d2e60 JavaThread "Notification Thread"        daemon [_thread_blocked, id=15260, stack(0x0000005dcdc00000,0x0000005dcdd00000) (1024K)]
  0x000001b374a4b750 JavaThread "Daemon health stats"               [_thread_blocked, id=4956, stack(0x0000005dcdd00000,0x0000005dcde00000) (1024K)]
  0x000001b3736a34a0 JavaThread "Incoming local TCP Connector on port 51145"        [_thread_in_native, id=8060, stack(0x0000005dce100000,0x0000005dce200000) (1024K)]
  0x000001b37502cc70 JavaThread "Daemon periodic checks"            [_thread_blocked, id=31432, stack(0x0000005dce200000,0x0000005dce300000) (1024K)]
  0x000001b3759bab40 JavaThread "Cache worker for journal cache (C:\Users\HP\.gradle\caches\journal-1)"        [_thread_blocked, id=18696, stack(0x0000005dce300000,0x0000005dce400000) (1024K)]
  0x000001b3759bd2a0 JavaThread "File lock request listener"        [_thread_in_native, id=3340, stack(0x0000005dceb00000,0x0000005dcec00000) (1024K)]
  0x000001b3759b9e20 JavaThread "Cache worker for file hash cache (C:\Users\HP\.gradle\caches\9.4.1\fileHashes)"        [_thread_blocked, id=22636, stack(0x0000005dcec00000,0x0000005dced00000) (1024K)]
  0x000001b377792060 JavaThread "Cache worker for file content cache (C:\Users\HP\.gradle\caches\9.4.1\fileContent)"        [_thread_blocked, id=31528, stack(0x0000005dcf100000,0x0000005dcf200000) (1024K)]
  0x000001b377792d80 JavaThread "File watcher server"        daemon [_thread_blocked, id=3536, stack(0x0000005dcf200000,0x0000005dcf300000) (1024K)]
  0x000001b37778f900 JavaThread "File watcher consumer"      daemon [_thread_blocked, id=13468, stack(0x0000005dcf300000,0x0000005dcf400000) (1024K)]
  0x000001b3777947c0 JavaThread "Memory manager"                    [_thread_blocked, id=27824, stack(0x0000005dcf500000,0x0000005dcf600000) (1024K)]
  0x000001b376d5f1f0 JavaThread "RMI Scheduler(0)"           daemon [_thread_blocked, id=39952, stack(0x0000005dd0500000,0x0000005dd0600000) (1024K)]
  0x000001b376d5e4d0 JavaThread "RMI TCP Accept-0"           daemon [_thread_in_native, id=18944, stack(0x0000005dcc900000,0x0000005dcca00000) (1024K)]
  0x000001b376d64740 JavaThread "Cache worker for Java compile cache (C:\Users\HP\.gradle\caches\9.4.1\javaCompile)"        [_thread_blocked, id=4116, stack(0x0000005dcfd00000,0x0000005dcfe00000) (1024K)]
  0x000001b377790620 JavaThread "jar transforms"                    [_thread_blocked, id=35968, stack(0x0000005dcf400000,0x0000005dcf500000) (1024K)]
  0x000001b377794e50 JavaThread "jar transforms Thread 2"           [_thread_blocked, id=33592, stack(0x0000005dcf600000,0x0000005dcf700000) (1024K)]
  0x000001b3777954e0 JavaThread "jar transforms Thread 3"           [_thread_blocked, id=20828, stack(0x0000005dcf800000,0x0000005dcf900000) (1024K)]
  0x000001b377ae1e90 JavaThread "jar transforms Thread 4"           [_thread_blocked, id=18216, stack(0x0000005dcfe00000,0x0000005dcff00000) (1024K)]
  0x000001b306f33130 JavaThread "Periodic tasks thread"      daemon [_thread_blocked, id=26136, stack(0x0000005dd0b00000,0x0000005dd0c00000) (1024K)]
  0x000001b306f32aa0 JavaThread "ApplicationImpl pooled thread 1" daemon [_thread_blocked, id=37488, stack(0x0000005dd0c00000,0x0000005dd0d00000) (1024K)]
  0x000001b306f365b0 JavaThread "Java2D Disposer"            daemon [_thread_blocked, id=32556, stack(0x0000005dd1100000,0x0000005dd1200000) (1024K)]
  0x000001b306f36c40 JavaThread "AWT-Windows"                daemon [_thread_in_native, id=22244, stack(0x0000005dd1300000,0x0000005dd1400000) (1024K)]
  0x000001b310375190 JavaThread "RMI GC Daemon"              daemon [_thread_blocked, id=14572, stack(0x0000005dd1700000,0x0000005dd1800000) (1024K)]
  0x000001b3103778f0 JavaThread "RMI Reaper"                        [_thread_blocked, id=18744, stack(0x0000005dd1800000,0x0000005dd1900000) (1024K)]
  0x000001b310375eb0 JavaThread "Daemon Thread 3"                   [_thread_blocked, id=3356, stack(0x0000005dcca00000,0x0000005dccb00000) (1024K)]
  0x000001b310374b00 JavaThread "Handler for socket connection from /127.0.0.1:51145 to /127.0.0.1:53097"        [_thread_in_native, id=26836, stack(0x0000005dce400000,0x0000005dce500000) (1024K)]
  0x000001b310378ca0 JavaThread "Cancel handler"                    [_thread_blocked, id=16668, stack(0x0000005dce500000,0x0000005dce600000) (1024K)]
  0x000001b310378610 JavaThread "Daemon worker Thread 3"            [_thread_blocked, id=33788, stack(0x0000005dce600000,0x0000005dce700000) (1024K)]
  0x000001b310379330 JavaThread "Asynchronous log dispatcher for DefaultDaemonConnection: socket connection from /127.0.0.1:51145 to /127.0.0.1:53097"        [_thread_blocked, id=36304, stack(0x0000005dce700000,0x0000005dce800000) (1024K)]
  0x000001b3103799c0 JavaThread "Stdin handler"                     [_thread_blocked, id=30592, stack(0x0000005dce800000,0x0000005dce900000) (1024K)]
  0x000001b31037ad70 JavaThread "Daemon client event forwarder"        [_thread_blocked, id=22372, stack(0x0000005dce900000,0x0000005dcea00000) (1024K)]
  0x000001b31037a050 JavaThread "Cache worker for file hash cache (C:\Users\HP\AndroidStudioProjects\MyRealApp\.gradle\9.4.1\fileHashes)"        [_thread_blocked, id=38324, stack(0x0000005dcea00000,0x0000005dceb00000) (1024K)]
  0x000001b31037a6e0 JavaThread "Cache worker for checksums cache (C:\Users\HP\AndroidStudioProjects\MyRealApp\.gradle\9.4.1\checksums)"        [_thread_blocked, id=21692, stack(0x0000005dced00000,0x0000005dcee00000) (1024K)]
  0x000001b37920bf40 JavaThread "Cache worker for Build Output Cleanup Cache (C:\Users\HP\AndroidStudioProjects\MyRealApp\.gradle\buildOutputCleanup)"        [_thread_blocked, id=22524, stack(0x0000005dcee00000,0x0000005dcef00000) (1024K)]
  0x000001b37920b220 JavaThread "Cache worker for cache directory md-supplier (C:\Users\HP\.gradle\caches\9.4.1\md-supplier)"        [_thread_blocked, id=29744, stack(0x0000005dcef00000,0x0000005dcf000000) (1024K)]
  0x000001b37920d2f0 JavaThread "Cache worker for cache directory md-rule (C:\Users\HP\.gradle\caches\9.4.1\md-rule)"        [_thread_blocked, id=35716, stack(0x0000005dcf000000,0x0000005dcf100000) (1024K)]
  0x000001b379210e00 JavaThread "Build operations"                  [_thread_blocked, id=22848, stack(0x0000005dcf700000,0x0000005dcf800000) (1024K)]
  0x000001b37920ed30 JavaThread "Build operations Thread 2"         [_thread_blocked, id=21952, stack(0x0000005dcf900000,0x0000005dcfa00000) (1024K)]
  0x000001b379211490 JavaThread "Build operations Thread 3"         [_thread_blocked, id=32416, stack(0x0000005dcfa00000,0x0000005dcfb00000) (1024K)]
  0x000001b37920f3c0 JavaThread "Build operations Thread 4"         [_thread_blocked, id=3036, stack(0x0000005dcfb00000,0x0000005dcfc00000) (1024K)]
  0x000001b379211b20 JavaThread "Configuration cache report writer"        [_thread_blocked, id=15888, stack(0x0000005dcfc00000,0x0000005dcfd00000) (1024K)]
  0x000001b37b12e2f0 JavaThread "build event listener"              [_thread_blocked, id=15760, stack(0x0000005dd0000000,0x0000005dd0100000) (1024K)]
  0x000001b37b131770 JavaThread "build event listener"              [_thread_blocked, id=40420, stack(0x0000005dcff00000,0x0000005dd0000000) (1024K)]
  0x000001b376d65460 JavaThread "included builds"                   [_thread_blocked, id=29972, stack(0x0000005dd0100000,0x0000005dd0200000) (1024K)]
  0x000001b376d61fe0 JavaThread "Execution worker"                  [_thread_blocked, id=37636, stack(0x0000005dd0200000,0x0000005dd0300000) (1024K)]
  0x000001b307c17b10 JavaThread "Execution worker Thread 2"         [_thread_blocked, id=3996, stack(0x0000005dd0300000,0x0000005dd0400000) (1024K)]
  0x000001b307c19550 JavaThread "Execution worker Thread 3"         [_thread_blocked, id=31640, stack(0x0000005dd0400000,0x0000005dd0500000) (1024K)]
  0x000001b307c18830 JavaThread "Cache worker for execution history cache (C:\Users\HP\AndroidStudioProjects\MyRealApp\.gradle\9.4.1\executionHistory)"        [_thread_blocked, id=13960, stack(0x0000005dd0800000,0x0000005dd0900000) (1024K)]
  0x000001b377ae45f0 JavaThread "WorkerExecutor Queue"              [_thread_blocked, id=40900, stack(0x0000005dd0900000,0x0000005dd0a00000) (1024K)]
  0x000001b306f337c0 JavaThread "WorkerExecutor Queue Thread 2"        [_thread_blocked, id=19944, stack(0x0000005dd0a00000,0x0000005dd0b00000) (1024K)]
  0x000001b306f31d80 JavaThread "WorkerExecutor Queue Thread 3"        [_thread_blocked, id=4856, stack(0x0000005dd0d00000,0x0000005dd0e00000) (1024K)]
  0x000001b378f1c360 JavaThread "WorkerExecutor Queue Thread 4"        [_thread_blocked, id=39136, stack(0x0000005dd0e00000,0x0000005dd0f00000) (1024K)]
  0x000001b37778ebe0 JavaThread "pool-10-thread-1"                  [_thread_blocked, id=21792, stack(0x0000005dd0f00000,0x0000005dd1000000) (1024K)]
  0x000001b3777919d0 JavaThread "stderr"                            [_thread_in_native, id=38320, stack(0x0000005dd1000000,0x0000005dd1100000) (1024K)]
  0x000001b3777926f0 JavaThread "stdout"                            [_thread_in_native, id=12616, stack(0x0000005dd1200000,0x0000005dd1300000) (1024K)]
  0x000001b377ae38d0 JavaThread "RMI RenewClean-[127.0.0.1:17390,org.jetbrains.kotlin.daemon.common.LoopbackNetworkInterface$ClientLoopbackSocketFactory@18645ad6]" daemon [_thread_blocked, id=37812, stack(0x0000005dd1600000,0x0000005dd1700000) (1024K)]
  0x000001b37920e6a0 JavaThread "RMI TCP Connection(26)-127.0.0.1" daemon [_thread_in_native, id=18040, stack(0x0000005dd1900000,0x0000005dd1a00000) (1024K)]
  0x000001b37b12e980 JavaThread "RMI TCP Connection(idle)"   daemon [_thread_blocked, id=5868, stack(0x0000005dd1500000,0x0000005dd1600000) (1024K)]
Total: 68

Other Threads:
=>0x000001b36ec4df40 VMThread "VM Thread"                           [id=10820, stack(0x0000005dcd200000,0x0000005dcd300000) (1024K)]
  0x000001b36ec36d20 WatcherThread "VM Periodic Task Thread"        [id=33488, stack(0x0000005dcd100000,0x0000005dcd200000) (1024K)]
  0x000001b352ec2500 WorkerThread "GC Thread#0"                     [id=31300, stack(0x0000005dccc00000,0x0000005dccd00000) (1024K)]
  0x000001b3739009f0 WorkerThread "GC Thread#1"                     [id=17548, stack(0x0000005dcde00000,0x0000005dcdf00000) (1024K)]
  0x000001b373706070 WorkerThread "GC Thread#2"                     [id=13904, stack(0x0000005dcdf00000,0x0000005dce000000) (1024K)]
  0x000001b373706420 WorkerThread "GC Thread#3"                     [id=24444, stack(0x0000005dce000000,0x0000005dce100000) (1024K)]
  0x000001b352ecf400 ConcurrentGCThread "G1 Main Marker"            [id=5748, stack(0x0000005dccd00000,0x0000005dcce00000) (1024K)]
  0x000001b352ed1470 WorkerThread "G1 Conc#0"                       [id=27896, stack(0x0000005dcce00000,0x0000005dccf00000) (1024K)]
  0x000001b352efe670 ConcurrentGCThread "G1 Refine#0"               [id=28320, stack(0x0000005dccf00000,0x0000005dcd000000) (1024K)]
  0x000001b3057a9c80 ConcurrentGCThread "G1 Refine#1"               [id=18332, stack(0x0000005dcc800000,0x0000005dcc900000) (1024K)]
  0x000001b3057aadc0 ConcurrentGCThread "G1 Refine#2"               [id=13748, stack(0x0000005dd0600000,0x0000005dd0700000) (1024K)]
  0x000001b3057ab660 ConcurrentGCThread "G1 Refine#3"               [id=33404, stack(0x0000005dd0700000,0x0000005dd0800000) (1024K)]
  0x000001b36eb09270 ConcurrentGCThread "G1 Service"                [id=26432, stack(0x0000005dcd000000,0x0000005dcd100000) (1024K)]
Total: 13

Threads with active compile tasks:
Total: 0

VM state: at safepoint (normal execution)

VM Mutex/Monitor currently owned by a thread:  ([mutex/lock_event])
[0x00007ff92ab086d0] Threads_lock - owner thread: 0x000001b36ec4df40
[0x00007ff92ab087d0] Heap_lock - owner thread: 0x000001b307c17b10

Heap address: 0x0000000680000000, size: 6144 MB, Compressed Oops mode: Zero based, Oop shift amount: 3

CDS archive(s) not mapped
Compressed class space mapped at: 0x0000000800000000-0x0000000834000000, reserved size: 872415232
Narrow klass base: 0x0000000800000000, Narrow klass shift: 0, Narrow klass range: 0x34000000

GC Precious Log:
 CardTable entry size: 512
 Card Set container configuration: InlinePtr #cards 4 size 8 Array Of Cards #cards 32 size 80 Howl #buckets 8 coarsen threshold 7372 Howl Bitmap #cards 1024 size 144 coarsen threshold 921 Card regions per heap region 1 cards per card region 8192
 CPUs: 4 total, 4 available
 Memory: 16262M
 Large Page Support: Disabled
 NUMA Support: Disabled
 Compressed Oops: Enabled (Zero based)
 Heap Region Size: 4M
 Heap Min Capacity: 8M
 Heap Initial Capacity: 256M
 Heap Max Capacity: 6G
 Pre-touch: Disabled
 Parallel Workers: 4
 Concurrent Workers: 1
 Concurrent Refinement Workers: 4
 Periodic GC: Disabled

Heap:
 garbage-first heap   total 1331200K, used 479782K [0x0000000680000000, 0x0000000800000000)
  region size 4096K, 4 young (16384K), 4 survivors (16384K)
 Metaspace       used 221575K, committed 224768K, reserved 1048576K
  class space    used 29420K, committed 31040K, reserved 851968K

Heap Regions: E=young(eden), S=young(survivor), O=old, HS=humongous(starts), HC=humongous(continues), CS=collection set, F=free, TAMS=top-at-mark-start, PB=parsable bottom
|   0|0x0000000680000000, 0x0000000680400000, 0x0000000680400000|100%|HS|  |TAMS 0x0000000680000000| PB 0x0000000680000000| Complete 
|   1|0x0000000680400000, 0x0000000680800000, 0x0000000680800000|100%| O|  |TAMS 0x0000000680400000| PB 0x0000000680400000| Untracked 
|   2|0x0000000680800000, 0x0000000680c00000, 0x0000000680c00000|100%| O|  |TAMS 0x0000000680800000| PB 0x0000000680800000| Untracked 
|   3|0x0000000680c00000, 0x0000000681000000, 0x0000000681000000|100%| O|  |TAMS 0x0000000680c00000| PB 0x0000000680c00000| Untracked 
|   4|0x0000000681000000, 0x0000000681400000, 0x0000000681400000|100%| O|  |TAMS 0x0000000681000000| PB 0x0000000681000000| Untracked 
|   5|0x0000000681400000, 0x0000000681800000, 0x0000000681800000|100%| O|  |TAMS 0x0000000681400000| PB 0x0000000681400000| Untracked 
|   6|0x0000000681800000, 0x0000000681c00000, 0x0000000681c00000|100%| O|  |TAMS 0x0000000681800000| PB 0x0000000681800000| Untracked 
|   7|0x0000000681c00000, 0x0000000682000000, 0x0000000682000000|100%| O|  |TAMS 0x0000000681c00000| PB 0x0000000681c00000| Untracked 
|   8|0x0000000682000000, 0x0000000682400000, 0x0000000682400000|100%| O|  |TAMS 0x0000000682000000| PB 0x0000000682000000| Untracked 
|   9|0x0000000682400000, 0x0000000682800000, 0x0000000682800000|100%| O|  |TAMS 0x0000000682400000| PB 0x0000000682400000| Untracked 
|  10|0x0000000682800000, 0x0000000682c00000, 0x0000000682c00000|100%| O|  |TAMS 0x0000000682800000| PB 0x0000000682800000| Untracked 
|  11|0x0000000682c00000, 0x0000000683000000, 0x0000000683000000|100%| O|  |TAMS 0x0000000682c00000| PB 0x0000000682c00000| Untracked 
|  12|0x0000000683000000, 0x0000000683400000, 0x0000000683400000|100%| O|  |TAMS 0x0000000683000000| PB 0x0000000683000000| Untracked 
|  13|0x0000000683400000, 0x0000000683800000, 0x0000000683800000|100%| O|  |TAMS 0x0000000683400000| PB 0x0000000683400000| Untracked 
|  14|0x0000000683800000, 0x0000000683c00000, 0x0000000683c00000|100%| O|  |TAMS 0x0000000683800000| PB 0x0000000683800000| Untracked 
|  15|0x0000000683c00000, 0x0000000684000000, 0x0000000684000000|100%| O|  |TAMS 0x0000000683c00000| PB 0x0000000683c00000| Untracked 
|  16|0x0000000684000000, 0x0000000684400000, 0x0000000684400000|100%| O|  |TAMS 0x0000000684000000| PB 0x0000000684000000| Untracked 
|  17|0x0000000684400000, 0x0000000684800000, 0x0000000684800000|100%| O|  |TAMS 0x0000000684400000| PB 0x0000000684400000| Untracked 
|  18|0x0000000684800000, 0x0000000684c00000, 0x0000000684c00000|100%| O|  |TAMS 0x0000000684800000| PB 0x0000000684800000| Untracked 
|  19|0x0000000684c00000, 0x0000000685000000, 0x0000000685000000|100%| O|  |TAMS 0x0000000684c00000| PB 0x0000000684c00000| Untracked 
|  20|0x0000000685000000, 0x0000000685400000, 0x0000000685400000|100%| O|  |TAMS 0x0000000685000000| PB 0x0000000685000000| Untracked 
|  21|0x0000000685400000, 0x0000000685800000, 0x0000000685800000|100%| O|  |TAMS 0x0000000685400000| PB 0x0000000685400000| Untracked 
|  22|0x0000000685800000, 0x0000000685c00000, 0x0000000685c00000|100%| O|  |TAMS 0x0000000685800000| PB 0x0000000685800000| Untracked 
|  23|0x0000000685c00000, 0x0000000686000000, 0x0000000686000000|100%| O|  |TAMS 0x0000000685c00000| PB 0x0000000685c00000| Untracked 
|  24|0x0000000686000000, 0x0000000686400000, 0x0000000686400000|100%| O|  |TAMS 0x0000000686000000| PB 0x0000000686000000| Untracked 
|  25|0x0000000686400000, 0x0000000686800000, 0x0000000686800000|100%| O|  |TAMS 0x0000000686400000| PB 0x0000000686400000| Untracked 
|  26|0x0000000686800000, 0x0000000686c00000, 0x0000000686c00000|100%| O|  |TAMS 0x0000000686800000| PB 0x0000000686800000| Untracked 
|  27|0x0000000686c00000, 0x0000000687000000, 0x0000000687000000|100%| O|  |TAMS 0x0000000686c00000| PB 0x0000000686c00000| Untracked 
|  28|0x0000000687000000, 0x0000000687400000, 0x0000000687400000|100%| O|  |TAMS 0x0000000687000000| PB 0x0000000687000000| Untracked 
|  29|0x0000000687400000, 0x0000000687800000, 0x0000000687800000|100%| O|  |TAMS 0x0000000687400000| PB 0x0000000687400000| Untracked 
|  30|0x0000000687800000, 0x0000000687c00000, 0x0000000687c00000|100%| O|  |TAMS 0x0000000687800000| PB 0x0000000687800000| Untracked 
|  31|0x0000000687c00000, 0x0000000688000000, 0x0000000688000000|100%| O|  |TAMS 0x0000000687c00000| PB 0x0000000687c00000| Untracked 
|  32|0x0000000688000000, 0x0000000688400000, 0x0000000688400000|100%| O|  |TAMS 0x0000000688000000| PB 0x0000000688000000| Untracked 
|  33|0x0000000688400000, 0x0000000688800000, 0x0000000688800000|100%| O|  |TAMS 0x0000000688400000| PB 0x0000000688400000| Untracked 
|  34|0x0000000688800000, 0x0000000688c00000, 0x0000000688c00000|100%| O|  |TAMS 0x0000000688800000| PB 0x0000000688800000| Untracked 
|  35|0x0000000688c00000, 0x0000000689000000, 0x0000000689000000|100%| O|  |TAMS 0x0000000688c00000| PB 0x0000000688c00000| Untracked 
|  36|0x0000000689000000, 0x0000000689400000, 0x0000000689400000|100%| O|  |TAMS 0x0000000689000000| PB 0x0000000689000000| Untracked 
|  37|0x0000000689400000, 0x0000000689800000, 0x0000000689800000|100%| O|  |TAMS 0x0000000689400000| PB 0x0000000689400000| Untracked 
|  38|0x0000000689800000, 0x0000000689c00000, 0x0000000689c00000|100%| O|  |TAMS 0x0000000689800000| PB 0x0000000689800000| Untracked 
|  39|0x0000000689c00000, 0x000000068a000000, 0x000000068a000000|100%| O|  |TAMS 0x0000000689c00000| PB 0x0000000689c00000| Untracked 
|  40|0x000000068a000000, 0x000000068a400000, 0x000000068a400000|100%| O|  |TAMS 0x000000068a000000| PB 0x000000068a000000| Untracked 
|  41|0x000000068a400000, 0x000000068a800000, 0x000000068a800000|100%| O|  |TAMS 0x000000068a400000| PB 0x000000068a400000| Untracked 
|  42|0x000000068a800000, 0x000000068ac00000, 0x000000068ac00000|100%| O|  |TAMS 0x000000068a800000| PB 0x000000068a800000| Untracked 
|  43|0x000000068ac00000, 0x000000068b000000, 0x000000068b000000|100%| O|  |TAMS 0x000000068ac00000| PB 0x000000068ac00000| Untracked 
|  44|0x000000068b000000, 0x000000068b400000, 0x000000068b400000|100%| O|  |TAMS 0x000000068b000000| PB 0x000000068b000000| Untracked 
|  45|0x000000068b400000, 0x000000068b800000, 0x000000068b800000|100%| O|  |TAMS 0x000000068b400000| PB 0x000000068b400000| Untracked 
|  46|0x000000068b800000, 0x000000068bc00000, 0x000000068bc00000|100%| O|  |TAMS 0x000000068b800000| PB 0x000000068b800000| Untracked 
|  47|0x000000068bc00000, 0x000000068c000000, 0x000000068c000000|100%| O|  |TAMS 0x000000068bc00000| PB 0x000000068bc00000| Untracked 
|  48|0x000000068c000000, 0x000000068c400000, 0x000000068c400000|100%| O|  |TAMS 0x000000068c000000| PB 0x000000068c000000| Untracked 
|  49|0x000000068c400000, 0x000000068c800000, 0x000000068c800000|100%| O|  |TAMS 0x000000068c400000| PB 0x000000068c400000| Untracked 
|  50|0x000000068c800000, 0x000000068cc00000, 0x000000068cc00000|100%| O|  |TAMS 0x000000068c800000| PB 0x000000068c800000| Untracked 
|  51|0x000000068cc00000, 0x000000068d000000, 0x000000068d000000|100%| O|  |TAMS 0x000000068cc00000| PB 0x000000068cc00000| Untracked 
|  52|0x000000068d000000, 0x000000068d400000, 0x000000068d400000|100%| O|  |TAMS 0x000000068d000000| PB 0x000000068d000000| Untracked 
|  53|0x000000068d400000, 0x000000068d800000, 0x000000068d800000|100%| O|  |TAMS 0x000000068d400000| PB 0x000000068d400000| Untracked 
|  54|0x000000068d800000, 0x000000068d800000, 0x000000068dc00000|  0%| F|  |TAMS 0x000000068d800000| PB 0x000000068d800000| Untracked 
|  55|0x000000068dc00000, 0x000000068e000000, 0x000000068e000000|100%| O|  |TAMS 0x000000068dc00000| PB 0x000000068dc00000| Untracked 
|  56|0x000000068e000000, 0x000000068e400000, 0x000000068e400000|100%| O|  |TAMS 0x000000068e000000| PB 0x000000068e000000| Untracked 
|  57|0x000000068e400000, 0x000000068e800000, 0x000000068e800000|100%| O|  |TAMS 0x000000068e400000| PB 0x000000068e400000| Untracked 
|  58|0x000000068e800000, 0x000000068ec00000, 0x000000068ec00000|100%|HS|  |TAMS 0x000000068e800000| PB 0x000000068e800000| Complete 
|  59|0x000000068ec00000, 0x000000068f000000, 0x000000068f000000|100%| O|  |TAMS 0x000000068ec00000| PB 0x000000068ec00000| Untracked 
|  60|0x000000068f000000, 0x000000068f400000, 0x000000068f400000|100%| O|Cm|TAMS 0x000000068f000000| PB 0x000000068f000000| Complete 
|  61|0x000000068f400000, 0x000000068f800000, 0x000000068f800000|100%| O|  |TAMS 0x000000068f400000| PB 0x000000068f400000| Untracked 
|  62|0x000000068f800000, 0x000000068fc00000, 0x000000068fc00000|100%| O|  |TAMS 0x000000068f800000| PB 0x000000068f800000| Untracked 
|  63|0x000000068fc00000, 0x0000000690000000, 0x0000000690000000|100%| O|  |TAMS 0x000000068fc00000| PB 0x000000068fc00000| Untracked 
|  64|0x0000000690000000, 0x0000000690400000, 0x0000000690400000|100%| O|  |TAMS 0x0000000690000000| PB 0x0000000690000000| Untracked 
|  65|0x0000000690400000, 0x0000000690800000, 0x0000000690800000|100%| O|  |TAMS 0x0000000690400000| PB 0x0000000690400000| Untracked 
|  66|0x0000000690800000, 0x0000000690c00000, 0x0000000690c00000|100%| O|  |TAMS 0x0000000690800000| PB 0x0000000690800000| Untracked 
|  67|0x0000000690c00000, 0x0000000691000000, 0x0000000691000000|100%| O|  |TAMS 0x0000000690c00000| PB 0x0000000690c00000| Untracked 
|  68|0x0000000691000000, 0x0000000691400000, 0x0000000691400000|100%| O|  |TAMS 0x0000000691000000| PB 0x0000000691000000| Untracked 
|  69|0x0000000691400000, 0x0000000691800000, 0x0000000691800000|100%| O|  |TAMS 0x0000000691400000| PB 0x0000000691400000| Untracked 
|  70|0x0000000691800000, 0x0000000691c00000, 0x0000000691c00000|100%| O|  |TAMS 0x0000000691800000| PB 0x0000000691800000| Untracked 
|  71|0x0000000691c00000, 0x0000000692000000, 0x0000000692000000|100%| O|Cm|TAMS 0x0000000691c00000| PB 0x0000000691c00000| Complete 
|  72|0x0000000692000000, 0x0000000692400000, 0x0000000692400000|100%| O|Cm|TAMS 0x0000000692000000| PB 0x0000000692000000| Complete 
|  73|0x0000000692400000, 0x0000000692800000, 0x0000000692800000|100%| O|  |TAMS 0x0000000692400000| PB 0x0000000692400000| Untracked 
|  74|0x0000000692800000, 0x0000000692c00000, 0x0000000692c00000|100%| O|  |TAMS 0x0000000692800000| PB 0x0000000692800000| Untracked 
|  75|0x0000000692c00000, 0x0000000693000000, 0x0000000693000000|100%| O|  |TAMS 0x0000000692c00000| PB 0x0000000692c00000| Untracked 
|  76|0x0000000693000000, 0x0000000693400000, 0x0000000693400000|100%| O|  |TAMS 0x0000000693000000| PB 0x0000000693000000| Untracked 
|  77|0x0000000693400000, 0x0000000693800000, 0x0000000693800000|100%| O|  |TAMS 0x0000000693400000| PB 0x0000000693400000| Untracked 
|  78|0x0000000693800000, 0x0000000693c00000, 0x0000000693c00000|100%| O|  |TAMS 0x0000000693800000| PB 0x0000000693800000| Untracked 
|  79|0x0000000693c00000, 0x0000000694000000, 0x0000000694000000|100%| O|  |TAMS 0x0000000693c00000| PB 0x0000000693c00000| Untracked 
|  80|0x0000000694000000, 0x0000000694400000, 0x0000000694400000|100%| O|  |TAMS 0x0000000694000000| PB 0x0000000694000000| Untracked 
|  81|0x0000000694400000, 0x0000000694800000, 0x0000000694800000|100%| O|  |TAMS 0x0000000694400000| PB 0x0000000694400000| Untracked 
|  82|0x0000000694800000, 0x0000000694c00000, 0x0000000694c00000|100%| O|  |TAMS 0x0000000694800000| PB 0x0000000694800000| Untracked 
|  83|0x0000000694c00000, 0x0000000695000000, 0x0000000695000000|100%| O|  |TAMS 0x0000000694c00000| PB 0x0000000694c00000| Untracked 
|  84|0x0000000695000000, 0x0000000695400000, 0x0000000695400000|100%| O|  |TAMS 0x0000000695000000| PB 0x0000000695000000| Untracked 
|  85|0x0000000695400000, 0x0000000695800000, 0x0000000695800000|100%| O|  |TAMS 0x0000000695400000| PB 0x0000000695400000| Untracked 
|  86|0x0000000695800000, 0x0000000695c00000, 0x0000000695c00000|100%| O|  |TAMS 0x0000000695800000| PB 0x0000000695800000| Untracked 
|  87|0x0000000695c00000, 0x0000000696000000, 0x0000000696000000|100%| O|  |TAMS 0x0000000695c00000| PB 0x0000000695c00000| Untracked 
|  88|0x0000000696000000, 0x0000000696400000, 0x0000000696400000|100%| O|  |TAMS 0x0000000696000000| PB 0x0000000696000000| Untracked 
|  89|0x0000000696400000, 0x0000000696800000, 0x0000000696800000|100%| O|  |TAMS 0x0000000696400000| PB 0x0000000696400000| Untracked 
|  90|0x0000000696800000, 0x0000000696c00000, 0x0000000696c00000|100%| O|  |TAMS 0x0000000696800000| PB 0x0000000696800000| Untracked 
|  91|0x0000000696c00000, 0x0000000697000000, 0x0000000697000000|100%| O|  |TAMS 0x0000000696c00000| PB 0x0000000696c00000| Untracked 
|  92|0x0000000697000000, 0x0000000697400000, 0x0000000697400000|100%| O|  |TAMS 0x0000000697000000| PB 0x0000000697000000| Untracked 
|  93|0x0000000697400000, 0x0000000697600000, 0x0000000697800000| 50%| O|  |TAMS 0x0000000697400000| PB 0x0000000697400000| Untracked 
|  94|0x0000000697800000, 0x0000000697c00000, 0x0000000697c00000|100%| O|  |TAMS 0x0000000697800000| PB 0x0000000697800000| Untracked 
|  95|0x0000000697c00000, 0x0000000698000000, 0x0000000698000000|100%| O|  |TAMS 0x0000000697c00000| PB 0x0000000697c00000| Untracked 
|  96|0x0000000698000000, 0x0000000698400000, 0x0000000698400000|100%| O|  |TAMS 0x0000000698000000| PB 0x0000000698000000| Untracked 
|  97|0x0000000698400000, 0x0000000698800000, 0x0000000698800000|100%| O|  |TAMS 0x0000000698400000| PB 0x0000000698400000| Untracked 
|  98|0x0000000698800000, 0x0000000698c00000, 0x0000000698c00000|100%| O|  |TAMS 0x0000000698800000| PB 0x0000000698800000| Untracked 
|  99|0x0000000698c00000, 0x0000000699000000, 0x0000000699000000|100%| O|  |TAMS 0x0000000698c00000| PB 0x0000000698c00000| Untracked 
| 100|0x0000000699000000, 0x0000000699400000, 0x0000000699400000|100%| O|  |TAMS 0x0000000699000000| PB 0x0000000699000000| Untracked 
| 101|0x0000000699400000, 0x0000000699800000, 0x0000000699800000|100%| O|  |TAMS 0x0000000699400000| PB 0x0000000699400000| Untracked 
| 102|0x0000000699800000, 0x0000000699c00000, 0x0000000699c00000|100%| O|  |TAMS 0x0000000699800000| PB 0x0000000699800000| Untracked 
| 103|0x0000000699c00000, 0x000000069a000000, 0x000000069a000000|100%| O|  |TAMS 0x0000000699c00000| PB 0x0000000699c00000| Untracked 
| 104|0x000000069a000000, 0x000000069a400000, 0x000000069a400000|100%| O|  |TAMS 0x000000069a000000| PB 0x000000069a000000| Untracked 
| 105|0x000000069a400000, 0x000000069a800000, 0x000000069a800000|100%| O|  |TAMS 0x000000069a400000| PB 0x000000069a400000| Untracked 
| 106|0x000000069a800000, 0x000000069ac00000, 0x000000069ac00000|100%| O|  |TAMS 0x000000069a800000| PB 0x000000069a800000| Untracked 
| 107|0x000000069ac00000, 0x000000069b000000, 0x000000069b000000|100%| O|  |TAMS 0x000000069ac00000| PB 0x000000069ac00000| Untracked 
| 108|0x000000069b000000, 0x000000069b400000, 0x000000069b400000|100%| O|  |TAMS 0x000000069b000000| PB 0x000000069b000000| Untracked 
| 109|0x000000069b400000, 0x000000069b800000, 0x000000069b800000|100%| O|  |TAMS 0x000000069b400000| PB 0x000000069b400000| Untracked 
| 110|0x000000069b800000, 0x000000069bc00000, 0x000000069bc00000|100%| O|  |TAMS 0x000000069b800000| PB 0x000000069b800000| Untracked 
| 111|0x000000069bc00000, 0x000000069c000000, 0x000000069c000000|100%| O|  |TAMS 0x000000069bc00000| PB 0x000000069bc00000| Untracked 
| 112|0x000000069c000000, 0x000000069c400000, 0x000000069c400000|100%| O|  |TAMS 0x000000069c000000| PB 0x000000069c000000| Untracked 
| 113|0x000000069c400000, 0x000000069c800000, 0x000000069c800000|100%| O|  |TAMS 0x000000069c400000| PB 0x000000069c400000| Untracked 
| 114|0x000000069c800000, 0x000000069ca89950, 0x000000069cc00000| 63%| O|  |TAMS 0x000000069c800000| PB 0x000000069c800000| Untracked 
| 115|0x000000069cc00000, 0x000000069cc00000, 0x000000069d000000|  0%| F|  |TAMS 0x000000069cc00000| PB 0x000000069cc00000| Untracked 
| 116|0x000000069d000000, 0x000000069d000000, 0x000000069d400000|  0%| F|  |TAMS 0x000000069d000000| PB 0x000000069d000000| Untracked 
| 117|0x000000069d400000, 0x000000069d400000, 0x000000069d800000|  0%| F|  |TAMS 0x000000069d400000| PB 0x000000069d400000| Untracked 
| 118|0x000000069d800000, 0x000000069d800000, 0x000000069dc00000|  0%| F|  |TAMS 0x000000069d800000| PB 0x000000069d800000| Untracked 
| 119|0x000000069dc00000, 0x000000069dc00000, 0x000000069e000000|  0%| F|  |TAMS 0x000000069dc00000| PB 0x000000069dc00000| Untracked 
| 120|0x000000069e000000, 0x000000069e000000, 0x000000069e400000|  0%| F|  |TAMS 0x000000069e000000| PB 0x000000069e000000| Untracked 
| 121|0x000000069e400000, 0x000000069e400000, 0x000000069e800000|  0%| F|  |TAMS 0x000000069e400000| PB 0x000000069e400000| Untracked 
| 122|0x000000069e800000, 0x000000069e800000, 0x000000069ec00000|  0%| F|  |TAMS 0x000000069e800000| PB 0x000000069e800000| Untracked 
| 123|0x000000069ec00000, 0x000000069ec00000, 0x000000069f000000|  0%| F|  |TAMS 0x000000069ec00000| PB 0x000000069ec00000| Untracked 
| 124|0x000000069f000000, 0x000000069f000000, 0x000000069f400000|  0%| F|  |TAMS 0x000000069f000000| PB 0x000000069f000000| Untracked 
| 125|0x000000069f400000, 0x000000069f400000, 0x000000069f800000|  0%| F|  |TAMS 0x000000069f400000| PB 0x000000069f400000| Untracked 
| 126|0x000000069f800000, 0x000000069f800000, 0x000000069fc00000|  0%| F|  |TAMS 0x000000069f800000| PB 0x000000069f800000| Untracked 
| 127|0x000000069fc00000, 0x000000069fc00000, 0x00000006a0000000|  0%| F|  |TAMS 0x000000069fc00000| PB 0x000000069fc00000| Untracked 
| 128|0x00000006a0000000, 0x00000006a0000000, 0x00000006a0400000|  0%| F|  |TAMS 0x00000006a0000000| PB 0x00000006a0000000| Untracked 
| 129|0x00000006a0400000, 0x00000006a0400000, 0x00000006a0800000|  0%| F|  |TAMS 0x00000006a0400000| PB 0x00000006a0400000| Untracked 
| 130|0x00000006a0800000, 0x00000006a0800000, 0x00000006a0c00000|  0%| F|  |TAMS 0x00000006a0800000| PB 0x00000006a0800000| Untracked 
| 131|0x00000006a0c00000, 0x00000006a0c00000, 0x00000006a1000000|  0%| F|  |TAMS 0x00000006a0c00000| PB 0x00000006a0c00000| Untracked 
| 132|0x00000006a1000000, 0x00000006a1000000, 0x00000006a1400000|  0%| F|  |TAMS 0x00000006a1000000| PB 0x00000006a1000000| Untracked 
| 133|0x00000006a1400000, 0x00000006a1400000, 0x00000006a1800000|  0%| F|  |TAMS 0x00000006a1400000| PB 0x00000006a1400000| Untracked 
| 134|0x00000006a1800000, 0x00000006a1800000, 0x00000006a1c00000|  0%| F|  |TAMS 0x00000006a1800000| PB 0x00000006a1800000| Untracked 
| 135|0x00000006a1c00000, 0x00000006a1c00000, 0x00000006a2000000|  0%| F|  |TAMS 0x00000006a1c00000| PB 0x00000006a1c00000| Untracked 
| 136|0x00000006a2000000, 0x00000006a2000000, 0x00000006a2400000|  0%| F|  |TAMS 0x00000006a2000000| PB 0x00000006a2000000| Untracked 
| 137|0x00000006a2400000, 0x00000006a2400000, 0x00000006a2800000|  0%| F|  |TAMS 0x00000006a2400000| PB 0x00000006a2400000| Untracked 
| 138|0x00000006a2800000, 0x00000006a2800000, 0x00000006a2c00000|  0%| F|  |TAMS 0x00000006a2800000| PB 0x00000006a2800000| Untracked 
| 139|0x00000006a2c00000, 0x00000006a2c00000, 0x00000006a3000000|  0%| F|  |TAMS 0x00000006a2c00000| PB 0x00000006a2c00000| Untracked 
| 140|0x00000006a3000000, 0x00000006a3000000, 0x00000006a3400000|  0%| F|  |TAMS 0x00000006a3000000| PB 0x00000006a3000000| Untracked 
| 141|0x00000006a3400000, 0x00000006a3400000, 0x00000006a3800000|  0%| F|  |TAMS 0x00000006a3400000| PB 0x00000006a3400000| Untracked 
| 142|0x00000006a3800000, 0x00000006a3800000, 0x00000006a3c00000|  0%| F|  |TAMS 0x00000006a3800000| PB 0x00000006a3800000| Untracked 
| 143|0x00000006a3c00000, 0x00000006a3c00000, 0x00000006a4000000|  0%| F|  |TAMS 0x00000006a3c00000| PB 0x00000006a3c00000| Untracked 
| 144|0x00000006a4000000, 0x00000006a4000000, 0x00000006a4400000|  0%| F|  |TAMS 0x00000006a4000000| PB 0x00000006a4000000| Untracked 
| 145|0x00000006a4400000, 0x00000006a4400000, 0x00000006a4800000|  0%| F|  |TAMS 0x00000006a4400000| PB 0x00000006a4400000| Untracked 
| 146|0x00000006a4800000, 0x00000006a4800000, 0x00000006a4c00000|  0%| F|  |TAMS 0x00000006a4800000| PB 0x00000006a4800000| Untracked 
| 147|0x00000006a4c00000, 0x00000006a4c00000, 0x00000006a5000000|  0%| F|  |TAMS 0x00000006a4c00000| PB 0x00000006a4c00000| Untracked 
| 148|0x00000006a5000000, 0x00000006a5000000, 0x00000006a5400000|  0%| F|  |TAMS 0x00000006a5000000| PB 0x00000006a5000000| Untracked 
| 149|0x00000006a5400000, 0x00000006a5400000, 0x00000006a5800000|  0%| F|  |TAMS 0x00000006a5400000| PB 0x00000006a5400000| Untracked 
| 150|0x00000006a5800000, 0x00000006a5800000, 0x00000006a5c00000|  0%| F|  |TAMS 0x00000006a5800000| PB 0x00000006a5800000| Untracked 
| 151|0x00000006a5c00000, 0x00000006a5c00000, 0x00000006a6000000|  0%| F|  |TAMS 0x00000006a5c00000| PB 0x00000006a5c00000| Untracked 
| 152|0x00000006a6000000, 0x00000006a6000000, 0x00000006a6400000|  0%| F|  |TAMS 0x00000006a6000000| PB 0x00000006a6000000| Untracked 
| 153|0x00000006a6400000, 0x00000006a6400000, 0x00000006a6800000|  0%| F|  |TAMS 0x00000006a6400000| PB 0x00000006a6400000| Untracked 
| 154|0x00000006a6800000, 0x00000006a6800000, 0x00000006a6c00000|  0%| F|  |TAMS 0x00000006a6800000| PB 0x00000006a6800000| Untracked 
| 155|0x00000006a6c00000, 0x00000006a6c00000, 0x00000006a7000000|  0%| F|  |TAMS 0x00000006a6c00000| PB 0x00000006a6c00000| Untracked 
| 156|0x00000006a7000000, 0x00000006a7000000, 0x00000006a7400000|  0%| F|  |TAMS 0x00000006a7000000| PB 0x00000006a7000000| Untracked 
| 157|0x00000006a7400000, 0x00000006a7400000, 0x00000006a7800000|  0%| F|  |TAMS 0x00000006a7400000| PB 0x00000006a7400000| Untracked 
| 158|0x00000006a7800000, 0x00000006a7800000, 0x00000006a7c00000|  0%| F|  |TAMS 0x00000006a7800000| PB 0x00000006a7800000| Untracked 
| 159|0x00000006a7c00000, 0x00000006a7c00000, 0x00000006a8000000|  0%| F|  |TAMS 0x00000006a7c00000| PB 0x00000006a7c00000| Untracked 
| 160|0x00000006a8000000, 0x00000006a8000000, 0x00000006a8400000|  0%| F|  |TAMS 0x00000006a8000000| PB 0x00000006a8000000| Untracked 
| 161|0x00000006a8400000, 0x00000006a8400000, 0x00000006a8800000|  0%| F|  |TAMS 0x00000006a8400000| PB 0x00000006a8400000| Untracked 
| 162|0x00000006a8800000, 0x00000006a8800000, 0x00000006a8c00000|  0%| F|  |TAMS 0x00000006a8800000| PB 0x00000006a8800000| Untracked 
| 163|0x00000006a8c00000, 0x00000006a8c00000, 0x00000006a9000000|  0%| F|  |TAMS 0x00000006a8c00000| PB 0x00000006a8c00000| Untracked 
| 164|0x00000006a9000000, 0x00000006a9000000, 0x00000006a9400000|  0%| F|  |TAMS 0x00000006a9000000| PB 0x00000006a9000000| Untracked 
| 165|0x00000006a9400000, 0x00000006a9400000, 0x00000006a9800000|  0%| F|  |TAMS 0x00000006a9400000| PB 0x00000006a9400000| Untracked 
| 166|0x00000006a9800000, 0x00000006a9800000, 0x00000006a9c00000|  0%| F|  |TAMS 0x00000006a9800000| PB 0x00000006a9800000| Untracked 
| 167|0x00000006a9c00000, 0x00000006a9c00000, 0x00000006aa000000|  0%| F|  |TAMS 0x00000006a9c00000| PB 0x00000006a9c00000| Untracked 
| 168|0x00000006aa000000, 0x00000006aa000000, 0x00000006aa400000|  0%| F|  |TAMS 0x00000006aa000000| PB 0x00000006aa000000| Untracked 
| 169|0x00000006aa400000, 0x00000006aa400000, 0x00000006aa800000|  0%| F|  |TAMS 0x00000006aa400000| PB 0x00000006aa400000| Untracked 
| 170|0x00000006aa800000, 0x00000006aa800000, 0x00000006aac00000|  0%| F|  |TAMS 0x00000006aa800000| PB 0x00000006aa800000| Untracked 
| 171|0x00000006aac00000, 0x00000006aac00000, 0x00000006ab000000|  0%| F|  |TAMS 0x00000006aac00000| PB 0x00000006aac00000| Untracked 
| 172|0x00000006ab000000, 0x00000006ab000000, 0x00000006ab400000|  0%| F|  |TAMS 0x00000006ab000000| PB 0x00000006ab000000| Untracked 
| 173|0x00000006ab400000, 0x00000006ab400000, 0x00000006ab800000|  0%| F|  |TAMS 0x00000006ab400000| PB 0x00000006ab400000| Untracked 
| 174|0x00000006ab800000, 0x00000006ab800000, 0x00000006abc00000|  0%| F|  |TAMS 0x00000006ab800000| PB 0x00000006ab800000| Untracked 
| 175|0x00000006abc00000, 0x00000006abc00000, 0x00000006ac000000|  0%| F|  |TAMS 0x00000006abc00000| PB 0x00000006abc00000| Untracked 
| 176|0x00000006ac000000, 0x00000006ac000000, 0x00000006ac400000|  0%| F|  |TAMS 0x00000006ac000000| PB 0x00000006ac000000| Untracked 
| 177|0x00000006ac400000, 0x00000006ac400000, 0x00000006ac800000|  0%| F|  |TAMS 0x00000006ac400000| PB 0x00000006ac400000| Untracked 
| 178|0x00000006ac800000, 0x00000006ac800000, 0x00000006acc00000|  0%| F|  |TAMS 0x00000006ac800000| PB 0x00000006ac800000| Untracked 
| 179|0x00000006acc00000, 0x00000006acc00000, 0x00000006ad000000|  0%| F|  |TAMS 0x00000006acc00000| PB 0x00000006acc00000| Untracked 
| 180|0x00000006ad000000, 0x00000006ad000000, 0x00000006ad400000|  0%| F|  |TAMS 0x00000006ad000000| PB 0x00000006ad000000| Untracked 
| 181|0x00000006ad400000, 0x00000006ad400000, 0x00000006ad800000|  0%| F|  |TAMS 0x00000006ad400000| PB 0x00000006ad400000| Untracked 
| 182|0x00000006ad800000, 0x00000006ad800000, 0x00000006adc00000|  0%| F|  |TAMS 0x00000006ad800000| PB 0x00000006ad800000| Untracked 
| 183|0x00000006adc00000, 0x00000006adc00000, 0x00000006ae000000|  0%| F|  |TAMS 0x00000006adc00000| PB 0x00000006adc00000| Untracked 
| 184|0x00000006ae000000, 0x00000006ae000000, 0x00000006ae400000|  0%| F|  |TAMS 0x00000006ae000000| PB 0x00000006ae000000| Untracked 
| 185|0x00000006ae400000, 0x00000006ae400000, 0x00000006ae800000|  0%| F|  |TAMS 0x00000006ae400000| PB 0x00000006ae400000| Untracked 
| 186|0x00000006ae800000, 0x00000006ae800000, 0x00000006aec00000|  0%| F|  |TAMS 0x00000006ae800000| PB 0x00000006ae800000| Untracked 
| 187|0x00000006aec00000, 0x00000006aec00000, 0x00000006af000000|  0%| F|  |TAMS 0x00000006aec00000| PB 0x00000006aec00000| Untracked 
| 188|0x00000006af000000, 0x00000006af000000, 0x00000006af400000|  0%| F|  |TAMS 0x00000006af000000| PB 0x00000006af000000| Untracked 
| 189|0x00000006af400000, 0x00000006af400000, 0x00000006af800000|  0%| F|  |TAMS 0x00000006af400000| PB 0x00000006af400000| Untracked 
| 190|0x00000006af800000, 0x00000006af800000, 0x00000006afc00000|  0%| F|  |TAMS 0x00000006af800000| PB 0x00000006af800000| Untracked 
| 191|0x00000006afc00000, 0x00000006afc00000, 0x00000006b0000000|  0%| F|  |TAMS 0x00000006afc00000| PB 0x00000006afc00000| Untracked 
| 192|0x00000006b0000000, 0x00000006b0000000, 0x00000006b0400000|  0%| F|  |TAMS 0x00000006b0000000| PB 0x00000006b0000000| Untracked 
| 193|0x00000006b0400000, 0x00000006b0400000, 0x00000006b0800000|  0%| F|  |TAMS 0x00000006b0400000| PB 0x00000006b0400000| Untracked 
| 194|0x00000006b0800000, 0x00000006b0800000, 0x00000006b0c00000|  0%| F|  |TAMS 0x00000006b0800000| PB 0x00000006b0800000| Untracked 
| 195|0x00000006b0c00000, 0x00000006b0c00000, 0x00000006b1000000|  0%| F|  |TAMS 0x00000006b0c00000| PB 0x00000006b0c00000| Untracked 
| 196|0x00000006b1000000, 0x00000006b1000000, 0x00000006b1400000|  0%| F|  |TAMS 0x00000006b1000000| PB 0x00000006b1000000| Untracked 
| 197|0x00000006b1400000, 0x00000006b1400000, 0x00000006b1800000|  0%| F|  |TAMS 0x00000006b1400000| PB 0x00000006b1400000| Untracked 
| 198|0x00000006b1800000, 0x00000006b1800000, 0x00000006b1c00000|  0%| F|  |TAMS 0x00000006b1800000| PB 0x00000006b1800000| Untracked 
| 199|0x00000006b1c00000, 0x00000006b1c00000, 0x00000006b2000000|  0%| F|  |TAMS 0x00000006b1c00000| PB 0x00000006b1c00000| Untracked 
| 200|0x00000006b2000000, 0x00000006b2000000, 0x00000006b2400000|  0%| F|  |TAMS 0x00000006b2000000| PB 0x00000006b2000000| Untracked 
| 201|0x00000006b2400000, 0x00000006b2400000, 0x00000006b2800000|  0%| F|  |TAMS 0x00000006b2400000| PB 0x00000006b2400000| Untracked 
| 202|0x00000006b2800000, 0x00000006b2800000, 0x00000006b2c00000|  0%| F|  |TAMS 0x00000006b2800000| PB 0x00000006b2800000| Untracked 
| 203|0x00000006b2c00000, 0x00000006b2c00000, 0x00000006b3000000|  0%| F|  |TAMS 0x00000006b2c00000| PB 0x00000006b2c00000| Untracked 
| 204|0x00000006b3000000, 0x00000006b3000000, 0x00000006b3400000|  0%| F|  |TAMS 0x00000006b3000000| PB 0x00000006b3000000| Untracked 
| 205|0x00000006b3400000, 0x00000006b3400000, 0x00000006b3800000|  0%| F|  |TAMS 0x00000006b3400000| PB 0x00000006b3400000| Untracked 
| 206|0x00000006b3800000, 0x00000006b3800000, 0x00000006b3c00000|  0%| F|  |TAMS 0x00000006b3800000| PB 0x00000006b3800000| Untracked 
| 207|0x00000006b3c00000, 0x00000006b3c00000, 0x00000006b4000000|  0%| F|  |TAMS 0x00000006b3c00000| PB 0x00000006b3c00000| Untracked 
| 208|0x00000006b4000000, 0x00000006b4000000, 0x00000006b4400000|  0%| F|  |TAMS 0x00000006b4000000| PB 0x00000006b4000000| Untracked 
| 209|0x00000006b4400000, 0x00000006b4400000, 0x00000006b4800000|  0%| F|  |TAMS 0x00000006b4400000| PB 0x00000006b4400000| Untracked 
| 210|0x00000006b4800000, 0x00000006b4800000, 0x00000006b4c00000|  0%| F|  |TAMS 0x00000006b4800000| PB 0x00000006b4800000| Untracked 
| 211|0x00000006b4c00000, 0x00000006b4c00000, 0x00000006b5000000|  0%| F|  |TAMS 0x00000006b4c00000| PB 0x00000006b4c00000| Untracked 
| 212|0x00000006b5000000, 0x00000006b5000000, 0x00000006b5400000|  0%| F|  |TAMS 0x00000006b5000000| PB 0x00000006b5000000| Untracked 
| 213|0x00000006b5400000, 0x00000006b5400000, 0x00000006b5800000|  0%| F|  |TAMS 0x00000006b5400000| PB 0x00000006b5400000| Untracked 
| 214|0x00000006b5800000, 0x00000006b5800000, 0x00000006b5c00000|  0%| F|  |TAMS 0x00000006b5800000| PB 0x00000006b5800000| Untracked 
| 215|0x00000006b5c00000, 0x00000006b5c00000, 0x00000006b6000000|  0%| F|  |TAMS 0x00000006b5c00000| PB 0x00000006b5c00000| Untracked 
| 216|0x00000006b6000000, 0x00000006b6000000, 0x00000006b6400000|  0%| F|  |TAMS 0x00000006b6000000| PB 0x00000006b6000000| Untracked 
| 217|0x00000006b6400000, 0x00000006b6400000, 0x00000006b6800000|  0%| F|  |TAMS 0x00000006b6400000| PB 0x00000006b6400000| Untracked 
| 218|0x00000006b6800000, 0x00000006b6800000, 0x00000006b6c00000|  0%| F|  |TAMS 0x00000006b6800000| PB 0x00000006b6800000| Untracked 
| 219|0x00000006b6c00000, 0x00000006b6c00000, 0x00000006b7000000|  0%| F|  |TAMS 0x00000006b6c00000| PB 0x00000006b6c00000| Untracked 
| 220|0x00000006b7000000, 0x00000006b7000000, 0x00000006b7400000|  0%| F|  |TAMS 0x00000006b7000000| PB 0x00000006b7000000| Untracked 
| 221|0x00000006b7400000, 0x00000006b7400000, 0x00000006b7800000|  0%| F|  |TAMS 0x00000006b7400000| PB 0x00000006b7400000| Untracked 
| 222|0x00000006b7800000, 0x00000006b7800000, 0x00000006b7c00000|  0%| F|  |TAMS 0x00000006b7800000| PB 0x00000006b7800000| Untracked 
| 223|0x00000006b7c00000, 0x00000006b7c00000, 0x00000006b8000000|  0%| F|  |TAMS 0x00000006b7c00000| PB 0x00000006b7c00000| Untracked 
| 224|0x00000006b8000000, 0x00000006b8000000, 0x00000006b8400000|  0%| F|  |TAMS 0x00000006b8000000| PB 0x00000006b8000000| Untracked 
| 225|0x00000006b8400000, 0x00000006b8400000, 0x00000006b8800000|  0%| F|  |TAMS 0x00000006b8400000| PB 0x00000006b8400000| Untracked 
| 226|0x00000006b8800000, 0x00000006b8800000, 0x00000006b8c00000|  0%| F|  |TAMS 0x00000006b8800000| PB 0x00000006b8800000| Untracked 
| 227|0x00000006b8c00000, 0x00000006b8c00000, 0x00000006b9000000|  0%| F|  |TAMS 0x00000006b8c00000| PB 0x00000006b8c00000| Untracked 
| 228|0x00000006b9000000, 0x00000006b9000000, 0x00000006b9400000|  0%| F|  |TAMS 0x00000006b9000000| PB 0x00000006b9000000| Untracked 
| 229|0x00000006b9400000, 0x00000006b9400000, 0x00000006b9800000|  0%| F|  |TAMS 0x00000006b9400000| PB 0x00000006b9400000| Untracked 
| 230|0x00000006b9800000, 0x00000006b9800000, 0x00000006b9c00000|  0%| F|  |TAMS 0x00000006b9800000| PB 0x00000006b9800000| Untracked 
| 231|0x00000006b9c00000, 0x00000006b9c00000, 0x00000006ba000000|  0%| F|  |TAMS 0x00000006b9c00000| PB 0x00000006b9c00000| Untracked 
| 232|0x00000006ba000000, 0x00000006ba000000, 0x00000006ba400000|  0%| F|  |TAMS 0x00000006ba000000| PB 0x00000006ba000000| Untracked 
| 233|0x00000006ba400000, 0x00000006ba400000, 0x00000006ba800000|  0%| F|  |TAMS 0x00000006ba400000| PB 0x00000006ba400000| Untracked 
| 234|0x00000006ba800000, 0x00000006ba800000, 0x00000006bac00000|  0%| F|  |TAMS 0x00000006ba800000| PB 0x00000006ba800000| Untracked 
| 235|0x00000006bac00000, 0x00000006bac00000, 0x00000006bb000000|  0%| F|  |TAMS 0x00000006bac00000| PB 0x00000006bac00000| Untracked 
| 236|0x00000006bb000000, 0x00000006bb000000, 0x00000006bb400000|  0%| F|  |TAMS 0x00000006bb000000| PB 0x00000006bb000000| Untracked 
| 237|0x00000006bb400000, 0x00000006bb400000, 0x00000006bb800000|  0%| F|  |TAMS 0x00000006bb400000| PB 0x00000006bb400000| Untracked 
| 238|0x00000006bb800000, 0x00000006bb800000, 0x00000006bbc00000|  0%| F|  |TAMS 0x00000006bb800000| PB 0x00000006bb800000| Untracked 
| 239|0x00000006bbc00000, 0x00000006bbc00000, 0x00000006bc000000|  0%| F|  |TAMS 0x00000006bbc00000| PB 0x00000006bbc00000| Untracked 
| 240|0x00000006bc000000, 0x00000006bc000000, 0x00000006bc400000|  0%| F|  |TAMS 0x00000006bc000000| PB 0x00000006bc000000| Untracked 
| 241|0x00000006bc400000, 0x00000006bc400000, 0x00000006bc800000|  0%| F|  |TAMS 0x00000006bc400000| PB 0x00000006bc400000| Untracked 
| 242|0x00000006bc800000, 0x00000006bc800000, 0x00000006bcc00000|  0%| F|  |TAMS 0x00000006bc800000| PB 0x00000006bc800000| Untracked 
| 243|0x00000006bcc00000, 0x00000006bcc00000, 0x00000006bd000000|  0%| F|  |TAMS 0x00000006bcc00000| PB 0x00000006bcc00000| Untracked 
| 244|0x00000006bd000000, 0x00000006bd000000, 0x00000006bd400000|  0%| F|  |TAMS 0x00000006bd000000| PB 0x00000006bd000000| Untracked 
| 245|0x00000006bd400000, 0x00000006bd400000, 0x00000006bd800000|  0%| F|  |TAMS 0x00000006bd400000| PB 0x00000006bd400000| Untracked 
| 246|0x00000006bd800000, 0x00000006bd800000, 0x00000006bdc00000|  0%| F|  |TAMS 0x00000006bd800000| PB 0x00000006bd800000| Untracked 
| 247|0x00000006bdc00000, 0x00000006bdc00000, 0x00000006be000000|  0%| F|  |TAMS 0x00000006bdc00000| PB 0x00000006bdc00000| Untracked 
| 248|0x00000006be000000, 0x00000006be000000, 0x00000006be400000|  0%| F|  |TAMS 0x00000006be000000| PB 0x00000006be000000| Untracked 
| 249|0x00000006be400000, 0x00000006be400000, 0x00000006be800000|  0%| F|  |TAMS 0x00000006be400000| PB 0x00000006be400000| Untracked 
| 250|0x00000006be800000, 0x00000006be800000, 0x00000006bec00000|  0%| F|  |TAMS 0x00000006be800000| PB 0x00000006be800000| Untracked 
| 251|0x00000006bec00000, 0x00000006bec00000, 0x00000006bf000000|  0%| F|  |TAMS 0x00000006bec00000| PB 0x00000006bec00000| Untracked 
| 252|0x00000006bf000000, 0x00000006bf000000, 0x00000006bf400000|  0%| F|  |TAMS 0x00000006bf000000| PB 0x00000006bf000000| Untracked 
| 253|0x00000006bf400000, 0x00000006bf400000, 0x00000006bf800000|  0%| F|  |TAMS 0x00000006bf400000| PB 0x00000006bf400000| Untracked 
| 254|0x00000006bf800000, 0x00000006bf800000, 0x00000006bfc00000|  0%| F|  |TAMS 0x00000006bf800000| PB 0x00000006bf800000| Untracked 
| 255|0x00000006bfc00000, 0x00000006bfc00000, 0x00000006c0000000|  0%| F|  |TAMS 0x00000006bfc00000| PB 0x00000006bfc00000| Untracked 
| 256|0x00000006c0000000, 0x00000006c0000000, 0x00000006c0400000|  0%| F|  |TAMS 0x00000006c0000000| PB 0x00000006c0000000| Untracked 
| 257|0x00000006c0400000, 0x00000006c0400000, 0x00000006c0800000|  0%| F|  |TAMS 0x00000006c0400000| PB 0x00000006c0400000| Untracked 
| 258|0x00000006c0800000, 0x00000006c0800000, 0x00000006c0c00000|  0%| F|  |TAMS 0x00000006c0800000| PB 0x00000006c0800000| Untracked 
| 259|0x00000006c0c00000, 0x00000006c0c00000, 0x00000006c1000000|  0%| F|  |TAMS 0x00000006c0c00000| PB 0x00000006c0c00000| Untracked 
| 260|0x00000006c1000000, 0x00000006c1000000, 0x00000006c1400000|  0%| F|  |TAMS 0x00000006c1000000| PB 0x00000006c1000000| Untracked 
| 261|0x00000006c1400000, 0x00000006c1400000, 0x00000006c1800000|  0%| F|  |TAMS 0x00000006c1400000| PB 0x00000006c1400000| Untracked 
| 262|0x00000006c1800000, 0x00000006c1800000, 0x00000006c1c00000|  0%| F|  |TAMS 0x00000006c1800000| PB 0x00000006c1800000| Untracked 
| 263|0x00000006c1c00000, 0x00000006c1c00000, 0x00000006c2000000|  0%| F|  |TAMS 0x00000006c1c00000| PB 0x00000006c1c00000| Untracked 
| 264|0x00000006c2000000, 0x00000006c2000000, 0x00000006c2400000|  0%| F|  |TAMS 0x00000006c2000000| PB 0x00000006c2000000| Untracked 
| 265|0x00000006c2400000, 0x00000006c2400000, 0x00000006c2800000|  0%| F|  |TAMS 0x00000006c2400000| PB 0x00000006c2400000| Untracked 
| 266|0x00000006c2800000, 0x00000006c2800000, 0x00000006c2c00000|  0%| F|  |TAMS 0x00000006c2800000| PB 0x00000006c2800000| Untracked 
| 267|0x00000006c2c00000, 0x00000006c2c00000, 0x00000006c3000000|  0%| F|  |TAMS 0x00000006c2c00000| PB 0x00000006c2c00000| Untracked 
| 268|0x00000006c3000000, 0x00000006c3000000, 0x00000006c3400000|  0%| F|  |TAMS 0x00000006c3000000| PB 0x00000006c3000000| Untracked 
| 269|0x00000006c3400000, 0x00000006c3400000, 0x00000006c3800000|  0%| F|  |TAMS 0x00000006c3400000| PB 0x00000006c3400000| Untracked 
| 270|0x00000006c3800000, 0x00000006c3800000, 0x00000006c3c00000|  0%| F|  |TAMS 0x00000006c3800000| PB 0x00000006c3800000| Untracked 
| 271|0x00000006c3c00000, 0x00000006c3c00000, 0x00000006c4000000|  0%| F|  |TAMS 0x00000006c3c00000| PB 0x00000006c3c00000| Untracked 
| 272|0x00000006c4000000, 0x00000006c4000000, 0x00000006c4400000|  0%| F|  |TAMS 0x00000006c4000000| PB 0x00000006c4000000| Untracked 
| 273|0x00000006c4400000, 0x00000006c4400000, 0x00000006c4800000|  0%| F|  |TAMS 0x00000006c4400000| PB 0x00000006c4400000| Untracked 
| 274|0x00000006c4800000, 0x00000006c4800000, 0x00000006c4c00000|  0%| F|  |TAMS 0x00000006c4800000| PB 0x00000006c4800000| Untracked 
| 275|0x00000006c4c00000, 0x00000006c4c00000, 0x00000006c5000000|  0%| F|  |TAMS 0x00000006c4c00000| PB 0x00000006c4c00000| Untracked 
| 276|0x00000006c5000000, 0x00000006c5000000, 0x00000006c5400000|  0%| F|  |TAMS 0x00000006c5000000| PB 0x00000006c5000000| Untracked 
| 277|0x00000006c5400000, 0x00000006c5400000, 0x00000006c5800000|  0%| F|  |TAMS 0x00000006c5400000| PB 0x00000006c5400000| Untracked 
| 278|0x00000006c5800000, 0x00000006c5800000, 0x00000006c5c00000|  0%| F|  |TAMS 0x00000006c5800000| PB 0x00000006c5800000| Untracked 
| 279|0x00000006c5c00000, 0x00000006c5c00000, 0x00000006c6000000|  0%| F|  |TAMS 0x00000006c5c00000| PB 0x00000006c5c00000| Untracked 
| 280|0x00000006c6000000, 0x00000006c6000000, 0x00000006c6400000|  0%| F|  |TAMS 0x00000006c6000000| PB 0x00000006c6000000| Untracked 
| 281|0x00000006c6400000, 0x00000006c6400000, 0x00000006c6800000|  0%| F|  |TAMS 0x00000006c6400000| PB 0x00000006c6400000| Untracked 
| 282|0x00000006c6800000, 0x00000006c6800000, 0x00000006c6c00000|  0%| F|  |TAMS 0x00000006c6800000| PB 0x00000006c6800000| Untracked 
| 283|0x00000006c6c00000, 0x00000006c6c00000, 0x00000006c7000000|  0%| F|  |TAMS 0x00000006c6c00000| PB 0x00000006c6c00000| Untracked 
| 284|0x00000006c7000000, 0x00000006c7000000, 0x00000006c7400000|  0%| F|  |TAMS 0x00000006c7000000| PB 0x00000006c7000000| Untracked 
| 285|0x00000006c7400000, 0x00000006c7400000, 0x00000006c7800000|  0%| F|  |TAMS 0x00000006c7400000| PB 0x00000006c7400000| Untracked 
| 286|0x00000006c7800000, 0x00000006c7c00000, 0x00000006c7c00000|100%| S|CS|TAMS 0x00000006c7800000| PB 0x00000006c7800000| Complete 
| 287|0x00000006c7c00000, 0x00000006c8000000, 0x00000006c8000000|100%| S|CS|TAMS 0x00000006c7c00000| PB 0x00000006c7c00000| Complete 
| 288|0x00000006c8000000, 0x00000006c8400000, 0x00000006c8400000|100%| S|CS|TAMS 0x00000006c8000000| PB 0x00000006c8000000| Complete 
| 289|0x00000006c8400000, 0x00000006c8400000, 0x00000006c8800000|  0%| F|  |TAMS 0x00000006c8400000| PB 0x00000006c8400000| Untracked 
| 290|0x00000006c8800000, 0x00000006c8800000, 0x00000006c8c00000|  0%| F|  |TAMS 0x00000006c8800000| PB 0x00000006c8800000| Untracked 
| 291|0x00000006c8c00000, 0x00000006c8c00000, 0x00000006c9000000|  0%| F|  |TAMS 0x00000006c8c00000| PB 0x00000006c8c00000| Untracked 
| 292|0x00000006c9000000, 0x00000006c9400000, 0x00000006c9400000|100%| S|CS|TAMS 0x00000006c9000000| PB 0x00000006c9000000| Complete 
| 293|0x00000006c9400000, 0x00000006c9400000, 0x00000006c9800000|  0%| F|  |TAMS 0x00000006c9400000| PB 0x00000006c9400000| Untracked 
| 294|0x00000006c9800000, 0x00000006c9800000, 0x00000006c9c00000|  0%| F|  |TAMS 0x00000006c9800000| PB 0x00000006c9800000| Untracked 
| 295|0x00000006c9c00000, 0x00000006c9c00000, 0x00000006ca000000|  0%| F|  |TAMS 0x00000006c9c00000| PB 0x00000006c9c00000| Untracked 
| 296|0x00000006ca000000, 0x00000006ca000000, 0x00000006ca400000|  0%| F|  |TAMS 0x00000006ca000000| PB 0x00000006ca000000| Untracked 
| 297|0x00000006ca400000, 0x00000006ca400000, 0x00000006ca800000|  0%| F|  |TAMS 0x00000006ca400000| PB 0x00000006ca400000| Untracked 
| 298|0x00000006ca800000, 0x00000006ca800000, 0x00000006cac00000|  0%| F|  |TAMS 0x00000006ca800000| PB 0x00000006ca800000| Untracked 
| 299|0x00000006cac00000, 0x00000006cac00000, 0x00000006cb000000|  0%| F|  |TAMS 0x00000006cac00000| PB 0x00000006cac00000| Untracked 
| 300|0x00000006cb000000, 0x00000006cb000000, 0x00000006cb400000|  0%| F|  |TAMS 0x00000006cb000000| PB 0x00000006cb000000| Untracked 
| 301|0x00000006cb400000, 0x00000006cb400000, 0x00000006cb800000|  0%| F|  |TAMS 0x00000006cb400000| PB 0x00000006cb400000| Untracked 
| 302|0x00000006cb800000, 0x00000006cb800000, 0x00000006cbc00000|  0%| F|  |TAMS 0x00000006cb800000| PB 0x00000006cb800000| Untracked 
| 303|0x00000006cbc00000, 0x00000006cbc00000, 0x00000006cc000000|  0%| F|  |TAMS 0x00000006cbc00000| PB 0x00000006cbc00000| Untracked 
| 304|0x00000006cc000000, 0x00000006cc000000, 0x00000006cc400000|  0%| F|  |TAMS 0x00000006cc000000| PB 0x00000006cc000000| Untracked 
| 305|0x00000006cc400000, 0x00000006cc400000, 0x00000006cc800000|  0%| F|  |TAMS 0x00000006cc400000| PB 0x00000006cc400000| Untracked 
| 306|0x00000006cc800000, 0x00000006cc800000, 0x00000006ccc00000|  0%| F|  |TAMS 0x00000006cc800000| PB 0x00000006cc800000| Untracked 
| 307|0x00000006ccc00000, 0x00000006ccc00000, 0x00000006cd000000|  0%| F|  |TAMS 0x00000006ccc00000| PB 0x00000006ccc00000| Untracked 
| 308|0x00000006cd000000, 0x00000006cd000000, 0x00000006cd400000|  0%| F|  |TAMS 0x00000006cd000000| PB 0x00000006cd000000| Untracked 
| 309|0x00000006cd400000, 0x00000006cd400000, 0x00000006cd800000|  0%| F|  |TAMS 0x00000006cd400000| PB 0x00000006cd400000| Untracked 
| 310|0x00000006cd800000, 0x00000006cd800000, 0x00000006cdc00000|  0%| F|  |TAMS 0x00000006cd800000| PB 0x00000006cd800000| Untracked 
| 311|0x00000006cdc00000, 0x00000006cdc00000, 0x00000006ce000000|  0%| F|  |TAMS 0x00000006cdc00000| PB 0x00000006cdc00000| Untracked 
| 312|0x00000006ce000000, 0x00000006ce000000, 0x00000006ce400000|  0%| F|  |TAMS 0x00000006ce000000| PB 0x00000006ce000000| Untracked 
|1524|0x00000007fd000000, 0x00000007fd000000, 0x00000007fd400000|  0%| F|  |TAMS 0x00000007fd000000| PB 0x00000007fd000000| Untracked 
|1525|0x00000007fd400000, 0x00000007fd400000, 0x00000007fd800000|  0%| F|  |TAMS 0x00000007fd400000| PB 0x00000007fd400000| Untracked 
|1526|0x00000007fd800000, 0x00000007fd800000, 0x00000007fdc00000|  0%| F|  |TAMS 0x00000007fd800000| PB 0x00000007fd800000| Untracked 
|1527|0x00000007fdc00000, 0x00000007fdc00000, 0x00000007fe000000|  0%| F|  |TAMS 0x00000007fdc00000| PB 0x00000007fdc00000| Untracked 
|1528|0x00000007fe000000, 0x00000007fe000000, 0x00000007fe400000|  0%| F|  |TAMS 0x00000007fe000000| PB 0x00000007fe000000| Untracked 
|1529|0x00000007fe400000, 0x00000007fe400000, 0x00000007fe800000|  0%| F|  |TAMS 0x00000007fe400000| PB 0x00000007fe400000| Untracked 
|1530|0x00000007fe800000, 0x00000007fe800000, 0x00000007fec00000|  0%| F|  |TAMS 0x00000007fe800000| PB 0x00000007fe800000| Untracked 
|1531|0x00000007fec00000, 0x00000007fec00000, 0x00000007ff000000|  0%| F|  |TAMS 0x00000007fec00000| PB 0x00000007fec00000| Untracked 
|1532|0x00000007ff000000, 0x00000007ff000000, 0x00000007ff400000|  0%| F|  |TAMS 0x00000007ff000000| PB 0x00000007ff000000| Untracked 
|1533|0x00000007ff400000, 0x00000007ff400000, 0x00000007ff800000|  0%| F|  |TAMS 0x00000007ff400000| PB 0x00000007ff400000| Untracked 
|1534|0x00000007ff800000, 0x00000007ff800000, 0x00000007ffc00000|  0%| F|  |TAMS 0x00000007ff800000| PB 0x00000007ff800000| Untracked 
|1535|0x00000007ffc00000, 0x00000007ffc00000, 0x0000000800000000|  0%| F|  |TAMS 0x00000007ffc00000| PB 0x00000007ffc00000| Untracked 

Card table byte_map: [0x000001b365ba0000,0x000001b3667a0000] _byte_map_base: 0x000001b3627a0000

Marking Bits: (CMBitMap*) 0x000001b352ec2b20
 Bits: [0x000001b3667a0000, 0x000001b36c7a0000)

Polling page: 0x000001b350d20000

Metaspace:

Usage:
  Non-class:    187.65 MB used.
      Class:     28.73 MB used.
       Both:    216.38 MB used.

Virtual space:
  Non-class space:      192.00 MB reserved,     189.19 MB ( 99%) committed,  3 nodes.
      Class space:      832.00 MB reserved,      30.31 MB (  4%) committed,  1 nodes.
             Both:        1.00 GB reserved,     219.50 MB ( 21%) committed. 

Chunk freelists:
   Non-Class:  2.80 MB
       Class:  1.66 MB
        Both:  4.46 MB

MaxMetaspaceSize: 1.00 GB
CompressedClassSpaceSize: 832.00 MB
Initial GC threshold: 21.00 MB
Current GC threshold: 363.38 MB
CDS: off
 - commit_granule_bytes: 65536.
 - commit_granule_words: 8192.
 - virtual_space_node_default_size: 8388608.
 - enlarge_chunks_in_place: 1.
 - use_allocation_guard: 0.


Internal statistics:

num_allocs_failed_limit: 6.
num_arena_births: 6584.
num_arena_deaths: 32.
num_vsnodes_births: 4.
num_vsnodes_deaths: 0.
num_space_committed: 3517.
num_space_uncommitted: 4.
num_chunks_returned_to_freelist: 86.
num_chunks_taken_from_freelist: 16866.
num_chunk_merges: 16.
num_chunk_splits: 10905.
num_chunks_enlarged: 6792.
num_inconsistent_stats: 0.

CodeHeap 'non-profiled nmethods': size=120000Kb used=21096Kb max_used=26871Kb free=98903Kb
 bounds [0x000001b35da70000, 0x000001b35f4b0000, 0x000001b364fa0000]
CodeHeap 'profiled nmethods': size=120000Kb used=44101Kb max_used=51814Kb free=75898Kb
 bounds [0x000001b355fa0000, 0x000001b359240000, 0x000001b35d4d0000]
CodeHeap 'non-nmethods': size=5760Kb used=2352Kb max_used=2494Kb free=3407Kb
 bounds [0x000001b35d4d0000, 0x000001b35d750000, 0x000001b35da70000]
CodeCache: size=245760Kb, used=67549Kb, max_used=81179Kb, free=178208Kb
 total_blobs=21355, nmethods=20163, adapters=1093, full_count=0
Compilation: enabled, stopped_count=0, restarted_count=0

Compilation events (20 events):
Event: 5878.819 Thread 0x000001b37307cf40 nmethod 37926 0x000001b35eb42f10 code [0x000001b35eb430a0, 0x000001b35eb43160]
Event: 5878.819 Thread 0x000001b37307cf40 37927       4       org.gradle.api.internal.changedetection.state.CachingFileHasher::hash (12 bytes)
Event: 5878.822 Thread 0x000001b373085450 nmethod 37928 0x000001b3580fd410 code [0x000001b3580fd640, 0x000001b3580fdb80]
Event: 5878.822 Thread 0x000001b373085450 37929       1       org.gradle.api.internal.changedetection.state.CachingFileHasher$FileInfo::getHash (5 bytes)
Event: 5878.823 Thread 0x000001b373085450 nmethod 37929 0x000001b35eb9f190 code [0x000001b35eb9f320, 0x000001b35eb9f3f0]
Event: 5878.879 Thread 0x000001b37307cf40 nmethod 37927 0x000001b35f1b7c90 code [0x000001b35f1b8000, 0x000001b35f1b9178]
Event: 5878.960 Thread 0x000001b373085450 37930   !   3       org.gradle.internal.snapshot.impl.DirectorySnapshotter::snapshot (118 bytes)
Event: 5878.964 Thread 0x000001b37307cf40 37931       4       org.gradle.internal.serialize.kryo.KryoBackedEncoder::writeLong (9 bytes)
Event: 5878.966 Thread 0x000001b373085450 nmethod 37930 0x000001b357f70b90 code [0x000001b357f70ee0, 0x000001b357f724f8]
Event: 5878.980 Thread 0x000001b37307cf40 nmethod 37931 0x000001b35e9b5c10 code [0x000001b35e9b5de0, 0x000001b35e9b6530]
Event: 5878.984 Thread 0x000001b37307cf40 37932       4       com.google.common.base.Equivalence$Equals::doEquivalent (6 bytes)
Event: 5878.985 Thread 0x000001b37307cf40 nmethod 37932 0x000001b35eb9ee90 code [0x000001b35eb9f020, 0x000001b35eb9f0d0]
Event: 5879.231 Thread 0x000001b37307cf40 37933   !   4       java.io.RandomAccessFile::implWriteBytes (74 bytes)
Event: 5879.246 Thread 0x000001b37307cf40 nmethod 37933 0x000001b35db9b590 code [0x000001b35db9b780, 0x000001b35db9bca8]
Event: 5879.246 Thread 0x000001b37307cf40 37934   !   4       java.io.RandomAccessFile::writeBytes (31 bytes)
Event: 5879.259 Thread 0x000001b37307cf40 nmethod 37934 0x000001b35ed3f410 code [0x000001b35ed3f620, 0x000001b35ed3fba8]
Event: 5884.715 Thread 0x000001b37307cf40 37935       4       org.gradle.caching.internal.packaging.impl.TarBuildCacheEntryPacker$PackingVisitor::visitEntry (46 bytes)
Event: 5884.802 Thread 0x000001b37307cf40 nmethod 37935 0x000001b35deabc90 code [0x000001b35deabfa0, 0x000001b35deadb28]
Event: 5884.803 Thread 0x000001b37307cf40 37936       4       org.gradle.caching.internal.packaging.impl.TarBuildCacheEntryPacker$PackingVisitor::getTargetPath (43 bytes)
Event: 5884.886 Thread 0x000001b37307cf40 nmethod 37936 0x000001b35f1e0190 code [0x000001b35f1e0480, 0x000001b35f1e1eb8]

GC Heap History (20 events):
Event: 5735.005 GC heap after
{Heap after GC invocations=97 (full 0):
 garbage-first heap   total 614400K, used 351278K [0x0000000680000000, 0x0000000800000000)
  region size 4096K, 2 young (8192K), 2 survivors (8192K)
 Metaspace       used 219757K, committed 223232K, reserved 1048576K
  class space    used 29321K, committed 31040K, reserved 851968K
}
Event: 5735.378 GC heap before
{Heap before GC invocations=97 (full 0):
 garbage-first heap   total 614400K, used 371758K [0x0000000680000000, 0x0000000800000000)
  region size 4096K, 7 young (28672K), 2 survivors (8192K)
 Metaspace       used 219767K, committed 223232K, reserved 1048576K
  class space    used 29321K, committed 31040K, reserved 851968K
}
Event: 5735.460 GC heap after
{Heap after GC invocations=98 (full 0):
 garbage-first heap   total 614400K, used 343006K [0x0000000680000000, 0x0000000800000000)
  region size 4096K, 1 young (4096K), 1 survivors (4096K)
 Metaspace       used 219767K, committed 223232K, reserved 1048576K
  class space    used 29321K, committed 31040K, reserved 851968K
}
Event: 5737.998 GC heap before
{Heap before GC invocations=98 (full 0):
 garbage-first heap   total 614400K, used 392158K [0x0000000680000000, 0x0000000800000000)
  region size 4096K, 8 young (32768K), 1 survivors (4096K)
 Metaspace       used 219769K, committed 223232K, reserved 1048576K
  class space    used 29321K, committed 31040K, reserved 851968K
}
Event: 5738.050 GC heap after
{Heap after GC invocations=99 (full 0):
 garbage-first heap   total 1331200K, used 325351K [0x0000000680000000, 0x0000000800000000)
  region size 4096K, 1 young (4096K), 1 survivors (4096K)
 Metaspace       used 219769K, committed 223232K, reserved 1048576K
  class space    used 29321K, committed 31040K, reserved 851968K
}
Event: 5741.848 GC heap before
{Heap before GC invocations=99 (full 0):
 garbage-first heap   total 1331200K, used 399079K [0x0000000680000000, 0x0000000800000000)
  region size 4096K, 20 young (81920K), 1 survivors (4096K)
 Metaspace       used 219796K, committed 223232K, reserved 1048576K
  class space    used 29324K, committed 31040K, reserved 851968K
}
Event: 5741.901 GC heap after
{Heap after GC invocations=100 (full 0):
 garbage-first heap   total 1331200K, used 320745K [0x0000000680000000, 0x0000000800000000)
  region size 4096K, 3 young (12288K), 3 survivors (12288K)
 Metaspace       used 219796K, committed 223232K, reserved 1048576K
  class space    used 29324K, committed 31040K, reserved 851968K
}
Event: 5744.361 GC heap before
{Heap before GC invocations=100 (full 0):
 garbage-first heap   total 1331200K, used 369897K [0x0000000680000000, 0x0000000800000000)
  region size 4096K, 16 young (65536K), 3 survivors (12288K)
 Metaspace       used 219809K, committed 223232K, reserved 1048576K
  class space    used 29325K, committed 31040K, reserved 851968K
}
Event: 5744.435 GC heap after
{Heap after GC invocations=101 (full 0):
 garbage-first heap   total 1331200K, used 324055K [0x0000000680000000, 0x0000000800000000)
  region size 4096K, 2 young (8192K), 2 survivors (8192K)
 Metaspace       used 219809K, committed 223232K, reserved 1048576K
  class space    used 29325K, committed 31040K, reserved 851968K
}
Event: 5746.695 GC heap before
{Heap before GC invocations=101 (full 0):
 garbage-first heap   total 1331200K, used 389591K [0x0000000680000000, 0x0000000800000000)
  region size 4096K, 19 young (77824K), 2 survivors (8192K)
 Metaspace       used 219809K, committed 223232K, reserved 1048576K
  class space    used 29325K, committed 31040K, reserved 851968K
}
Event: 5746.810 GC heap after
{Heap after GC invocations=102 (full 0):
 garbage-first heap   total 1331200K, used 343962K [0x0000000680000000, 0x0000000800000000)
  region size 4096K, 3 young (12288K), 3 survivors (12288K)
 Metaspace       used 219809K, committed 223232K, reserved 1048576K
  class space    used 29325K, committed 31040K, reserved 851968K
}
Event: 5752.530 GC heap before
{Heap before GC invocations=102 (full 0):
 garbage-first heap   total 1331200K, used 511898K [0x0000000680000000, 0x0000000800000000)
  region size 4096K, 44 young (180224K), 3 survivors (12288K)
 Metaspace       used 219838K, committed 223232K, reserved 1048576K
  class space    used 29327K, committed 31040K, reserved 851968K
}
Event: 5752.729 GC heap after
{Heap after GC invocations=103 (full 0):
 garbage-first heap   total 1331200K, used 407552K [0x0000000680000000, 0x0000000800000000)
  region size 4096K, 6 young (24576K), 6 survivors (24576K)
 Metaspace       used 219838K, committed 223232K, reserved 1048576K
  class space    used 29327K, committed 31040K, reserved 851968K
}
Event: 5755.124 GC heap before
{Heap before GC invocations=104 (full 0):
 garbage-first heap   total 1298432K, used 473088K [0x0000000680000000, 0x0000000800000000)
  region size 4096K, 27 young (110592K), 6 survivors (24576K)
 Metaspace       used 219852K, committed 223232K, reserved 1048576K
  class space    used 29327K, committed 31040K, reserved 851968K
}
Event: 5755.228 GC heap after
{Heap after GC invocations=105 (full 0):
 garbage-first heap   total 1298432K, used 411584K [0x0000000680000000, 0x0000000800000000)
  region size 4096K, 4 young (16384K), 4 survivors (16384K)
 Metaspace       used 219852K, committed 223232K, reserved 1048576K
  class space    used 29327K, committed 31040K, reserved 851968K
}
Event: 5757.086 GC heap before
{Heap before GC invocations=105 (full 0):
 garbage-first heap   total 1298432K, used 505792K [0x0000000680000000, 0x0000000800000000)
  region size 4096K, 28 young (114688K), 4 survivors (16384K)
 Metaspace       used 219865K, committed 223232K, reserved 1048576K
  class space    used 29328K, committed 31040K, reserved 851968K
}
Event: 5757.242 GC heap after
{Heap after GC invocations=106 (full 0):
 garbage-first heap   total 1298432K, used 443450K [0x0000000680000000, 0x0000000800000000)
  region size 4096K, 4 young (16384K), 4 survivors (16384K)
 Metaspace       used 219865K, committed 223232K, reserved 1048576K
  class space    used 29328K, committed 31040K, reserved 851968K
}
Event: 5760.450 GC heap before
{Heap before GC invocations=106 (full 0):
 garbage-first heap   total 1298432K, used 545850K [0x0000000680000000, 0x0000000800000000)
  region size 4096K, 29 young (118784K), 4 survivors (16384K)
 Metaspace       used 220363K, committed 223616K, reserved 1048576K
  class space    used 29363K, committed 31040K, reserved 851968K
}
Event: 5760.606 GC heap after
{Heap after GC invocations=107 (full 0):
 garbage-first heap   total 1298432K, used 464896K [0x0000000680000000, 0x0000000800000000)
  region size 4096K, 4 young (16384K), 4 survivors (16384K)
 Metaspace       used 220363K, committed 223616K, reserved 1048576K
  class space    used 29363K, committed 31040K, reserved 851968K
}
Event: 5887.751 GC heap before
{Heap before GC invocations=107 (full 0):
 garbage-first heap   total 1298432K, used 559104K [0x0000000680000000, 0x0000000800000000)
  region size 4096K, 28 young (114688K), 4 survivors (16384K)
 Metaspace       used 221575K, committed 224768K, reserved 1048576K
  class space    used 29420K, committed 31040K, reserved 851968K
}

Dll operation events (4 events):
Event: 0.065 Loaded shared library C:\Program Files\Android\Android Studio3\jbr\bin\java.dll
Event: 0.095 Loaded shared library C:\Program Files\Android\Android Studio3\jbr\bin\zip.dll
Event: 3.982 Loaded shared library C:\Program Files\Android\Android Studio3\jbr\bin\verify.dll
Event: 5725.402 Unloaded dll "C:\Users\HP\AppData\Local\Temp\sqlite-3.41.2.2-f58f74c4-bb08-42fb-9a84-c5839478a472-sqlitejdbc.dll" [0x00007ff9241c0000]

Deoptimization events (20 events):
Event: 5769.695 Thread 0x000001b307c17b10 Uncommon trap: trap_request=0xffffffbe fr.pc=0x000001b35e3cf75c relative=0x0000000000000e3c
Event: 5769.695 Thread 0x000001b307c17b10 Uncommon trap: reason=profile_predicate action=maybe_recompile pc=0x000001b35e3cf75c method=java.util.regex.Pattern$BnM.optimize(Ljava/util/regex/Pattern$Node;)Ljava/util/regex/Pattern$Node; @ 67 c2
Event: 5769.695 Thread 0x000001b307c17b10 DEOPT PACKING pc=0x000001b35e3cf75c sp=0x0000005dd03fa9e0
Event: 5769.695 Thread 0x000001b307c17b10 DEOPT UNPACKING pc=0x000001b35d524422 sp=0x0000005dd03fa940 mode 2
Event: 5769.695 Thread 0x000001b307c17b10 Uncommon trap: trap_request=0xffffffbe fr.pc=0x000001b35e3cf75c relative=0x0000000000000e3c
Event: 5769.695 Thread 0x000001b307c17b10 Uncommon trap: reason=profile_predicate action=maybe_recompile pc=0x000001b35e3cf75c method=java.util.regex.Pattern$BnM.optimize(Ljava/util/regex/Pattern$Node;)Ljava/util/regex/Pattern$Node; @ 67 c2
Event: 5769.695 Thread 0x000001b307c17b10 DEOPT PACKING pc=0x000001b35e3cf75c sp=0x0000005dd03fa9e0
Event: 5769.695 Thread 0x000001b307c17b10 DEOPT UNPACKING pc=0x000001b35d524422 sp=0x0000005dd03fa940 mode 2
Event: 5769.695 Thread 0x000001b307c17b10 Uncommon trap: trap_request=0xffffffbe fr.pc=0x000001b35e3cf75c relative=0x0000000000000e3c
Event: 5769.695 Thread 0x000001b307c17b10 Uncommon trap: reason=profile_predicate action=maybe_recompile pc=0x000001b35e3cf75c method=java.util.regex.Pattern$BnM.optimize(Ljava/util/regex/Pattern$Node;)Ljava/util/regex/Pattern$Node; @ 67 c2
Event: 5769.695 Thread 0x000001b307c17b10 DEOPT PACKING pc=0x000001b35e3cf75c sp=0x0000005dd03fa9e0
Event: 5769.695 Thread 0x000001b307c17b10 DEOPT UNPACKING pc=0x000001b35d524422 sp=0x0000005dd03fa940 mode 2
Event: 5770.428 Thread 0x000001b37920e6a0 Uncommon trap: trap_request=0xffffffc6 fr.pc=0x000001b35ecee64c relative=0x0000000000000c4c
Event: 5770.428 Thread 0x000001b37920e6a0 Uncommon trap: reason=bimorphic_or_optimized_type_check action=maybe_recompile pc=0x000001b35ecee64c method=java.util.Hashtable.put(Ljava/lang/Object;Ljava/lang/Object;)Ljava/lang/Object; @ 18 c2
Event: 5770.428 Thread 0x000001b37920e6a0 DEOPT PACKING pc=0x000001b35ecee64c sp=0x0000005dd19fead0
Event: 5770.428 Thread 0x000001b37920e6a0 DEOPT UNPACKING pc=0x000001b35d524422 sp=0x0000005dd19fea98 mode 2
Event: 5878.751 Thread 0x000001b307c17b10 Uncommon trap: trap_request=0xfffffff4 fr.pc=0x000001b35e112fa0 relative=0x0000000000001300
Event: 5878.751 Thread 0x000001b307c17b10 Uncommon trap: reason=null_check action=make_not_entrant pc=0x000001b35e112fa0 method=org.gradle.api.internal.changedetection.state.CachingFileHasher.snapshot(Ljava/io/File;JJ)Lorg/gradle/api/internal/changedetection/state/CachingFileHasher$FileInfo; @ 31
Event: 5878.751 Thread 0x000001b307c17b10 DEOPT PACKING pc=0x000001b35e112fa0 sp=0x0000005dd03fb0b0
Event: 5878.751 Thread 0x000001b307c17b10 DEOPT UNPACKING pc=0x000001b35d524422 sp=0x0000005dd03faff0 mode 2

Classes loaded (20 events):
Event: 2855.486 Loading class java/lang/reflect/InaccessibleObjectException
Event: 2855.487 Loading class java/lang/reflect/InaccessibleObjectException done
Event: 2855.492 Loading class sun/misc/VM
Event: 2855.492 Loading class sun/misc/VM done
Event: 2855.496 Loading class jdk/internal/math/FloatToDecimal
Event: 2855.497 Loading class jdk/internal/math/FloatToDecimal done
Event: 2855.543 Loading class java/util/function/IntSupplier
Event: 2855.544 Loading class java/util/function/IntSupplier done
Event: 2855.915 Loading class javax/xml/stream/XMLInputFactory
Event: 2855.916 Loading class javax/xml/stream/XMLInputFactory done
Event: 2861.606 Loading class java/util/regex/Pattern$LineEnding
Event: 2861.607 Loading class java/util/regex/Pattern$LineEnding done
Event: 2863.286 Loading class sun/nio/fs/WindowsSecurity$Privilege
Event: 2863.287 Loading class sun/nio/fs/WindowsSecurity$Privilege done
Event: 2863.446 Loading class java/util/WeakHashMap$KeyIterator
Event: 2863.447 Loading class java/util/WeakHashMap$HashIterator
Event: 2863.448 Loading class java/util/WeakHashMap$HashIterator done
Event: 2863.448 Loading class java/util/WeakHashMap$KeyIterator done
Event: 5729.032 Loading class java/util/concurrent/locks/ReentrantReadWriteLock$Sync$HoldCounter
Event: 5729.046 Loading class java/util/concurrent/locks/ReentrantReadWriteLock$Sync$HoldCounter done

Classes unloaded (20 events):
Event: 5724.690 Thread 0x000001b36ec4df40 Unloading class 0x0000000801d06b98 'androidx/room/compiler/processing/ksp/KspProcessingEnv$$Lambda+0x0000000801d06b98'
Event: 5724.690 Thread 0x000001b36ec4df40 Unloading class 0x0000000801d066f8 'androidx/room/compiler/processing/XProcessingEnv$Platform'
Event: 5724.690 Thread 0x000001b36ec4df40 Unloading class 0x0000000801d064a0 'androidx/room/compiler/processing/ksp/KspProcessingEnv$$Lambda+0x0000000801d064a0'
Event: 5724.690 Thread 0x000001b36ec4df40 Unloading class 0x0000000801d06000 'androidx/room/compiler/processing/XProcessingEnv$Backend'
Event: 5724.690 Thread 0x000001b36ec4df40 Unloading class 0x0000000801d05d68 'androidx/room/compiler/processing/XProcessingEnv$Companion'
Event: 5724.690 Thread 0x000001b36ec4df40 Unloading class 0x0000000801d059a0 'androidx/room/compiler/processing/ksp/KspProcessingEnv'
Event: 5724.690 Thread 0x000001b36ec4df40 Unloading class 0x0000000801d05770 'androidx/room/compiler/processing/XProcessingEnv'
Event: 5724.690 Thread 0x000001b36ec4df40 Unloading class 0x0000000801d054f8 'androidx/room/compiler/processing/ksp/KspBasicAnnotationProcessor$DelegateLogger'
Event: 5724.690 Thread 0x000001b36ec4df40 Unloading class 0x0000000801d05050 'androidx/room/processor/Context$BooleanProcessorOptions'
Event: 5724.690 Thread 0x000001b36ec4df40 Unloading class 0x0000000801d04e10 'androidx/room/compiler/processing/XProcessingEnvConfig$Builder'
Event: 5724.690 Thread 0x000001b36ec4df40 Unloading class 0x0000000801d04bd8 'androidx/room/compiler/processing/XProcessingEnvConfig$Companion'
Event: 5724.690 Thread 0x000001b36ec4df40 Unloading class 0x0000000801d049a0 'androidx/room/compiler/processing/XProcessingEnvConfig'
Event: 5724.690 Thread 0x000001b36ec4df40 Unloading class 0x0000000801d04768 'androidx/room/DatabaseProcessingStep$Companion'
Event: 5724.690 Thread 0x000001b36ec4df40 Unloading class 0x0000000801d044f0 'androidx/room/DatabaseProcessingStep'
Event: 5724.690 Thread 0x000001b36ec4df40 Unloading class 0x0000000801d042c0 'androidx/room/compiler/processing/XProcessingStep'
Event: 5724.691 Thread 0x000001b36ec4df40 Unloading class 0x0000000801d04000 'androidx/room/RoomKspProcessor'
Event: 5724.691 Thread 0x000001b36ec4df40 Unloading class 0x00000008017bac80 'androidx/room/compiler/processing/ksp/KspBasicAnnotationProcessor'
Event: 5724.691 Thread 0x000001b36ec4df40 Unloading class 0x00000008017baa50 'androidx/room/compiler/processing/XBasicAnnotationProcessor'
Event: 5724.691 Thread 0x000001b36ec4df40 Unloading class 0x00000008017ba800 'androidx/room/RoomKspProcessor$Provider'
Event: 5754.227 Thread 0x000001b36ec4df40 Unloading class 0x00000008000c1400 'java/lang/invoke/LambdaForm$MH+0x00000008000c1400'

Classes redefined (0 events):
No events

Internal exceptions (20 events):
Event: 5768.576 Thread 0x000001b307c17b10 Exception <a 'sun/nio/fs/WindowsException'{0x00000006cad842b8}> (0x00000006cad842b8) 
thrown [s\src\hotspot\share\prims\jni.cpp, line 537]
Event: 5769.542 Thread 0x000001b307c17b10 Exception <a 'sun/nio/fs/WindowsException'{0x00000006ca834df8}> (0x00000006ca834df8) 
thrown [s\src\hotspot\share\prims\jni.cpp, line 537]
Event: 5769.630 Thread 0x000001b307c17b10 Exception <a 'sun/nio/fs/WindowsException'{0x00000006ca8762d0}> (0x00000006ca8762d0) 
thrown [s\src\hotspot\share\prims\jni.cpp, line 537]
Event: 5769.661 Thread 0x000001b307c17b10 Exception <a 'sun/nio/fs/WindowsException'{0x00000006ca88ade8}> (0x00000006ca88ade8) 
thrown [s\src\hotspot\share\prims\jni.cpp, line 537]
Event: 5769.698 Thread 0x000001b307c17b10 Exception <a 'sun/nio/fs/WindowsException'{0x00000006ca9200f8}> (0x00000006ca9200f8) 
thrown [s\src\hotspot\share\prims\jni.cpp, line 537]
Event: 5769.699 Thread 0x000001b307c17b10 Exception <a 'sun/nio/fs/WindowsException'{0x00000006ca921498}> (0x00000006ca921498) 
thrown [s\src\hotspot\share\prims\jni.cpp, line 537]
Event: 5770.400 Thread 0x000001b37502cc70 Exception <a 'sun/nio/fs/WindowsException'{0x00000007ffda7090}> (0x00000007ffda7090) 
thrown [s\src\hotspot\share\prims\jni.cpp, line 537]
Event: 5780.418 Thread 0x000001b37502cc70 Exception <a 'sun/nio/fs/WindowsException'{0x00000006ca52d1f0}> (0x00000006ca52d1f0) 
thrown [s\src\hotspot\share\prims\jni.cpp, line 537]
Event: 5790.412 Thread 0x000001b37502cc70 Exception <a 'sun/nio/fs/WindowsException'{0x00000006ca64e9b0}> (0x00000006ca64e9b0) 
thrown [s\src\hotspot\share\prims\jni.cpp, line 537]
Event: 5800.413 Thread 0x000001b37502cc70 Exception <a 'sun/nio/fs/WindowsException'{0x00000006ca682968}> (0x00000006ca682968) 
thrown [s\src\hotspot\share\prims\jni.cpp, line 537]
Event: 5810.428 Thread 0x000001b37502cc70 Exception <a 'sun/nio/fs/WindowsException'{0x00000006ca691a00}> (0x00000006ca691a00) 
thrown [s\src\hotspot\share\prims\jni.cpp, line 537]
Event: 5820.420 Thread 0x000001b37502cc70 Exception <a 'sun/nio/fs/WindowsException'{0x00000006ca6c4530}> (0x00000006ca6c4530) 
thrown [s\src\hotspot\share\prims\jni.cpp, line 537]
Event: 5830.411 Thread 0x000001b37502cc70 Exception <a 'sun/nio/fs/WindowsException'{0x00000006ca6f7030}> (0x00000006ca6f7030) 
thrown [s\src\hotspot\share\prims\jni.cpp, line 537]
Event: 5840.443 Thread 0x000001b37502cc70 Exception <a 'sun/nio/fs/WindowsException'{0x00000006ca74d848}> (0x00000006ca74d848) 
thrown [s\src\hotspot\share\prims\jni.cpp, line 537]
Event: 5850.407 Thread 0x000001b37502cc70 Exception <a 'sun/nio/fs/WindowsException'{0x00000006ca75c8a0}> (0x00000006ca75c8a0) 
thrown [s\src\hotspot\share\prims\jni.cpp, line 537]
Event: 5860.456 Thread 0x000001b37502cc70 Exception <a 'sun/nio/fs/WindowsException'{0x00000006ca00b790}> (0x00000006ca00b790) 
thrown [s\src\hotspot\share\prims\jni.cpp, line 537]
Event: 5870.439 Thread 0x000001b37502cc70 Exception <a 'sun/nio/fs/WindowsException'{0x00000006ca03ecf8}> (0x00000006ca03ecf8) 
thrown [s\src\hotspot\share\prims\jni.cpp, line 537]
Event: 5878.610 Thread 0x000001b378f1c360 Exception <a 'sun/nio/fs/WindowsException'{0x00000006ca1787e8}> (0x00000006ca1787e8) 
thrown [s\src\hotspot\share\prims\jni.cpp, line 537]
Event: 5878.751 Thread 0x000001b307c17b10 Implicit null exception at 0x000001b35e111de8 to 0x000001b35e112f7c
Event: 5880.587 Thread 0x000001b37502cc70 Exception <a 'sun/nio/fs/WindowsException'{0x00000006c9951418}> (0x00000006c9951418) 
thrown [s\src\hotspot\share\prims\jni.cpp, line 537]

ZGC Phase Switch (0 events):
No events

VM Operations (20 events):
Event: 5764.627 Executing safepoint VM operation: Cleanup done
Event: 5765.628 Executing safepoint VM operation: Cleanup
Event: 5765.628 Executing safepoint VM operation: Cleanup done
Event: 5766.629 Executing safepoint VM operation: Cleanup
Event: 5766.629 Executing safepoint VM operation: Cleanup done
Event: 5767.629 Executing safepoint VM operation: Cleanup
Event: 5767.629 Executing safepoint VM operation: Cleanup done
Event: 5770.630 Executing safepoint VM operation: Cleanup
Event: 5770.630 Executing safepoint VM operation: Cleanup done
Event: 5773.167 Executing non-safepoint VM operation: HandshakeAllThreads (HandshakeForDeflation)
Event: 5773.167 Executing non-safepoint VM operation: HandshakeAllThreads (HandshakeForDeflation) done
Event: 5773.168 Executing non-safepoint VM operation: RendezvousGCThreads
Event: 5773.168 Executing non-safepoint VM operation: RendezvousGCThreads done
Event: 5843.224 Executing safepoint VM operation: Cleanup
Event: 5843.224 Executing safepoint VM operation: Cleanup done
Event: 5879.250 Executing safepoint VM operation: Cleanup
Event: 5879.250 Executing safepoint VM operation: Cleanup done
Event: 5880.251 Executing safepoint VM operation: Cleanup
Event: 5880.251 Executing safepoint VM operation: Cleanup done
Event: 5887.750 Executing safepoint VM operation: G1CollectForAllocation (G1 Evacuation Pause)

Memory protections (0 events):
No events

Nmethod flushes (20 events):
Event: 5754.300 Thread 0x000001b36ec4df40 flushing  nmethod 0x000001b358bca810
Event: 5754.300 Thread 0x000001b36ec4df40 flushing  nmethod 0x000001b358bcb690
Event: 5754.300 Thread 0x000001b36ec4df40 flushing  nmethod 0x000001b358bd1b10
Event: 5754.300 Thread 0x000001b36ec4df40 flushing  nmethod 0x000001b358bd2a90
Event: 5754.300 Thread 0x000001b36ec4df40 flushing  nmethod 0x000001b358bd4f10
Event: 5754.300 Thread 0x000001b36ec4df40 flushing  nmethod 0x000001b358bd6990
Event: 5754.300 Thread 0x000001b36ec4df40 flushing  nmethod 0x000001b358bd6d90
Event: 5754.300 Thread 0x000001b36ec4df40 flushing  nmethod 0x000001b358bda790
Event: 5754.300 Thread 0x000001b36ec4df40 flushing  nmethod 0x000001b358c49c10
Event: 5754.300 Thread 0x000001b36ec4df40 flushing  nmethod 0x000001b358c50710
Event: 5754.300 Thread 0x000001b36ec4df40 flushing  nmethod 0x000001b358ca6e90
Event: 5754.300 Thread 0x000001b36ec4df40 flushing  nmethod 0x000001b358cbde10
Event: 5754.300 Thread 0x000001b36ec4df40 flushing  nmethod 0x000001b358d34b90
Event: 5754.301 Thread 0x000001b36ec4df40 flushing  nmethod 0x000001b358d36010
Event: 5754.301 Thread 0x000001b36ec4df40 flushing  nmethod 0x000001b358f61d90
Event: 5754.301 Thread 0x000001b36ec4df40 flushing  nmethod 0x000001b358f71410
Event: 5754.301 Thread 0x000001b36ec4df40 flushing  nmethod 0x000001b358fac890
Event: 5754.301 Thread 0x000001b36ec4df40 flushing  nmethod 0x000001b358febe10
Event: 5754.301 Thread 0x000001b36ec4df40 flushing  nmethod 0x000001b35908c210
Event: 5754.301 Thread 0x000001b36ec4df40 flushing  nmethod 0x000001b35909ee90

Events (20 events):
Event: 5740.968 Thread 0x000001b377ae45f0 Thread added: 0x000001b3777919d0
Event: 5740.969 Thread 0x000001b377ae45f0 Thread added: 0x000001b3777926f0
Event: 5741.601 Thread 0x000001b373085450 Thread added: 0x000001b3059bb4c0
Event: 5741.910 Thread 0x000001b3059bb4c0 Thread exited: 0x000001b3059bb4c0
Event: 5742.074 Thread 0x000001b373085450 Thread added: 0x000001b3059bdda0
Event: 5743.623 Thread 0x000001b3059bdda0 Thread exited: 0x000001b3059bdda0
Event: 5744.287 Thread 0x000001b37307cf40 Thread added: 0x000001b3059be470
Event: 5745.907 Thread 0x000001b3059be470 Thread exited: 0x000001b3059be470
Event: 5752.934 Thread 0x000001b373085450 Thread added: 0x000001b3059bb4c0
Event: 5753.644 Thread 0x000001b3059bb4c0 Thread exited: 0x000001b3059bb4c0
Event: 5757.976 Thread 0x000001b306f337c0 Thread added: 0x000001b37b12e980
Event: 5758.004 Thread 0x000001b37b12e980 Thread added: 0x000001b37b133ed0
Event: 5758.434 Thread 0x000001b373085450 Thread added: 0x000001b3059bb4c0
Event: 5762.753 Thread 0x000001b3059bb4c0 Thread exited: 0x000001b3059bb4c0
Event: 5765.235 Loaded shared library C:\Users\HP\AppData\Local\Temp\sqlite-3.41.2.2-0ba808e4-ee02-4e64-bf63-de598928cba3-sqlitejdbc.dll
Event: 5769.847 Thread 0x000001b378f1c360 Thread added: 0x000001b377ae38d0
Event: 5770.418 Thread 0x000001b376d5e4d0 Thread added: 0x000001b37920e6a0
Event: 5784.049 Thread 0x000001b37b12e980 Thread exited: 0x000001b37b12e980
Event: 5804.061 Thread 0x000001b37b133ed0 Thread exited: 0x000001b37b133ed0
Event: 5866.564 Thread 0x000001b376d5e4d0 Thread added: 0x000001b37b12e980


Dynamic libraries:
0x00007ff657230000 - 0x00007ff65723a000 	C:\Program Files\Android\Android Studio3\jbr\bin\java.exe
0x00007ff97fd40000 - 0x00007ff97ffa6000 	C:\WINDOWS\SYSTEM32\ntdll.dll
0x00007ff97dab0000 - 0x00007ff97db79000 	C:\WINDOWS\System32\KERNEL32.DLL
0x00007ff97d130000 - 0x00007ff97d52a000 	C:\WINDOWS\System32\KERNELBASE.dll
0x00007ff97d530000 - 0x00007ff97d67c000 	C:\WINDOWS\System32\ucrtbase.dll
0x00007ff928c10000 - 0x00007ff928c28000 	C:\Program Files\Android\Android Studio3\jbr\bin\jli.dll
0x00007ff97fb00000 - 0x00007ff97fcc7000 	C:\WINDOWS\System32\USER32.dll
0x00007ff97cfd0000 - 0x00007ff97cff7000 	C:\WINDOWS\System32\win32u.dll
0x00007ff97fcd0000 - 0x00007ff97fcfb000 	C:\WINDOWS\System32\GDI32.dll
0x00007ff97d000000 - 0x00007ff97d12b000 	C:\WINDOWS\System32\gdi32full.dll
0x00007ff97d8b0000 - 0x00007ff97d953000 	C:\WINDOWS\System32\msvcp_win.dll
0x00007ff9604d0000 - 0x00007ff960762000 	C:\WINDOWS\WinSxS\amd64_microsoft.windows.common-controls_6595b64144ccf1df_6.0.26100.8521_none_3e08b75ce33403b3\COMCTL32.dll
0x00007ff97ed70000 - 0x00007ff97ee19000 	C:\WINDOWS\System32\msvcrt.dll
0x00007ff9406f0000 - 0x00007ff94070b000 	C:\Program Files\Android\Android Studio3\jbr\bin\VCRUNTIME140.dll
0x00007ff97f3d0000 - 0x00007ff97f402000 	C:\WINDOWS\System32\IMM32.DLL
0x00007ff942750000 - 0x00007ff94275c000 	C:\Program Files\Android\Android Studio3\jbr\bin\vcruntime140_1.dll
0x00007ff925c60000 - 0x00007ff925ced000 	C:\Program Files\Android\Android Studio3\jbr\bin\msvcp140.dll
0x00007ff929f50000 - 0x00007ff92abe6000 	C:\Program Files\Android\Android Studio3\jbr\bin\server\jvm.dll
0x00007ff97fa40000 - 0x00007ff97faf6000 	C:\WINDOWS\System32\ADVAPI32.dll
0x00007ff97e2d0000 - 0x00007ff97e37a000 	C:\WINDOWS\System32\sechost.dll
0x00007ff97f2b0000 - 0x00007ff97f3c8000 	C:\WINDOWS\System32\RPCRT4.dll
0x00007ff97e240000 - 0x00007ff97e2c0000 	C:\WINDOWS\System32\WS2_32.dll
0x00007ff97ce50000 - 0x00007ff97ceae000 	C:\WINDOWS\SYSTEM32\POWRPROF.dll
0x00007ff960770000 - 0x00007ff9607a6000 	C:\WINDOWS\SYSTEM32\WINMM.dll
0x00007ff969310000 - 0x00007ff96931b000 	C:\WINDOWS\SYSTEM32\VERSION.dll
0x00007ff97ce30000 - 0x00007ff97ce44000 	C:\WINDOWS\SYSTEM32\UMPDC.dll
0x00007ff97bd20000 - 0x00007ff97bd3b000 	C:\WINDOWS\SYSTEM32\kernel.appcore.dll
0x00007ff93c140000 - 0x00007ff93c14a000 	C:\Program Files\Android\Android Studio3\jbr\bin\jimage.dll
0x00007ff97a910000 - 0x00007ff97ab52000 	C:\WINDOWS\SYSTEM32\DBGHELP.DLL
0x00007ff97dda0000 - 0x00007ff97e123000 	C:\WINDOWS\System32\combase.dll
0x00007ff97f680000 - 0x00007ff97f759000 	C:\WINDOWS\System32\OLEAUT32.dll
0x00007ff966750000 - 0x00007ff96678b000 	C:\WINDOWS\SYSTEM32\dbgcore.DLL
0x00007ff97d680000 - 0x00007ff97d728000 	C:\WINDOWS\System32\bcryptPrimitives.dll
0x00007ff932b30000 - 0x00007ff932b3e000 	C:\Program Files\Android\Android Studio3\jbr\bin\instrument.dll
0x00007ff9353e0000 - 0x00007ff935400000 	C:\Program Files\Android\Android Studio3\jbr\bin\java.dll
0x00007ff930400000 - 0x00007ff930418000 	C:\Program Files\Android\Android Studio3\jbr\bin\zip.dll
0x00007ff97e560000 - 0x00007ff97ece4000 	C:\WINDOWS\System32\SHELL32.dll
0x00007ff97ab80000 - 0x00007ff97b400000 	C:\WINDOWS\SYSTEM32\windows.storage.dll
0x00007ff97e130000 - 0x00007ff97e226000 	C:\WINDOWS\System32\SHCORE.dll
0x00007ff97f900000 - 0x00007ff97f967000 	C:\WINDOWS\System32\shlwapi.dll
0x00007ff97cef0000 - 0x00007ff97cf19000 	C:\WINDOWS\SYSTEM32\profapi.dll
0x00007ff935220000 - 0x00007ff935230000 	C:\Program Files\Android\Android Studio3\jbr\bin\net.dll
0x00007ff96b730000 - 0x00007ff96b859000 	C:\WINDOWS\SYSTEM32\WINHTTP.dll
0x00007ff97c270000 - 0x00007ff97c2dc000 	C:\WINDOWS\system32\mswsock.dll
0x00007ff92fbf0000 - 0x00007ff92fc06000 	C:\Program Files\Android\Android Studio3\jbr\bin\nio.dll
0x00007ff952fc0000 - 0x00007ff952fd0000 	C:\Program Files\Android\Android Studio3\jbr\bin\verify.dll
0x00007ff963680000 - 0x00007ff9636a7000 	C:\Users\HP\.gradle\native\660c5614fbf4a5f2a75b1949f50a0caf5cd603558e7d8a26e50b933a0cfb79d1\windows-amd64\native-platform.dll
0x00007ff908450000 - 0x00007ff9084c7000 	C:\Users\HP\.gradle\native\0.2.8\x86_64-windows-gnu\gradle-fileevents.dll
0x00007ff944870000 - 0x00007ff944879000 	C:\Program Files\Android\Android Studio3\jbr\bin\management.dll
0x00007ff939520000 - 0x00007ff93952b000 	C:\Program Files\Android\Android Studio3\jbr\bin\management_ext.dll
0x00007ff97f8e0000 - 0x00007ff97f8e8000 	C:\WINDOWS\System32\PSAPI.DLL
0x00007ff97b710000 - 0x00007ff97b743000 	C:\WINDOWS\SYSTEM32\IPHLPAPI.DLL
0x00007ff97fa30000 - 0x00007ff97fa3a000 	C:\WINDOWS\System32\NSI.dll
0x00007ff952fa0000 - 0x00007ff952fa9000 	C:\Program Files\Android\Android Studio3\jbr\bin\extnet.dll
0x00007ff97c670000 - 0x00007ff97c68b000 	C:\WINDOWS\SYSTEM32\CRYPTSP.dll
0x00007ff97bc80000 - 0x00007ff97bcb9000 	C:\WINDOWS\system32\rsaenh.dll
0x00007ff97c320000 - 0x00007ff97c353000 	C:\WINDOWS\SYSTEM32\USERENV.dll
0x00007ff97cec0000 - 0x00007ff97ceea000 	C:\WINDOWS\SYSTEM32\bcrypt.dll
0x00007ff97c4d0000 - 0x00007ff97c4dc000 	C:\WINDOWS\SYSTEM32\CRYPTBASE.dll
0x00007ff96dd60000 - 0x00007ff96dd68000 	C:\WINDOWS\system32\wshunix.dll
0x00007ff97be40000 - 0x00007ff97be76000 	C:\WINDOWS\SYSTEM32\ntmarta.dll
0x00007ff93ecd0000 - 0x00007ff93ece8000 	C:\WINDOWS\system32\napinsp.dll
0x00007ff97b800000 - 0x00007ff97b94a000 	C:\WINDOWS\SYSTEM32\DNSAPI.dll
0x00007ff97c090000 - 0x00007ff97c09d000 	C:\WINDOWS\SYSTEM32\DSPARSE.dll
0x00007ff93ecb0000 - 0x00007ff93ecc3000 	C:\WINDOWS\System32\winrnr.dll
0x00007ff93ecf0000 - 0x00007ff93ed12000 	C:\WINDOWS\system32\nlansp_c.dll
0x00007ff96cb70000 - 0x00007ff96cb86000 	C:\WINDOWS\system32\wshbth.dll
0x000000006a5f0000 - 0x000000006a616000 	C:\Program Files\Bonjour\mdnsNSP.dll
0x00007ff96e0f0000 - 0x00007ff96e0fb000 	C:\Windows\System32\rasadhlp.dll
0x00007ff96a940000 - 0x00007ff96a9c6000 	C:\WINDOWS\System32\fwpuclnt.dll
0x00007ff96b650000 - 0x00007ff96b657000 	C:\Program Files\Android\Android Studio3\jbr\bin\rmi.dll
0x00007ff933400000 - 0x00007ff933599000 	C:\Program Files\Android\Android Studio3\jbr\bin\awt.dll
0x00007ff979fd0000 - 0x00007ff979fff000 	C:\WINDOWS\SYSTEM32\dwmapi.dll
0x00007ff9656e0000 - 0x00007ff965724000 	C:\Program Files\Android\Android Studio3\jbr\bin\nvdaControllerClient64.dll
0x00007ff958b70000 - 0x00007ff958be6000 	C:\WINDOWS\SYSTEM32\OLEACC.dll
0x00007ff979850000 - 0x00007ff9798f0000 	C:\WINDOWS\SYSTEM32\apphelp.dll
0x00007ff9799e0000 - 0x00007ff979a8a000 	C:\WINDOWS\system32\uxtheme.dll
0x00007ff97f410000 - 0x00007ff97f56d000 	C:\WINDOWS\System32\MSCTF.dll
0x00007ff97dc00000 - 0x00007ff97dd98000 	C:\WINDOWS\System32\ole32.dll
0x00007ff9241c0000 - 0x00007ff9242a9000 	C:\Users\HP\AppData\Local\Temp\sqlite-3.41.2.2-0ba808e4-ee02-4e64-bf63-de598928cba3-sqlitejdbc.dll

JVMTI agents:
C:\Users\HP\.gradle\wrapper\dists\gradle-9.4.1-bin\arn2x92ynaizyzdaamcbpbhtj\gradle-9.4.1\lib\agents\gradle-instrumentation-agent-9.4.1.jar path:C:\Program Files\Android\Android Studio3\jbr\bin\instrument.dll, loaded, initialized, instrumentlib options:none

dbghelp: loaded successfully - version: 4.0.5 - missing functions: none
symbol engine: initialized successfully - sym options: 0x614 - pdb path: .;C:\Program Files\Android\Android Studio3\jbr\bin;C:\WINDOWS\SYSTEM32;C:\WINDOWS\WinSxS\amd64_microsoft.windows.common-controls_6595b64144ccf1df_6.0.26100.8521_none_3e08b75ce33403b3;C:\Program Files\Android\Android Studio3\jbr\bin\server;C:\Users\HP\.gradle\native\660c5614fbf4a5f2a75b1949f50a0caf5cd603558e7d8a26e50b933a0cfb79d1\windows-amd64;C:\Users\HP\.gradle\native\0.2.8\x86_64-windows-gnu;C:\Program Files\Bonjour;C:\Users\HP\AppData\Local\Temp

VM Arguments:
jvm_args: --add-opens=java.base/java.lang=ALL-UNNAMED --add-opens=java.base/java.lang.invoke=ALL-UNNAMED --add-opens=java.base/java.util=ALL-UNNAMED --add-opens=java.prefs/java.util.prefs=ALL-UNNAMED --add-exports=jdk.compiler/com.sun.tools.javac.api=ALL-UNNAMED --add-exports=jdk.compiler/com.sun.tools.javac.util=ALL-UNNAMED --add-opens=java.base/java.util=ALL-UNNAMED --add-opens=java.prefs/java.util.prefs=ALL-UNNAMED --add-opens=java.base/java.nio.charset=ALL-UNNAMED --add-opens=java.base/java.net=ALL-UNNAMED --add-opens=java.base/java.util.concurrent=ALL-UNNAMED --add-opens=java.base/java.util.concurrent.atomic=ALL-UNNAMED --add-opens=java.xml/javax.xml.namespace=ALL-UNNAMED --add-opens=java.base/java.time=ALL-UNNAMED -XX:MaxMetaspaceSize=1024m -XX:+HeapDumpOnOutOfMemoryError -Xmx6144m -Dfile.encoding=UTF-8 -Duser.country=US -Duser.language=en -Duser.variant -javaagent:C:\Users\HP\.gradle\wrapper\dists\gradle-9.4.1-bin\arn2x92ynaizyzdaamcbpbhtj\gradle-9.4.1\lib\agents\gradle-instrumentation-agent-9.4.1.jar 
java_command: org.gradle.launcher.daemon.bootstrap.GradleDaemon 9.4.1
java_class_path (initial): C:\Users\HP\.gradle\wrapper\dists\gradle-9.4.1-bin\arn2x92ynaizyzdaamcbpbhtj\gradle-9.4.1\lib\gradle-daemon-main-9.4.1.jar
Launcher Type: SUN_STANDARD

[Global flags]
     intx CICompilerCount                          = 3                                         {product} {ergonomic}
   size_t CompressedClassSpaceSize                 = 872415232                                 {product} {ergonomic}
     uint ConcGCThreads                            = 1                                         {product} {ergonomic}
     uint G1ConcRefinementThreads                  = 4                                         {product} {ergonomic}
   size_t G1HeapRegionSize                         = 4194304                                   {product} {ergonomic}
    uintx GCDrainStackTargetSize                   = 64                                        {product} {ergonomic}
     bool HeapDumpOnOutOfMemoryError               = true                                   {manageable} {command line}
   size_t InitialHeapSize                          = 268435456                                 {product} {ergonomic}
   size_t MarkStackSize                            = 4194304                                   {product} {ergonomic}
   size_t MaxHeapSize                              = 6442450944                                {product} {command line}
   size_t MaxMetaspaceSize                         = 1073741824                                {product} {command line}
   size_t MaxNewSize                               = 3862953984                                {product} {ergonomic}
   size_t MinHeapDeltaBytes                        = 4194304                                   {product} {ergonomic}
   size_t MinHeapSize                              = 8388608                                   {product} {ergonomic}
    uintx NonNMethodCodeHeapSize                   = 5832780                                {pd product} {ergonomic}
    uintx NonProfiledCodeHeapSize                  = 122912730                              {pd product} {ergonomic}
    uintx ProfiledCodeHeapSize                     = 122912730                              {pd product} {ergonomic}
    uintx ReservedCodeCacheSize                    = 251658240                              {pd product} {ergonomic}
     bool SegmentedCodeCache                       = true                                      {product} {ergonomic}
   size_t SoftMaxHeapSize                          = 6442450944                             {manageable} {ergonomic}
     bool UseCompressedOops                        = true                           {product lp64_product} {ergonomic}
     bool UseG1GC                                  = true                                      {product} {ergonomic}
     bool UseLargePagesIndividualAllocation        = false                                  {pd product} {ergonomic}

Logging:
Log output configuration:
 #0: stdout all=warning uptime,level,tags foldmultilines=false
 #1: stderr all=off uptime,level,tags foldmultilines=false

Release file:
JAVA_VERSION="21.0.10" 
MODULES="java.base java.compiler java.datatransfer java.xml java.prefs java.desktop java.instrument java.logging java.management java.security.sasl java.naming java.rmi java.management.rmi java.net.http java.scripting java.security.jgss java.transaction.xa java.sql java.sql.rowset java.xml.crypto java.se java.smartcardio jdk.accessibility jdk.internal.jvmstat jdk.attach jdk.charsets jdk.internal.opt jdk.zipfs jdk.compiler jdk.crypto.ec jdk.crypto.cryptoki jdk.dynalink jdk.hotspot.agent jdk.httpserver jdk.internal.ed jdk.internal.le jdk.internal.vm.ci jdk.jartool jdk.javadoc jdk.jcmd jdk.jdeps jdk.jdwp.agent jdk.jdi jdk.jfr jdk.jlink jdk.jsobject jdk.localedata jdk.management jdk.management.agent jdk.management.jfr jdk.naming.dns jdk.naming.rmi jdk.net jdk.sctp jdk.security.auth jdk.security.jgss jdk.unsupported jdk.unsupported.desktop jdk.xml.dom" 
IMPLEMENTOR="JetBrains s.r.o." 
JAVA_RUNTIME_VERSION="21.0.10+-14961533-b1163.108" 
LIBC="default" 
OS_ARCH="x86_64" 
OS_NAME="Windows" 
SOURCE=".:git:1351622c2ff2" 

Environment Variables:
JAVA_HOME=C:\Program Files\Java\jdk-18.0.2.1
PATH=C:\Python314\Scripts\;C:\Python314\;C:\Program Files\Common Files\Oracle\Java\javapath;C:\Program Files\Eclipse Adoptium\jdk-17.0.17.10-hotspot\bin;C:\Program Files (x86)\VMware\VMware Workstation\bin\;C:\Users\HP\Downloads\;C:\Python313\;C:\WINDOWS\system32;C:\WINDOWS;C:\WINDOWS\System32\Wbem;C:\WINDOWS\System32\WindowsPowerShell\v1.0\;C:\WINDOWS\System32\OpenSSH\;C:\ProgramData\chocolatey\bin;C:\Program Files\Git\cmd;C:\Program Files\Git\bin;C:\Program Files\dotnet\;C:\Program Files (x86)\Windows Kits\10\Windows Performance Toolkit\;C:\Program Files\Microsoft SQL Server\Client SDK\ODBC\170\Tools\Binn\;C:\Program Files\Microsoft SQL Server\150\Tools\Binn\;"C:\Program Files\Java\jdk-18.0.2.1"\bin;C:\Users\HP\AppData\Local\Android\Sdk\platform-tools;C:\Users\HP\AppData\Local\Android\Sdk\platform-tools;%NVM_HOME%;%NVM_SYMLINK%;C:\Program Files\cursor\resources\app\bin;C:\Program Files\RedHat\Podman\;C:\Program Files\Void\bin;C:\Program Files\Docker\Docker\resources\bin;c:\Users\HP\AppData\Local\Programs\Trae\bin;C:\Program Files (x86)\VMware\VMware Workstation\bin\;C:\Users\HP\Downloads\;C:\Python313\;C:\Windows\system32;C:\Windows;C:\Windows\System32\Wbem;C:\Windows\System32\WindowsPowerShell\v1.0\;C:\Windows\System32\OpenSSH\;C:\ProgramData\chocolatey\bin;C:\Program Files\Docker\Docker\resources\bin;C:\Program Files\Git\cmd;C:\Program Files\Git\bin;C:\Program Files\dotnet\;C:\Program Files (x86)\Windows Kits\10\Windows Performance Toolkit\;C:\Program Files\Microsoft SQL Server\Client SDK\ODBC\170\Tools\Binn\;C:\Program Files\Microsoft SQL Server\150\Tools\Binn\;C:\Users\HP\AppData\Local\Programs\Python\Launcher\;C:\Users\HP\AppData\Local\Microsoft\WindowsApps;C:\Users\HP\AppData\Local\Programs\Microsoft VS Code\bin;C:\Users\HP\.dotnet\tools;C:\Users\HP\AppData\Local\Microsoft\WindowsApps;C:\Users\HP\AppData\Local\nvm;C:\nvm4w\nodejs;C:\Users\HP\AppData\Local\Programs\Zed\bin;C:\Users\HP\AppData\Local\Programs\cursor\resources\app\bin;C:\Users\HP\AppData\Local\Temp\Kiro\bin;C:\Users\HP\AppData\Local\Programs\Ollama;C:\Users\HP\AppData\Local\Programs\Devin\bin
USERNAME=HP
OS=Windows_NT
PROCESSOR_IDENTIFIER=Intel64 Family 6 Model 78 Stepping 3, GenuineIntel
TMP=C:\Users\HP\AppData\Local\Temp
TEMP=C:\Users\HP\AppData\Local\Temp




Periodic native trim disabled

JNI global refs:
JNI global refs: 38, weak refs: 10

JNI global refs memory usage: 835, weak refs: 833

Process memory usage:
Resident Set Size: 233120K (1% of 16653120K total physical memory with 933344K free physical memory)

OOME stack traces (most recent first):
Classloader memory used:
Loader org.gradle.internal.classloader.VisitableURLClassLoader$InstrumentingVisitableURLClassLoader: 60219K
Loader java.net.URLClassLoader                                                         : 53588K
Loader org.gradle.internal.classloader.VisitableURLClassLoader                         : 51789K
Loader bootstrap                                                                       : 35445K
Loader org.gradle.initialization.MixInLegacyTypesClassLoader                           : 17487K
Loader jdk.internal.reflect.DelegatingClassLoader                                      : 1883K
Loader jdk.internal.jrtfs.JrtFileSystemProvider$JrtFsLoader                            : 295K
Loader jdk.internal.loader.ClassLoaders$PlatformClassLoader                            : 289K
Loader jdk.internal.loader.ClassLoaders$AppClassLoader                                 : 197K
Loader org.gradle.internal.classloader.VisitableURLClassLoader                         : 194K
Loader org.gradle.groovy.scripts.internal.DefaultScriptCompilationHandler$ScriptClassLoader: 180K
Loader sun.reflect.misc.MethodUtil                                                     : 3000B

Classes loaded by more than one classloader:
Class Program                                                                         : loaded 5 times (x 72B)
Class ijKotlinCoroutineJvmDebugInit1_buww37xxpwyrlogzp1suct069                        : loaded 3 times (x 171B)
Class ijJvmDebugger1_cczc8vxz7m3kxxnoaqupzk0hw$_run_closure1$_closure2                : loaded 3 times (x 140B)
Class ijJvmDebugger1_cczc8vxz7m3kxxnoaqupzk0hw$_run_closure1                          : loaded 3 times (x 139B)
Class ijJvmDebugger1_cczc8vxz7m3kxxnoaqupzk0hw                                        : loaded 3 times (x 171B)
Class Build_gradle                                                                    : loaded 3 times (x 126B)
Class ijKotlinCoroutineJvmDebugInit1_buww37xxpwyrlogzp1suct069$_run_closure1$_closure2: loaded 3 times (x 139B)
Class ijKotlinCoroutineJvmDebugInit1_buww37xxpwyrlogzp1suct069$_run_closure1          : loaded 3 times (x 139B)
Class com.google.common.base.Equivalence$Identity                                     : loaded 2 times (x 82B)
Class org.gradle.internal.classloader.FilteringClassLoader                            : loaded 2 times (x 105B)
Class jdk.internal.jimage.BasicImageReader                                            : loaded 2 times (x 95B)
Class kotlin.io.FilesKt__FileTreeWalkKt                                               : loaded 2 times (x 71B)
Class kotlin.jvm.internal.CollectionToArray                                           : loaded 2 times (x 71B)
Class kotlin.sequences.FilteringSequence$iterator$1                                   : loaded 2 times (x 79B)
Class kotlin.sequences.SequencesKt__SequenceBuilderKt                                 : loaded 2 times (x 71B)
Class kotlin.collections.CollectionsKt__ReversedViewsKt                               : loaded 2 times (x 71B)
Class com.google.common.cache.LocalCache$ValueIterator                                : loaded 2 times (x 86B)
Class [Lcom.google.common.collect.MapMakerInternalMap$Segment;                        : loaded 2 times (x 69B)
Class com.google.common.io.FileWriteMode                                              : loaded 2 times (x 79B)
Class [Lcom.google.common.base.AbstractIterator$State;                                : loaded 2 times (x 69B)
Class com.google.common.base.CharMatcher$IsEither                                     : loaded 2 times (x 111B)
Class org.gradle.internal.classloader.ClassLoaderHierarchy                            : loaded 2 times (x 70B)
Class com.intellij.gradle.toolingExtension.impl.initScript.util.GradleLifecycleUtil   : loaded 2 times (x 71B)
Class kotlin.jvm.internal.MutablePropertyReference1                                   : loaded 2 times (x 137B)
Class kotlin.jvm.internal.PropertyReference1Impl                                      : loaded 2 times (x 127B)
Class kotlin.SafePublicationLazyImpl$Companion                                        : loaded 2 times (x 71B)
Class [Lcom.google.common.cache.RemovalCause;                                         : loaded 2 times (x 69B)
Class com.google.common.collect.ImmutableList$1                                       : loaded 2 times (x 97B)
Class com.google.common.collect.ImmutableEnumSet                                      : loaded 2 times (x 146B)
Class com.google.common.util.concurrent.ExecutionError                                : loaded 2 times (x 82B)
Class com.google.common.collect.AbstractMapBasedMultimap$WrappedCollection            : loaded 2 times (x 124B)
Class kotlin.collections.builders.MapBuilder                                          : loaded 2 times (x 112B)
Class kotlin.ranges.IntProgression$Companion                                          : loaded 2 times (x 71B)
Class com.google.common.collect.RegularImmutableMap                                   : loaded 2 times (x 121B)
Class com.google.common.collect.ImmutableMap$MapViewOfValuesAsSingletonSets           : loaded 2 times (x 126B)
Class kotlin.collections.builders.ListBuilder$Itr                                     : loaded 2 times (x 94B)
Class kotlin.sequences.TransformingSequence                                           : loaded 2 times (x 75B)
Class com.google.common.reflect.TypeCapture                                           : loaded 2 times (x 71B)
Class [Lorg.objectweb.asm.Symbol;                                                     : loaded 2 times (x 69B)
Class org.objectweb.asm.ClassVisitor                                                  : loaded 2 times (x 88B)
Class com.google.common.cache.LocalCache$Values                                       : loaded 2 times (x 118B)
Class com.google.common.collect.TransformedListIterator                               : loaded 2 times (x 93B)
Class com.google.common.collect.UnmodifiableListIterator                              : loaded 2 times (x 95B)
Class kotlin.io.LinesSequence                                                         : loaded 2 times (x 75B)
Class [Lkotlin.reflect.KClass;                                                        : loaded 2 times (x 69B)
Class org.objectweb.asm.MethodTooLargeException                                       : loaded 2 times (x 83B)
Class com.google.common.base.Platform$JdkPatternCompiler                              : loaded 2 times (x 75B)
Class com.google.common.collect.MapMakerInternalMap$StrongKeyDummyValueEntry$LinkedStrongKeyDummyValueEntry: loaded 2 times (x 82B)
Class com.google.common.collect.MapMakerInternalMap$Strength                          : loaded 2 times (x 80B)
Class [Lcom.google.common.cache.CacheBuilder$OneWeigher;                              : loaded 2 times (x 69B)
Class com.google.common.base.Suppliers                                                : loaded 2 times (x 71B)
Class org.gradle.internal.classloader.DefaultClassLoaderFactory                       : loaded 2 times (x 82B)
Class kotlin.sequences.SequencesKt___SequencesKt$flatMap$1                            : loaded 2 times (x 125B)
Class kotlin.KotlinVersion$Companion                                                  : loaded 2 times (x 71B)
Class kotlin.sequences.SequencesKt___SequencesKt                                      : loaded 2 times (x 71B)
Class kotlin.collections.AbstractList$Companion                                       : loaded 2 times (x 71B)
Class [Lcom.google.common.collect.AbstractIterator$State;                             : loaded 2 times (x 69B)
Class com.google.common.base.CharMatcher$None                                         : loaded 2 times (x 112B)
Class kotlin.sequences.SequencesKt___SequencesKt$flatMap$2                            : loaded 2 times (x 125B)
Class kotlin.io.FileTreeWalk$FileTreeWalkIterator                                     : loaded 2 times (x 83B)
Class [Lcom.google.common.collect.ImmutableMapEntry;                                  : loaded 2 times (x 69B)
Class kotlin.coroutines.ContinuationInterceptor                                       : loaded 2 times (x 70B)
Class kotlin.text.StringsKt__AppendableKt                                             : loaded 2 times (x 71B)
Class com.google.common.collect.ImmutableRangeSet                                     : loaded 2 times (x 115B)
Class com.google.common.collect.ImmutableEnumMap                                      : loaded 2 times (x 126B)
Class com.google.common.collect.ListMultimap                                          : loaded 2 times (x 70B)
Class com.google.common.base.PairwiseEquivalence                                      : loaded 2 times (x 83B)
Class kotlin.jvm.internal.ArrayIteratorKt                                             : loaded 2 times (x 71B)
Class kotlin.reflect.KProperty$Accessor                                               : loaded 2 times (x 70B)
Class [Lkotlin.reflect.KCallable;                                                     : loaded 2 times (x 69B)
Class kotlin.jvm.internal.AdaptedFunctionReference                                    : loaded 2 times (x 77B)
Class org.objectweb.asm.AnnotationVisitor                                             : loaded 2 times (x 78B)
Class com.google.common.collect.Sets$1                                                : loaded 2 times (x 139B)
Class com.google.common.base.Splitter                                                 : loaded 2 times (x 72B)
Class com.google.common.collect.ImmutableSet$SerializedForm                           : loaded 2 times (x 73B)
Class org.gradle.api.internal.DefaultClassPathProvider                                : loaded 2 times (x 76B)
Class com.intellij.gradle.toolingExtension.impl.initScript.util.GradleTasksUtil       : loaded 2 times (x 71B)
Class kotlin.sequences.SequenceScope                                                  : loaded 2 times (x 73B)
Class kotlin.text.StringsKt__StringNumberConversionsJVMKt                             : loaded 2 times (x 71B)
Class kotlin.sequences.Sequence                                                       : loaded 2 times (x 70B)
Class [Lcom.google.common.base.Function;                                              : loaded 2 times (x 69B)
Class com.google.common.collect.MapMakerInternalMap$Strength$1                        : loaded 2 times (x 80B)
Class com.google.common.collect.Maps$ViewCachingAbstractMap                           : loaded 2 times (x 125B)
Class com.google.common.collect.Sets$2                                                : loaded 2 times (x 139B)
Class [Lorg.gradle.api.internal.ClassPathProvider;                                    : loaded 2 times (x 69B)
Class org.gradle.api.internal.ClassPathProvider                                       : loaded 2 times (x 70B)
Class kotlin.jvm.functions.Function20                                                 : loaded 2 times (x 70B)
Class kotlin.collections.CollectionsKt___CollectionsKt$asSequence$$inlined$Sequence$1 : loaded 2 times (x 75B)
Class com.google.common.reflect.Types$ClassOwnership$1                                : loaded 2 times (x 80B)
Class [Lorg.objectweb.asm.AnnotationVisitor;                                          : loaded 2 times (x 69B)
Class com.google.common.collect.MapMakerInternalMap$Strength$2                        : loaded 2 times (x 80B)
Class com.google.common.collect.Sets$3                                                : loaded 2 times (x 139B)
Class com.google.common.base.AbstractIterator$State                                   : loaded 2 times (x 79B)
Class com.google.common.cache.LocalCache$LocalLoadingCache                            : loaded 2 times (x 134B)
Class org.gradle.internal.service.UnknownServiceException                             : loaded 2 times (x 83B)
Class kotlin.jvm.functions.Function21                                                 : loaded 2 times (x 70B)
Class com.google.common.reflect.Types$ClassOwnership$2                                : loaded 2 times (x 80B)
Class com.google.common.reflect.TypeResolver                                          : loaded 2 times (x 72B)
Class org.objectweb.asm.ModuleVisitor                                                 : loaded 2 times (x 81B)
Class com.google.common.collect.MapMakerInternalMap$StrongValueEntry                  : loaded 2 times (x 70B)
Class com.google.common.collect.Sets$4                                                : loaded 2 times (x 139B)
Class com.google.common.cache.LocalCache$Strength$1                                   : loaded 2 times (x 81B)
Class kotlin.annotation.AnnotationRetention                                           : loaded 2 times (x 79B)
Class kotlin.jvm.functions.Function22                                                 : loaded 2 times (x 70B)
Class kotlin.collections.MapWithDefault                                               : loaded 2 times (x 70B)
Class kotlin.coroutines.jvm.internal.SuspendLambda                                    : loaded 2 times (x 91B)
Class kotlin.coroutines.jvm.internal.ContinuationImpl                                 : loaded 2 times (x 87B)
Class com.google.common.reflect.Types$ClassOwnership$3                                : loaded 2 times (x 71B)
Class com.google.common.collect.Collections2$FilteredCollection                       : loaded 2 times (x 119B)
Class com.google.common.util.concurrent.SettableFuture                                : loaded 2 times (x 114B)
Class com.google.common.cache.LocalCache$Strength$2                                   : loaded 2 times (x 81B)
Class kotlin.reflect.KTypeParameter                                                   : loaded 2 times (x 70B)
Class kotlin.text.StringsKt__RegexExtensionsJVMKt                                     : loaded 2 times (x 71B)
Class kotlin.collections.ArraysKt___ArraysJvmKt                                       : loaded 2 times (x 71B)
Class kotlin.collections.CollectionsKt__CollectionsKt                                 : loaded 2 times (x 71B)
Class [Lcom.google.common.collect.Maps$EntryFunction;                                 : loaded 2 times (x 69B)
Class com.google.common.collect.Interners$InternerImpl                                : loaded 2 times (x 75B)
Class com.google.common.collect.Interner                                              : loaded 2 times (x 70B)
Class com.google.common.collect.TransformedIterator                                   : loaded 2 times (x 80B)
Class com.google.common.base.Splitter$1                                               : loaded 2 times (x 77B)
Class com.google.common.cache.LocalCache$Strength$3                                   : loaded 2 times (x 81B)
Class com.google.common.collect.MapDifference                                         : loaded 2 times (x 70B)
Class kotlin.text.Regex$Companion                                                     : loaded 2 times (x 71B)
Class kotlin._Assertions                                                              : loaded 2 times (x 71B)
Class com.google.common.reflect.Invokable                                             : loaded 2 times (x 103B)
Class org.objectweb.asm.FieldWriter                                                   : loaded 2 times (x 78B)
Class com.google.common.collect.MapMaker$Dummy                                        : loaded 2 times (x 79B)
Class com.google.common.cache.CacheBuilder$NullListener                               : loaded 2 times (x 82B)
Class org.gradle.internal.classpath.TransformedClassPath                              : loaded 2 times (x 96B)
Class org.gradle.internal.classloader.InstrumentingClassLoader                        : loaded 2 times (x 70B)
Class [Lkotlin.annotation.AnnotationTarget;                                           : loaded 2 times (x 69B)
Class kotlin.jvm.internal.FunctionReference                                           : loaded 2 times (x 122B)
Class [Lkotlin.coroutines.intrinsics.CoroutineSingletons;                             : loaded 2 times (x 69B)
Class kotlin.jvm.internal.FunctionBase                                                : loaded 2 times (x 70B)
Class kotlin.enums.EnumEntriesList                                                    : loaded 2 times (x 223B)
Class com.google.common.collect.ImmutableRangeSet$AsSet                               : loaded 2 times (x 300B)
Class com.google.common.reflect.Types$ParameterizedTypeImpl                           : loaded 2 times (x 81B)
Class com.google.common.collect.Maps$IteratorBasedAbstractMap$1                       : loaded 2 times (x 138B)
Class com.google.common.collect.Iterators$ArrayItr                                    : loaded 2 times (x 97B)
Class com.google.common.cache.CacheLoader$FunctionToCacheLoader                       : loaded 2 times (x 75B)
Class com.google.common.collect.ImmutableCollection$Builder                           : loaded 2 times (x 76B)
Class kotlin.comparisons.ComparisonsKt___ComparisonsJvmKt                             : loaded 2 times (x 71B)
Class kotlin.collections.builders.ListBuilder$Companion                               : loaded 2 times (x 71B)
Class kotlin.collections.builders.ListBuilder                                         : loaded 2 times (x 207B)
Class kotlin.collections.CollectionsKt__IteratorsJVMKt                                : loaded 2 times (x 71B)
Class com.google.common.reflect.TypeResolver$TypeVariableKey                          : loaded 2 times (x 72B)
Class com.google.common.collect.BaseImmutableMultimap                                 : loaded 2 times (x 123B)
Class com.google.common.base.Joiner                                                   : loaded 2 times (x 79B)
Class com.google.common.base.MoreObjects                                              : loaded 2 times (x 71B)
Class kotlin.reflect.KProperty0                                                       : loaded 2 times (x 70B)
Class kotlin.Result                                                                   : loaded 2 times (x 72B)
Class [Lorg.objectweb.asm.Type;                                                       : loaded 2 times (x 69B)
Class com.google.common.collect.Platform                                              : loaded 2 times (x 71B)
Class com.google.common.collect.UnmodifiableIterator                                  : loaded 2 times (x 80B)
Class org.gradle.internal.service.ServiceLocator                                      : loaded 2 times (x 70B)
Class com.intellij.gradle.toolingExtension.util.GradleVersionUtil                     : loaded 2 times (x 71B)
Class jdk.internal.jrtfs.JrtFileSystemProvider                                        : loaded 2 times (x 101B)
Class kotlin.reflect.KProperty1                                                       : loaded 2 times (x 70B)
Class kotlin.reflect.KClass                                                           : loaded 2 times (x 70B)
Class kotlin.sequences.TransformingSequence$iterator$1                                : loaded 2 times (x 79B)
Class kotlin.Pair                                                                     : loaded 2 times (x 72B)
Class com.google.common.base.Ascii                                                    : loaded 2 times (x 71B)
Class com.google.common.collect.HashBiMap$BiEntry                                     : loaded 2 times (x 83B)
Class com.google.common.collect.SingletonImmutableBiMap                               : loaded 2 times (x 143B)
Class com.google.common.collect.Iterators$SingletonIterator                           : loaded 2 times (x 81B)
Class com.google.common.cache.LocalCache$1                                            : loaded 2 times (x 89B)
Class com.google.common.collect.AbstractMapEntry                                      : loaded 2 times (x 81B)
Class kotlin.sequences.GeneratorSequence$iterator$1                                   : loaded 2 times (x 79B)
Class kotlin.reflect.KProperty2                                                       : loaded 2 times (x 70B)
Class kotlin.collections.CollectionsKt__MutableCollectionsKt                          : loaded 2 times (x 71B)
Class kotlin.io.CloseableKt                                                           : loaded 2 times (x 71B)
Class com.google.common.reflect.TypeToken$SimpleTypeToken                             : loaded 2 times (x 73B)
Class com.google.common.collect.ImmutableList$Builder                                 : loaded 2 times (x 77B)
Class com.google.common.collect.MapMakerInternalMap$AbstractStrongKeyEntry            : loaded 2 times (x 80B)
Class com.google.common.collect.Sets$ImprovedAbstractSet                              : loaded 2 times (x 135B)
Class com.google.common.cache.LocalCache$2                                            : loaded 2 times (x 142B)
Class com.google.common.collect.AbstractMultimap                                      : loaded 2 times (x 123B)
Class kotlin.io.TerminateException                                                    : loaded 2 times (x 82B)
Class kotlin.io.FilesKt__FilePathComponentsKt                                         : loaded 2 times (x 71B)
Class kotlin.reflect.KCallable                                                        : loaded 2 times (x 70B)
Class kotlin.coroutines.CoroutineContext$Element                                      : loaded 2 times (x 70B)
Class com.google.common.collect.ImmutableRangeSet$1                                   : loaded 2 times (x 210B)
Class com.google.common.collect.RegularImmutableAsList                                : loaded 2 times (x 217B)
Class kotlin.io.LinesSequence$iterator$1                                              : loaded 2 times (x 79B)
Class kotlin.collections.AbstractIterator                                             : loaded 2 times (x 83B)
Class kotlin.text.CharsKt                                                             : loaded 2 times (x 71B)
Class com.google.common.collect.Range                                                 : loaded 2 times (x 87B)
Class com.google.common.base.Optional                                                 : loaded 2 times (x 80B)
Class com.google.common.util.concurrent.AbstractFuture$Trusted                        : loaded 2 times (x 70B)
Class com.google.common.collect.Iterators                                             : loaded 2 times (x 71B)
Class com.google.common.collect.RegularImmutableMap$KeySet                            : loaded 2 times (x 152B)
Class com.intellij.gradle.toolingExtension.impl.initScript.util.GradleJvmForkedDebuggerHelper: loaded 2 times (x 71B)
Class jdk.internal.jimage.ImageLocation                                               : loaded 2 times (x 90B)
Class kotlin.coroutines.ContinuationInterceptor$Key                                   : loaded 2 times (x 71B)
Class kotlin.text.DelimitedRangesSequence$iterator$1                                  : loaded 2 times (x 79B)
Class org.gradle.kotlin.dsl.VersionCatalogAccessorsKt                                 : loaded 2 times (x 71B)
Class com.google.common.io.ByteSink$AsCharSink                                        : loaded 2 times (x 80B)
Class com.google.common.collect.Lists$StringAsImmutableList                           : loaded 2 times (x 207B)
Class com.google.common.util.concurrent.UncheckedExecutionException                   : loaded 2 times (x 82B)
Class ijKotlinCoroutineJvmDebugInit1_buww37xxpwyrlogzp1suct069$_run_closure1$_closure3: loaded 2 times (x 139B)
Class jdk.internal.jimage.ImageBufferCache$1                                          : loaded 2 times (x 83B)
Class kotlin.DeprecationLevel                                                         : loaded 2 times (x 79B)
Class kotlin.collections.ArraysKt___ArraysKt$asSequence$$inlined$Sequence$1           : loaded 2 times (x 75B)
Class kotlin.time.DurationUnitKt__DurationUnitJvmKt                                   : loaded 2 times (x 71B)
Class kotlin.jvm.JvmStatic                                                            : loaded 2 times (x 70B)
Class kotlin.collections.MapsKt__MapsJVMKt                                            : loaded 2 times (x 71B)
Class kotlin.collections.EmptyList                                                    : loaded 2 times (x 174B)
Class org.objectweb.asm.ClassWriter                                                   : loaded 2 times (x 106B)
Class com.google.common.collect.AbstractMapBasedMultimap$KeySet$1                     : loaded 2 times (x 82B)
Class com.google.common.base.CharMatcher$And                                          : loaded 2 times (x 112B)
Class com.google.common.cache.CacheLoader$UnsupportedLoadingOperationException        : loaded 2 times (x 82B)
Class jdk.internal.jimage.ImageBufferCache$2                                          : loaded 2 times (x 91B)
Class kotlin.collections.builders.ListBuilderKt                                       : loaded 2 times (x 71B)
Class org.objectweb.asm.FieldVisitor                                                  : loaded 2 times (x 77B)
Class com.google.common.collect.FluentIterable$1                                      : loaded 2 times (x 81B)
Class com.google.common.base.Objects                                                  : loaded 2 times (x 71B)
Class com.google.common.collect.IndexedImmutableSet                                   : loaded 2 times (x 152B)
Class com.google.common.collect.ImmutableMap$1                                        : loaded 2 times (x 81B)
Class com.google.common.collect.BiMap                                                 : loaded 2 times (x 70B)
Class org.gradle.api.internal.classpath.DefaultModuleRegistry$DefaultModule           : loaded 2 times (x 82B)
Class kotlin.ResultKt                                                                 : loaded 2 times (x 71B)
Class com.google.common.reflect.Reflection                                            : loaded 2 times (x 71B)
Class com.google.common.base.Absent                                                   : loaded 2 times (x 80B)
Class com.google.common.collect.FluentIterable$2                                      : loaded 2 times (x 81B)
Class com.google.common.primitives.Ints                                               : loaded 2 times (x 71B)
Class com.google.common.collect.AbstractIterator                                      : loaded 2 times (x 82B)
Class kotlin.collections.IndexingIterable                                             : loaded 2 times (x 79B)
Class kotlin.Result$Failure                                                           : loaded 2 times (x 72B)
Class kotlin.collections.ArraysKt__ArraysKt                                           : loaded 2 times (x 71B)
Class com.google.common.collect.FluentIterable$3                                      : loaded 2 times (x 81B)
Class com.google.common.math.MathPreconditions                                        : loaded 2 times (x 71B)
Class com.google.common.collect.ObjectArrays                                          : loaded 2 times (x 71B)
Class com.google.common.collect.AbstractIndexedListIterator                           : loaded 2 times (x 96B)
Class com.google.common.collect.ArrayListMultimapGwtSerializationDependencies         : loaded 2 times (x 172B)
Class com.google.common.collect.Multiset                                              : loaded 2 times (x 70B)
Class kotlin.collections.SetsKt__SetsJVMKt                                            : loaded 2 times (x 71B)
Class kotlin.Function                                                                 : loaded 2 times (x 70B)
Class com.google.common.collect.ImmutableMapEntrySet                                  : loaded 2 times (x 152B)
Class org.gradle.api.internal.classpath.Module                                        : loaded 2 times (x 70B)
Class kotlin.KotlinVersion                                                            : loaded 2 times (x 74B)
Class kotlin.reflect.KMutableProperty                                                 : loaded 2 times (x 70B)
Class kotlin.io.FileAlreadyExistsException                                            : loaded 2 times (x 82B)
Class kotlin.internal.ProgressionUtilKt                                               : loaded 2 times (x 71B)
Class com.google.common.cache.Weigher                                                 : loaded 2 times (x 70B)
Class org.gradle.api.internal.classpath.UnknownModuleException                        : loaded 2 times (x 82B)
Class jdk.internal.jimage.ImageHeader                                                 : loaded 2 times (x 71B)
Class kotlin.sequences.DistinctIterator                                               : loaded 2 times (x 83B)
Class kotlin.jvm.internal.PropertyReference                                           : loaded 2 times (x 115B)
Class com.google.common.base.Stopwatch                                                : loaded 2 times (x 72B)
Class com.google.common.cache.LocalCache$Strength                                     : loaded 2 times (x 81B)
Class com.google.common.cache.Cache                                                   : loaded 2 times (x 70B)
Class kotlin.collections.IndexingIterator                                             : loaded 2 times (x 79B)
Class com.google.common.util.concurrent.AbstractFuture$Cancellation                   : loaded 2 times (x 72B)
Class com.google.common.collect.ImmutableMap$Builder                                  : loaded 2 times (x 82B)
Class com.google.common.base.NullnessCasts                                            : loaded 2 times (x 71B)
Class [Lkotlin.reflect.KAnnotatedElement;                                             : loaded 2 times (x 69B)
Class com.google.common.collect.AbstractMapBasedMultimap$AsMap$AsMapIterator          : loaded 2 times (x 83B)
Class com.google.common.collect.Maps$EntryFunction$1                                  : loaded 2 times (x 91B)
Class com.google.common.base.Present                                                  : loaded 2 times (x 81B)
Class com.google.common.collect.AbstractMapBasedMultimap$WrappedCollection$WrappedIterator: loaded 2 times (x 84B)
Class com.google.common.cache.RemovalListener                                         : loaded 2 times (x 70B)
Class org.gradle.api.internal.DefaultClassPathRegistry                                : loaded 2 times (x 76B)
Class kotlin.annotation.AnnotationTarget                                              : loaded 2 times (x 79B)
Class kotlin.jvm.JvmClassMappingKt                                                    : loaded 2 times (x 71B)
Class kotlin.jvm.internal.Reflection                                                  : loaded 2 times (x 71B)
Class kotlin.reflect.KProperty                                                        : loaded 2 times (x 70B)
Class kotlin.ranges.ClosedRange                                                       : loaded 2 times (x 70B)
Class com.google.common.reflect.Invokable$ConstructorInvokable                        : loaded 2 times (x 107B)
Class com.google.common.collect.Maps$EntryFunction$2                                  : loaded 2 times (x 91B)
Class com.google.common.primitives.IntsMethodsForWeb                                  : loaded 2 times (x 71B)
Class com.google.common.collect.Multimap                                              : loaded 2 times (x 70B)
Class org.gradle.internal.classpath.DefaultClassPath$ImmutableUniqueList              : loaded 2 times (x 199B)
Class org.gradle.api.internal.ClassPathRegistry                                       : loaded 2 times (x 70B)
Class kotlin.jvm.internal.TypeIntrinsics                                              : loaded 2 times (x 71B)
Class kotlin.collections.IntIterator                                                  : loaded 2 times (x 82B)
Class kotlin.text.StringsKt__StringsJVMKt                                             : loaded 2 times (x 71B)
Class com.google.common.reflect.TypeToken                                             : loaded 2 times (x 73B)
Class com.google.common.collect.NullnessCasts                                         : loaded 2 times (x 71B)
Class com.google.common.base.ExtraObjectsMethodsForWeb                                : loaded 2 times (x 71B)
Class com.google.common.collect.MapMakerInternalMap$Segment                           : loaded 2 times (x 142B)
Class kotlin.time.DurationUnit                                                        : loaded 2 times (x 79B)
Class kotlin.text.StringsKt__IndentKt                                                 : loaded 2 times (x 71B)
Class kotlin.collections.SetsKt                                                       : loaded 2 times (x 71B)
Class kotlin.NotImplementedError                                                      : loaded 2 times (x 82B)
Class Settings_gradle$1                                                               : loaded 2 times (x 74B)
Class com.google.common.cache.RemovalCause                                            : loaded 2 times (x 80B)
Class com.google.common.io.ByteSink                                                   : loaded 2 times (x 76B)
Class com.google.common.collect.SingletonImmutableList                                : loaded 2 times (x 207B)
Class com.google.common.cache.CacheBuilder                                            : loaded 2 times (x 72B)
Class org.gradle.internal.classpath.ClassPath                                         : loaded 2 times (x 70B)
Class kotlin.collections.ArrayDeque                                                   : loaded 2 times (x 207B)
Class kotlin.reflect.KFunction                                                        : loaded 2 times (x 70B)
Class [Lcom.google.common.reflect.Types$JavaVersion;                                  : loaded 2 times (x 69B)
Class com.google.common.collect.Interners$InternerBuilder                             : loaded 2 times (x 76B)
Class com.google.common.io.Files$FileByteSource                                       : loaded 2 times (x 85B)
Class com.google.common.collect.ImmutableList$ReverseImmutableList                    : loaded 2 times (x 209B)
Class kotlin.text.StringsKt__StringsKt                                                : loaded 2 times (x 71B)
Class kotlin.time.DurationUnitKt__DurationUnitKt                                      : loaded 2 times (x 71B)
Class [Lkotlin.reflect.KDeclarationContainer;                                         : loaded 2 times (x 69B)
Class kotlin.jvm.internal.Lambda                                                      : loaded 2 times (x 75B)
Class kotlin.collections.MapsKt__MapsKt                                               : loaded 2 times (x 71B)
Class com.google.errorprone.annotations.DoNotMock                                     : loaded 2 times (x 70B)
Class org.objectweb.asm.SymbolTable$Entry                                             : loaded 2 times (x 74B)
Class org.gradle.api.internal.classpath.DefaultModuleRegistry$DefaultModuleAlias      : loaded 2 times (x 80B)
Class com.intellij.gradle.toolingExtension.impl.util.collectionUtil.GradleCollectionUtil: loaded 2 times (x 71B)
Class kotlin.coroutines.jvm.internal.CompletedContinuation                            : loaded 2 times (x 75B)
Class jdk.internal.jimage.ImageStringsReader                                          : loaded 2 times (x 80B)
Class org.objectweb.asm.Edge                                                          : loaded 2 times (x 72B)
Class com.google.common.collect.Iterators$1                                           : loaded 2 times (x 81B)
Class com.google.common.base.Suppliers$SupplierOfInstance                             : loaded 2 times (x 79B)
Class kotlin.properties.Delegates                                                     : loaded 2 times (x 71B)
Class kotlin.Metadata                                                                 : loaded 2 times (x 70B)
Class kotlin.collections.AbstractMutableSet                                           : loaded 2 times (x 142B)
Class com.google.devtools.ksp.processing.KSPJvmConfig                                 : loaded 2 times (x 72B)
Class kotlin.UninitializedPropertyAccessException                                     : loaded 2 times (x 82B)
Class com.google.common.reflect.TypeToken$1                                           : loaded 2 times (x 110B)
Class com.google.common.cache.LocalCache$ComputingValueReference                      : loaded 2 times (x 96B)
Class com.google.common.collect.ImmutableMap$IteratorBasedImmutableMap                : loaded 2 times (x 126B)
Class com.google.common.collect.SingletonImmutableSet                                 : loaded 2 times (x 146B)
Class jdk.internal.jimage.ImageReader                                                 : loaded 2 times (x 75B)
Class kotlin.reflect.KProperty$Getter                                                 : loaded 2 times (x 70B)
Class com.google.common.collect.AbstractMapBasedMultimap$AsMap$AsMapEntries           : loaded 2 times (x 138B)
Class com.google.common.reflect.TypeToken$2                                           : loaded 2 times (x 110B)
Class com.google.common.cache.LocalCache$Segment                                      : loaded 2 times (x 154B)
Class jdk.internal.jimage.ImageReader$SharedImageReader                               : loaded 2 times (x 95B)
Class kotlin.time.DurationJvmKt                                                       : loaded 2 times (x 71B)
Class kotlin.SafePublicationLazyImpl                                                  : loaded 2 times (x 76B)
Class com.google.common.collect.SortedIterable                                        : loaded 2 times (x 70B)
Class [Lorg.objectweb.asm.SymbolTable$Entry;                                          : loaded 2 times (x 69B)
Class com.google.common.collect.ImmutableBiMap                                        : loaded 2 times (x 143B)
Class com.google.common.collect.Iterators$4                                           : loaded 2 times (x 82B)
Class com.google.common.cache.CacheLoader                                             : loaded 2 times (x 74B)
Class com.google.common.collect.AbstractListMultimap                                  : loaded 2 times (x 172B)
Class org.gradle.api.internal.classpath.ModuleRegistry                                : loaded 2 times (x 70B)
Class org.gradle.internal.installation.GradleInstallation$1                           : loaded 2 times (x 75B)
Class com.google.devtools.ksp.processing.KSPLogger                                    : loaded 2 times (x 70B)
Class com.google.common.util.concurrent.internal.InternalFutureFailureAccess          : loaded 2 times (x 72B)
Class com.google.common.collect.ImmutableSet$JdkBackedSetBuilderImpl                  : loaded 2 times (x 76B)
Class com.google.common.base.Splitter$SplittingIterator                               : loaded 2 times (x 84B)
Class com.google.common.collect.Iterators$5                                           : loaded 2 times (x 82B)
Class kotlin.time.Duration$Companion                                                  : loaded 2 times (x 71B)
Class kotlin.coroutines.intrinsics.IntrinsicsKt__IntrinsicsKt                         : loaded 2 times (x 71B)
Class com.google.common.collect.Iterators$6                                           : loaded 2 times (x 81B)
Class com.google.common.collect.HashBiMap$Inverse                                     : loaded 2 times (x 142B)
Class com.google.common.base.CharMatcher$ForPredicate                                 : loaded 2 times (x 112B)
Class com.google.common.cache.LocalCache$LocalManualCache$1                           : loaded 2 times (x 75B)
Class jdk.internal.jimage.ImageReader$Node                                            : loaded 2 times (x 84B)
Class kotlin.io.FilesKt__UtilsKt                                                      : loaded 2 times (x 71B)
Class kotlin.collections.CollectionsKt__CollectionsJVMKt                              : loaded 2 times (x 71B)
Class com.google.common.base.CharMatcher$AnyOf                                        : loaded 2 times (x 112B)
Class com.google.common.collect.ImmutableCollection                                   : loaded 2 times (x 125B)
Class org.gradle.api.internal.classpath.DefaultModuleRegistry                         : loaded 2 times (x 84B)
Class jdk.internal.jimage.BasicImageReader$1                                          : loaded 2 times (x 77B)
Class kotlin.collections.IndexedValue                                                 : loaded 2 times (x 72B)
Class kotlin.KotlinVersionCurrentValue                                                : loaded 2 times (x 71B)
Class kotlin.collections.builders.MapBuilder$Itr                                      : loaded 2 times (x 72B)
Class kotlin.sequences.SequencesKt                                                    : loaded 2 times (x 71B)
Class kotlin.collections.CollectionsKt__IteratorsKt                                   : loaded 2 times (x 71B)
Class com.google.common.util.concurrent.ListenableFuture                              : loaded 2 times (x 70B)
Class com.google.common.collect.Lists                                                 : loaded 2 times (x 71B)
Class com.google.common.cache.ReferenceEntry                                          : loaded 2 times (x 70B)
Class com.google.common.base.Converter                                                : loaded 2 times (x 90B)
Class com.google.common.collect.ImmutableSet$CachingAsList                            : loaded 2 times (x 148B)
Class kotlin.jvm.internal.markers.KMutableSet                                         : loaded 2 times (x 70B)
Class kotlin.text.StringsKt                                                           : loaded 2 times (x 71B)
Class com.google.common.util.concurrent.AbstractFuture                                : loaded 2 times (x 106B)
Class com.google.common.collect.Iterators$9                                           : loaded 2 times (x 81B)
Class com.google.common.base.FunctionalEquivalence                                    : loaded 2 times (x 83B)
Class com.google.common.collect.AbstractMapBasedMultimap                              : loaded 2 times (x 139B)
Class com.google.common.collect.ImmutableAsList                                       : loaded 2 times (x 209B)
Class kotlin.coroutines.jvm.internal.RestrictedContinuationImpl                       : loaded 2 times (x 87B)
Class kotlin.coroutines.CoroutineContext$Key                                          : loaded 2 times (x 70B)
Class kotlin.LazyKt__LazyJVMKt                                                        : loaded 2 times (x 71B)
Class com.google.common.reflect.TypeResolver$TypeTable                                : loaded 2 times (x 73B)
Class org.objectweb.asm.RecordComponentVisitor                                        : loaded 2 times (x 77B)
Class com.google.common.cache.CacheLoader$SupplierToCacheLoader                       : loaded 2 times (x 75B)
Class jdk.internal.jimage.decompressor.Decompressor                                   : loaded 2 times (x 72B)
Class [Lkotlin.Pair;                                                                  : loaded 2 times (x 69B)
Class kotlin.jvm.internal.markers.KMutableList                                        : loaded 2 times (x 70B)
Class kotlin.io.FilesKt__FileReadWriteKt                                              : loaded 2 times (x 71B)
Class kotlin.text.StringsKt__StringNumberConversionsKt                                : loaded 2 times (x 71B)
Class com.google.common.reflect.TypeResolver$TypeTable$1                              : loaded 2 times (x 73B)
Class com.google.common.collect.Maps$EntryTransformer                                 : loaded 2 times (x 70B)
Class org.gradle.internal.service.ServiceLookupException                              : loaded 2 times (x 82B)
Class [Lkotlin.sequences.Sequence;                                                    : loaded 2 times (x 69B)
Class kotlin.jvm.internal.MutablePropertyReference1Impl                               : loaded 2 times (x 137B)
Class com.google.common.collect.ImmutableSortedSet                                    : loaded 2 times (x 300B)
Class com.google.common.collect.Lists$ReverseList                                     : loaded 2 times (x 200B)
Class [Lcom.google.common.cache.LocalCache$EntryFactory;                              : loaded 2 times (x 69B)
Class org.gradle.internal.classloader.ClassLoaderFactory                              : loaded 2 times (x 70B)
Class com.google.common.collect.ImmutableMap$SerializedForm                           : loaded 2 times (x 73B)
Class com.google.common.base.CharMatcher$IsNot                                        : loaded 2 times (x 111B)
Class com.google.common.base.CommonPattern                                            : loaded 2 times (x 74B)
Class com.google.common.cache.LocalCache$LocalManualCache                             : loaded 2 times (x 99B)
Class org.gradle.internal.service.CachingServiceLocator                               : loaded 2 times (x 82B)
Class kotlin.jvm.internal.CallableReference                                           : loaded 2 times (x 106B)
Class kotlin.collections.AbstractList$IteratorImpl                                    : loaded 2 times (x 82B)
Class com.google.common.collect.RegularImmutableSortedSet                             : loaded 2 times (x 300B)
Class com.google.common.math.IntMath                                                  : loaded 2 times (x 71B)
Class com.google.common.collect.AbstractMapBasedMultimap$KeySet                       : loaded 2 times (x 137B)
Class kotlin.properties.ReadOnlyProperty                                              : loaded 2 times (x 70B)
Class kotlin.jvm.internal.markers.KMutableMap                                         : loaded 2 times (x 70B)
Class kotlin.ranges.IntRange                                                          : loaded 2 times (x 93B)
Class com.google.common.reflect.Types$TypeVariableInvocationHandler                   : loaded 2 times (x 75B)
Class [Lcom.google.common.collect.HashBiMap$BiEntry;                                  : loaded 2 times (x 69B)
Class com.google.common.collect.MapMakerInternalMap$InternalEntry                     : loaded 2 times (x 70B)
Class com.google.common.collect.ImmutableMapEntry                                     : loaded 2 times (x 85B)
Class kotlin.enums.EnumEntries                                                        : loaded 2 times (x 70B)
Class com.google.common.base.Predicates                                               : loaded 2 times (x 71B)
Class com.google.common.collect.ImmutableMultimap                                     : loaded 2 times (x 147B)
Class com.google.common.collect.ImmutableMapEntry$NonTerminalImmutableMapEntry        : loaded 2 times (x 85B)
Class com.google.common.base.Equivalence                                              : loaded 2 times (x 82B)
Class com.google.common.base.Function                                                 : loaded 2 times (x 70B)
Class kotlin.jvm.internal.markers.KMutableListIterator                                : loaded 2 times (x 70B)
Class com.google.common.collect.IndexedImmutableSet$1                                 : loaded 2 times (x 213B)
Class com.google.common.collect.RegularImmutableList                                  : loaded 2 times (x 213B)
Class com.google.common.cache.CacheBuilder$OneWeigher                                 : loaded 2 times (x 82B)
Class jdk.internal.jimage.ImageBufferCache                                            : loaded 2 times (x 71B)
Class jdk.internal.jrtfs.JrtPath                                                      : loaded 2 times (x 118B)
Class com.google.common.reflect.Types$ClassOwnership$1LocalClass                      : loaded 2 times (x 71B)
Class com.google.common.collect.Maps$EntryFunction                                    : loaded 2 times (x 91B)
Class org.gradle.internal.classloader.ClasspathUtil                                   : loaded 2 times (x 71B)
Class kotlin.jvm.internal.PropertyReference0                                          : loaded 2 times (x 127B)
Class kotlin.sequences.EmptySequence                                                  : loaded 2 times (x 78B)
Class kotlin.io.FileSystemException                                                   : loaded 2 times (x 82B)
Class com.google.common.util.concurrent.Uninterruptibles                              : loaded 2 times (x 71B)
Class kotlin.jvm.internal.DefaultConstructorMarker                                    : loaded 2 times (x 71B)
Class kotlin.sequences.DistinctSequence                                               : loaded 2 times (x 75B)
Class kotlin.jvm.internal.PropertyReference1                                          : loaded 2 times (x 127B)
Class com.google.common.util.concurrent.LazyLogger                                    : loaded 2 times (x 72B)
Class com.google.common.collect.Maps                                                  : loaded 2 times (x 71B)
Class org.gradle.api.specs.Spec                                                       : loaded 2 times (x 70B)
Class kotlin.jvm.internal.MutablePropertyReference                                    : loaded 2 times (x 119B)
Class kotlin.UnsafeLazyImpl                                                           : loaded 2 times (x 76B)
Class kotlin.LazyKt__LazyJVMKt$WhenMappings                                           : loaded 2 times (x 71B)
Class com.google.common.reflect.Types$JavaVersion                                     : loaded 2 times (x 83B)
Class com.google.common.collect.MapMaker                                              : loaded 2 times (x 72B)
Class [Lcom.google.common.collect.ImmutableEntry;                                     : loaded 2 times (x 69B)
Class kotlin.sequences.DropTakeSequence                                               : loaded 2 times (x 70B)
Class kotlin.sequences.FlatteningSequence                                             : loaded 2 times (x 75B)
Class kotlin.jvm.internal.ArrayIterator                                               : loaded 2 times (x 79B)
Class kotlin.LazyThreadSafetyMode                                                     : loaded 2 times (x 79B)
Class com.google.common.cache.LocalCache$LoadingValueReference                        : loaded 2 times (x 96B)
Class kotlin.jvm.internal.SpreadBuilder                                               : loaded 2 times (x 76B)
Class kotlin.collections.EmptyIterator                                                : loaded 2 times (x 89B)
Class kotlin.text.StringsKt__RegexExtensionsKt                                        : loaded 2 times (x 71B)
Class kotlin.SynchronizedLazyImpl                                                     : loaded 2 times (x 76B)
Class com.google.common.collect.AbstractMapBasedMultimap$AsMap                        : loaded 2 times (x 128B)
Class com.google.common.reflect.Invokable$MethodInvokable                             : loaded 2 times (x 107B)
Class com.google.common.base.Platform                                                 : loaded 2 times (x 71B)
Class com.google.common.collect.MapMakerInternalMap$StrongKeyDummyValueEntry          : loaded 2 times (x 82B)
Class jdk.internal.jimage.ImageReader$Directory                                       : loaded 2 times (x 84B)
Class kotlin.io.FilePathComponents                                                    : loaded 2 times (x 72B)
Class kotlin.coroutines.jvm.internal.RestrictedSuspendLambda                          : loaded 2 times (x 91B)
Class kotlin.sequences.SequencesKt__SequencesJVMKt                                    : loaded 2 times (x 71B)
Class kotlin.collections.AbstractList                                                 : loaded 2 times (x 197B)
Class kotlin.collections.AbstractCollection                                           : loaded 2 times (x 117B)
Class com.google.devtools.ksp.processing.KspGradleLogger$Companion                    : loaded 2 times (x 71B)
Class [Lorg.objectweb.asm.AnnotationWriter;                                           : loaded 2 times (x 69B)
Class com.google.common.collect.AbstractMapBasedMultimap$WrappedList                  : loaded 2 times (x 205B)
Class com.google.common.collect.Maps$8                                                : loaded 2 times (x 82B)
Class kotlin.text.Regex                                                               : loaded 2 times (x 72B)
Class kotlin.Triple                                                                   : loaded 2 times (x 72B)
Class kotlin.sequences.SequencesKt__SequenceBuilderKt$sequence$$inlined$Sequence$1    : loaded 2 times (x 75B)
Class kotlin.text.StringsKt__StringBuilderJVMKt                                       : loaded 2 times (x 71B)
Class kotlin.collections.ArrayAsCollection                                            : loaded 2 times (x 105B)
Class kotlin.LazyKt__LazyKt                                                           : loaded 2 times (x 71B)
Class com.google.common.collect.ImmutableRangeSet$Builder                             : loaded 2 times (x 77B)
Class com.google.common.collect.Lists$ReverseList$1                                   : loaded 2 times (x 99B)
Class com.google.common.base.Predicates$CompositionPredicate                          : loaded 2 times (x 88B)
Class com.google.common.cache.LocalCache$StrongValueReference                         : loaded 2 times (x 90B)
Class com.google.common.collect.Sets$SetView                                          : loaded 2 times (x 138B)
Class kotlin.jvm.internal.Ref$ObjectRef                                               : loaded 2 times (x 72B)
Class kotlin.jvm.internal.ReflectionFactory                                           : loaded 2 times (x 91B)
Class kotlin.UNINITIALIZED_VALUE                                                      : loaded 2 times (x 71B)
Class org.objectweb.asm.Type                                                          : loaded 2 times (x 72B)
Class com.google.common.graph.SuccessorsFunction                                      : loaded 2 times (x 70B)
Class org.gradle.internal.classloader.VisitableURLClassLoader$InstrumentingVisitableURLClassLoader: loaded 2 times (x 123B)
Class kotlin.collections.ReversedListReadOnly$listIterator$1                          : loaded 2 times (x 90B)
Class kotlin.comparisons.ComparisonsKt__ComparisonsKt                                 : loaded 2 times (x 71B)
Class kotlin.jvm.internal.ClassBasedDeclarationContainer                              : loaded 2 times (x 70B)
Class kotlin.coroutines.CoroutineContext$Element$DefaultImpls                         : loaded 2 times (x 71B)
Class kotlin.coroutines.Continuation                                                  : loaded 2 times (x 70B)
Class kotlin.ranges.RangesKt__RangesKt                                                : loaded 2 times (x 71B)
Class kotlin.sequences.SequencesKt__SequencesKt                                       : loaded 2 times (x 71B)
Class kotlin.collections.SetsKt___SetsKt                                              : loaded 2 times (x 71B)
Class org.objectweb.asm.ByteVector                                                    : loaded 2 times (x 79B)
Class com.google.common.math.IntMath$1                                                : loaded 2 times (x 71B)
Class com.google.common.collect.MapMakerInternalMap$StrongKeyDummyValueEntry$Helper   : loaded 2 times (x 79B)
Class com.google.common.io.Files$FileByteSink                                         : loaded 2 times (x 77B)
Class [Lcom.google.common.cache.CacheBuilder$NullListener;                            : loaded 2 times (x 69B)
Class org.gradle.internal.classloader.VisitableURLClassLoader$Spec                    : loaded 2 times (x 74B)
Class org.gradle.internal.classpath.DefaultClassPath                                  : loaded 2 times (x 90B)
Class kotlin.comparisons.ComparisonsKt                                                : loaded 2 times (x 71B)
Class kotlin.comparisons.ComparisonsKt___ComparisonsKt                                : loaded 2 times (x 71B)
Class kotlin.Result$Companion                                                         : loaded 2 times (x 71B)
Class kotlin.coroutines.jvm.internal.BaseContinuationImpl                             : loaded 2 times (x 87B)
Class kotlin.text.CharsKt__CharJVMKt                                                  : loaded 2 times (x 71B)
Class kotlin.sequences.FilteringSequence                                              : loaded 2 times (x 75B)
Class com.google.devtools.ksp.processing.KspGradleLogger                              : loaded 2 times (x 79B)
Class com.google.common.reflect.Types$ClassOwnership                                  : loaded 2 times (x 80B)
Class org.objectweb.asm.Symbol                                                        : loaded 2 times (x 73B)
Class com.google.common.base.AbstractIterator                                         : loaded 2 times (x 80B)
Class kotlin.reflect.KType                                                            : loaded 2 times (x 70B)
Class com.google.common.collect.Sets$FilteredSet                                      : loaded 2 times (x 137B)
Class com.google.common.io.Closer                                                     : loaded 2 times (x 78B)
Class com.google.common.collect.RegularImmutableMap$Values                            : loaded 2 times (x 207B)
Class com.google.common.base.CharMatcher$BitSetMatcher                                : loaded 2 times (x 112B)
Class com.google.common.collect.ImmutableSet                                          : loaded 2 times (x 145B)
Class org.gradle.internal.classloader.ClassLoaderSpec                                 : loaded 2 times (x 71B)
Class kotlin.collections.ReversedListReadOnly                                         : loaded 2 times (x 198B)
Class kotlin.jvm.internal.FunctionReferenceImpl                                       : loaded 2 times (x 122B)
Class kotlin.text.DelimitedRangesSequence                                             : loaded 2 times (x 75B)
Class kotlin.collections.CollectionsKt___CollectionsJvmKt                             : loaded 2 times (x 71B)
Class org.objectweb.asm.AnnotationWriter                                              : loaded 2 times (x 79B)
Class com.google.common.cache.CacheStats                                              : loaded 2 times (x 71B)
Class kotlin.jdk7.AutoCloseableKt                                                     : loaded 2 times (x 71B)
Class kotlin.time.DurationKt                                                          : loaded 2 times (x 71B)
Class kotlin.TuplesKt                                                                 : loaded 2 times (x 71B)
Class kotlin.jvm.internal.markers.KMutableIterable                                    : loaded 2 times (x 70B)
Class kotlin.sequences.SequencesKt___SequencesJvmKt                                   : loaded 2 times (x 71B)
Class kotlin.Unit                                                                     : loaded 2 times (x 71B)
Class Settings_gradle$1$1                                                             : loaded 2 times (x 74B)
Class org.objectweb.asm.RecordComponentWriter                                         : loaded 2 times (x 78B)
Class com.google.common.util.concurrent.AbstractFuture$Listener                       : loaded 2 times (x 72B)
Class com.google.common.collect.Interners                                             : loaded 2 times (x 71B)
Class com.google.common.io.Closer$Suppressor                                          : loaded 2 times (x 70B)
Class com.google.common.io.LineProcessor                                              : loaded 2 times (x 70B)
Class com.google.common.base.CharMatcher$Or                                           : loaded 2 times (x 112B)
Class org.gradle.api.internal.classpath.Module$ModuleAlias                            : loaded 2 times (x 70B)
Class kotlin.ranges.RangesKt                                                          : loaded 2 times (x 71B)
Class org.objectweb.asm.Attribute                                                     : loaded 2 times (x 77B)
Class com.google.common.base.Supplier                                                 : loaded 2 times (x 70B)
Class org.gradle.internal.classloader.VisitableURLClassLoader                         : loaded 2 times (x 117B)
Class [Lkotlin.DeprecationLevel;                                                      : loaded 2 times (x 69B)
Class kotlin.sequences.GeneratorSequence                                              : loaded 2 times (x 75B)
Class kotlin.sequences.FlatteningSequence$iterator$1                                  : loaded 2 times (x 79B)
Class kotlin.collections.ArraysUtilJVM                                                : loaded 2 times (x 71B)
Class kotlin.jvm.functions.Function0                                                  : loaded 2 times (x 70B)
Class Settings_gradle                                                                 : loaded 2 times (x 124B)
Class com.google.common.collect.ImmutableList$SerializedForm                          : loaded 2 times (x 73B)
Class org.gradle.internal.Cast                                                        : loaded 2 times (x 71B)
Class org.gradle.api.Action                                                           : loaded 2 times (x 70B)
Class kotlin.properties.ReadWriteProperty                                             : loaded 2 times (x 70B)
Class kotlin.collections.AbstractMutableList                                          : loaded 2 times (x 206B)
Class kotlin.jvm.functions.Function1                                                  : loaded 2 times (x 70B)
Class com.google.common.collect.HashBiMap                                             : loaded 2 times (x 143B)
Class org.objectweb.asm.Handler                                                       : loaded 2 times (x 72B)
Class com.google.common.base.Strings                                                  : loaded 2 times (x 71B)
Class com.google.common.collect.MapMakerInternalMap                                   : loaded 2 times (x 161B)
Class com.google.common.collect.Sets                                                  : loaded 2 times (x 71B)
Class com.google.common.base.CharMatcher$FastMatcher                                  : loaded 2 times (x 111B)
Class com.google.common.base.Ticker                                                   : loaded 2 times (x 72B)
Class kotlin.jvm.internal.markers.KMutableIterator                                    : loaded 2 times (x 70B)
Class kotlin.jvm.functions.Function2                                                  : loaded 2 times (x 70B)
Class kotlin.KotlinNothingValueException                                              : loaded 2 times (x 82B)
Class com.google.devtools.ksp.processing.KSPConfig                                    : loaded 2 times (x 72B)
Class com.google.common.cache.RemovalCause$1                                          : loaded 2 times (x 80B)
Class [Lcom.google.common.cache.LocalCache$Segment;                                   : loaded 2 times (x 69B)
Class com.google.common.base.Predicate                                                : loaded 2 times (x 70B)
Class [Lcom.google.common.cache.LocalCache$Strength;                                  : loaded 2 times (x 69B)
Class com.google.common.cache.CacheBuilder$1                                          : loaded 2 times (x 85B)
Class com.google.common.collect.ImmutableMap                                          : loaded 2 times (x 120B)
Class org.gradle.internal.classpath.DefaultClassPath$ImmutableUniqueList$Builder      : loaded 2 times (x 75B)
Class kotlin.jvm.functions.Function3                                                  : loaded 2 times (x 70B)
Class kotlin.io.FileTreeWalk$WalkState                                                : loaded 2 times (x 73B)
Class kotlin.collections.MapsKt___MapsJvmKt                                           : loaded 2 times (x 71B)
Class com.google.common.collect.AbstractRangeSet                                      : loaded 2 times (x 114B)
Class com.google.common.cache.RemovalCause$2                                          : loaded 2 times (x 80B)
Class com.google.common.collect.MapMakerInternalMap$WeakValueReference                : loaded 2 times (x 70B)
Class com.google.common.base.CharMatcher$NegatedFastMatcher                           : loaded 2 times (x 113B)
Class com.google.common.cache.LocalCache                                              : loaded 2 times (x 187B)
Class com.google.common.cache.CacheBuilder$2                                          : loaded 2 times (x 79B)
Class kotlin.annotation.Target                                                        : loaded 2 times (x 70B)
Class kotlin.jvm.functions.Function4                                                  : loaded 2 times (x 70B)
Class kotlin.collections.EmptySet                                                     : loaded 2 times (x 122B)
Class kotlin.collections.CollectionsKt___CollectionsKt                                : loaded 2 times (x 71B)
Class com.google.common.cache.RemovalCause$3                                          : loaded 2 times (x 80B)
Class [Lcom.google.common.collect.AbstractMapEntry;                                   : loaded 2 times (x 69B)
Class com.google.common.collect.ImmutableEntry                                        : loaded 2 times (x 82B)
Class com.google.common.cache.CacheBuilder$3                                          : loaded 2 times (x 72B)
Class com.google.common.collect.ArrayListMultimap                                     : loaded 2 times (x 172B)
Class org.gradle.api.GradleException                                                  : loaded 2 times (x 82B)
Class jdk.internal.jimage.ImageStrings                                                : loaded 2 times (x 70B)
Class kotlin.annotation.Retention                                                     : loaded 2 times (x 70B)
Class kotlin.jvm.functions.Function5                                                  : loaded 2 times (x 70B)
Class kotlin.reflect.KDeclarationContainer                                            : loaded 2 times (x 70B)
Class kotlin.text.StringsKt___StringsJvmKt                                            : loaded 2 times (x 71B)
Class com.google.common.cache.RemovalCause$4                                          : loaded 2 times (x 80B)
Class com.google.common.base.Suppliers$MemoizingSupplier                              : loaded 2 times (x 79B)
Class com.google.common.collect.CollectPreconditions                                  : loaded 2 times (x 71B)
Class com.intellij.gradle.toolingExtension.impl.initScript.util.GradleDebuggerUtil    : loaded 2 times (x 71B)
Class com.google.common.base.JdkPattern                                               : loaded 2 times (x 75B)
Class kotlin.jvm.functions.Function6                                                  : loaded 2 times (x 70B)
Class kotlin.io.FilesKt                                                               : loaded 2 times (x 71B)
Class kotlin.collections.ArraysKt___ArraysKt                                          : loaded 2 times (x 71B)
Class kotlin.collections.MapsKt___MapsKt                                              : loaded 2 times (x 71B)
Class com.google.common.cache.RemovalCause$5                                          : loaded 2 times (x 80B)
Class com.google.common.collect.Maps$AbstractFilteredMap                              : loaded 2 times (x 127B)
Class [Lcom.google.common.collect.MapMakerInternalMap$Strength;                       : loaded 2 times (x 69B)
Class [Lcom.google.common.io.FileWriteMode;                                           : loaded 2 times (x 69B)
Class com.google.common.collect.SortedMapDifference                                   : loaded 2 times (x 70B)
Class [Lkotlin.time.DurationUnit;                                                     : loaded 2 times (x 69B)
Class kotlin.jvm.functions.Function7                                                  : loaded 2 times (x 70B)
Class kotlin.sequences.SequencesKt___SequencesKt$asIterable$$inlined$Iterable$1       : loaded 2 times (x 79B)
Class kotlin.collections.MapsKt__MapWithDefaultKt                                     : loaded 2 times (x 71B)
Class com.google.common.collect.Iterables$4                                           : loaded 2 times (x 81B)
Class com.google.common.cache.LocalCache$WriteThroughEntry                            : loaded 2 times (x 79B)
Class com.google.common.cache.LocalCache$HashIterator                                 : loaded 2 times (x 86B)
Class com.google.common.collect.MapMakerInternalMap$StrongKeyDummyValueSegment        : loaded 2 times (x 142B)
Class com.google.common.io.Files                                                      : loaded 2 times (x 71B)
Class com.google.common.cache.LocalCache$EntryFactory                                 : loaded 2 times (x 83B)
Class [Lkotlin.annotation.AnnotationRetention;                                        : loaded 2 times (x 69B)
Class kotlin.jvm.functions.Function8                                                  : loaded 2 times (x 70B)
Class kotlin.collections.builders.MapBuilder$Companion                                : loaded 2 times (x 71B)
Class kotlin.text.StringsKt___StringsKt                                               : loaded 2 times (x 71B)
Class kotlin.collections.CollectionsKt__MutableCollectionsJVMKt                       : loaded 2 times (x 71B)
Class kotlin.enums.EnumEntriesKt                                                      : loaded 2 times (x 71B)
Class com.google.common.reflect.Types$NativeTypeVariableEquals                        : loaded 2 times (x 71B)
Class com.google.common.reflect.TypeParameter                                         : loaded 2 times (x 72B)
Class com.google.common.collect.Iterables$5                                           : loaded 2 times (x 81B)
Class com.google.common.cache.LocalCache$AbstractReferenceEntry                       : loaded 2 times (x 107B)
Class [Lcom.google.common.collect.MapMaker$Dummy;                                     : loaded 2 times (x 69B)
Class com.google.common.base.CharMatcher$Whitespace                                   : loaded 2 times (x 112B)
Class org.gradle.internal.IoActions                                                   : loaded 2 times (x 71B)
Class kotlin.annotation.MustBeDocumented                                              : loaded 2 times (x 70B)
Class kotlin.jvm.functions.Function10                                                 : loaded 2 times (x 70B)
Class kotlin.jvm.functions.Function9                                                  : loaded 2 times (x 70B)
Class [Lkotlin.reflect.KClassifier;                                                   : loaded 2 times (x 69B)
Class [Lkotlin.LazyThreadSafetyMode;                                                  : loaded 2 times (x 69B)
Class com.google.common.collect.ImmutableRangeSet$ComplementRanges                    : loaded 2 times (x 207B)
Class org.objectweb.asm.SymbolTable                                                   : loaded 2 times (x 72B)
Class com.google.common.collect.ImmutableMapKeySet                                    : loaded 2 times (x 152B)
Class com.google.common.cache.CacheLoader$InvalidCacheLoadException                   : loaded 2 times (x 82B)
Class com.google.common.collect.ImmutableSet$RegularSetBuilderImpl                    : loaded 2 times (x 77B)
Class kotlin.jvm.functions.Function11                                                 : loaded 2 times (x 70B)
Class kotlin.jvm.internal.PropertyReference0Impl                                      : loaded 2 times (x 127B)
Class kotlin.reflect.KAnnotatedElement                                                : loaded 2 times (x 70B)
Class kotlin.jvm.internal.markers.KMutableCollection                                  : loaded 2 times (x 70B)
Class kotlin.coroutines.intrinsics.IntrinsicsKt                                       : loaded 2 times (x 71B)
Class kotlin.ranges.IntRange$Companion                                                : loaded 2 times (x 71B)
Class kotlin.collections.EmptyMap                                                     : loaded 2 times (x 108B)
Class kotlin.jvm.internal.Intrinsics                                                  : loaded 2 times (x 71B)
Class com.google.common.collect.FluentIterable                                        : loaded 2 times (x 81B)
Class com.google.common.cache.LocalCache$StrongEntry                                  : loaded 2 times (x 108B)
Class com.google.common.util.concurrent.AbstractFuture$TrustedFuture                  : loaded 2 times (x 114B)
Class com.google.common.cache.LoadingCache                                            : loaded 2 times (x 70B)
Class jdk.internal.jrtfs.JrtFileSystem                                                : loaded 2 times (x 102B)
Class kotlin.jvm.functions.Function12                                                 : loaded 2 times (x 70B)
Class kotlin.coroutines.intrinsics.CoroutineSingletons                                : loaded 2 times (x 79B)
Class kotlin.collections.MapsKt                                                       : loaded 2 times (x 71B)
Class kotlin.collections.CollectionsKt__IterablesKt                                   : loaded 2 times (x 71B)
Class com.google.common.base.Suppliers$NonSerializableMemoizingSupplier               : loaded 2 times (x 79B)
Class org.objectweb.asm.MethodWriter                                                  : loaded 2 times (x 106B)
Class com.google.common.collect.RegularImmutableMap$BucketOverflowException           : loaded 2 times (x 82B)
Class [Lcom.google.common.cache.Weigher;                                              : loaded 2 times (x 69B)
Class kotlin.text.Charsets                                                            : loaded 2 times (x 71B)
Class kotlin.jvm.functions.Function13                                                 : loaded 2 times (x 70B)
Class kotlin.sequences.SequenceBuilderIterator                                        : loaded 2 times (x 85B)
Class kotlin.ranges.OpenEndRange                                                      : loaded 2 times (x 70B)
Class kotlin.KotlinNullPointerException                                               : loaded 2 times (x 83B)
Class com.google.common.collect.AbstractMapBasedMultimap$RandomAccessWrappedList      : loaded 2 times (x 205B)
Class kotlin.jvm.functions.Function14                                                 : loaded 2 times (x 70B)
Class kotlin.ranges.RangesKt___RangesKt                                               : loaded 2 times (x 71B)
Class com.google.common.reflect.Types$JavaVersion$1                                   : loaded 2 times (x 83B)
Class com.google.common.collect.AbstractIterator$State                                : loaded 2 times (x 79B)
Class com.google.common.collect.RegularImmutableBiMap                                 : loaded 2 times (x 149B)
Class com.google.common.base.CharMatcher$Negated                                      : loaded 2 times (x 113B)
Class com.google.common.base.CharMatcher$Is                                           : loaded 2 times (x 111B)
Class com.google.common.cache.LocalCache$ValueReference                               : loaded 2 times (x 70B)
Class kotlin.collections.ArrayDeque$Companion                                         : loaded 2 times (x 71B)
Class kotlin.jvm.functions.Function15                                                 : loaded 2 times (x 70B)
Class kotlin.text.CharsKt__CharKt                                                     : loaded 2 times (x 71B)
Class kotlin.collections.ArraysKt                                                     : loaded 2 times (x 71B)
Class com.google.common.reflect.Types$JavaVersion$2                                   : loaded 2 times (x 83B)
Class com.google.common.reflect.Types                                                 : loaded 2 times (x 71B)
Class com.google.common.hash.PrimitiveSink                                            : loaded 2 times (x 70B)
Class com.google.common.util.concurrent.AbstractFuture$Failure                        : loaded 2 times (x 72B)
Class com.google.common.base.PatternCompiler                                          : loaded 2 times (x 70B)
Class com.google.common.collect.Hashing                                               : loaded 2 times (x 71B)
Class com.google.common.base.Equivalence$Equals                                       : loaded 2 times (x 82B)
Class com.google.common.base.Preconditions                                            : loaded 2 times (x 71B)
Class kotlin.jvm.functions.Function16                                                 : loaded 2 times (x 70B)
Class kotlin.coroutines.EmptyCoroutineContext                                         : loaded 2 times (x 77B)
Class kotlin.collections.SetsKt__SetsKt                                               : loaded 2 times (x 71B)
Class kotlin.LazyKt                                                                   : loaded 2 times (x 71B)
Class com.google.common.reflect.Types$JavaVersion$3                                   : loaded 2 times (x 83B)
Class org.objectweb.asm.Label                                                         : loaded 2 times (x 73B)
Class org.objectweb.asm.CurrentFrame                                                  : loaded 2 times (x 73B)
Class org.objectweb.asm.ClassTooLargeException                                        : loaded 2 times (x 83B)
Class com.google.common.collect.ImmutableSetMultimap                                  : loaded 2 times (x 180B)
Class com.google.common.io.CharSink                                                   : loaded 2 times (x 79B)
Class com.google.common.base.CharMatcher                                              : loaded 2 times (x 111B)
Class com.google.common.collect.PeekingIterator                                       : loaded 2 times (x 70B)
Class com.google.common.base.Joiner$1                                                 : loaded 2 times (x 80B)
Class kotlin.InitializedLazyImpl                                                      : loaded 2 times (x 76B)
Class kotlin.jvm.functions.Function17                                                 : loaded 2 times (x 70B)
Class kotlin.collections.ArraysKt__ArraysJVMKt                                        : loaded 2 times (x 71B)
Class com.google.common.collect.RangeGwtSerializationDependencies                     : loaded 2 times (x 71B)
Class com.google.common.reflect.Types$JavaVersion$4                                   : loaded 2 times (x 83B)
Class org.objectweb.asm.Frame                                                         : loaded 2 times (x 73B)
Class org.objectweb.asm.MethodVisitor                                                 : loaded 2 times (x 105B)
Class com.google.common.collect.MapMakerInternalMap$InternalEntryHelper               : loaded 2 times (x 70B)
Class com.google.common.collect.Maps$IteratorBasedAbstractMap                         : loaded 2 times (x 125B)
Class com.google.common.base.CharMatcher$1                                            : loaded 2 times (x 113B)
Class com.google.common.base.CharMatcher$NamedFastMatcher                             : loaded 2 times (x 112B)
Class com.google.common.collect.Table                                                 : loaded 2 times (x 70B)
Class com.google.common.base.Joiner$2                                                 : loaded 2 times (x 79B)
Class com.google.common.cache.LocalCache$EntryFactory$1                               : loaded 2 times (x 83B)
Class [Lcom.google.common.cache.RemovalListener;                                      : loaded 2 times (x 69B)
Class kotlin.jvm.functions.Function18                                                 : loaded 2 times (x 70B)
Class kotlin.jvm.internal.CallableReference$NoReceiver                                : loaded 2 times (x 71B)
Class kotlin.text.StringsKt__StringBuilderKt                                          : loaded 2 times (x 71B)
Class com.google.common.collect.RangeSet                                              : loaded 2 times (x 70B)
Class com.google.common.reflect.Types$JavaVersion$5                                   : loaded 2 times (x 71B)
Class [Lcom.google.common.reflect.Types$ClassOwnership;                               : loaded 2 times (x 69B)
Class com.google.common.cache.LocalCache$EntryFactory$2                               : loaded 2 times (x 83B)
Class kotlin.reflect.KMutableProperty$Setter                                          : loaded 2 times (x 70B)
Class kotlin.jvm.functions.Function19                                                 : loaded 2 times (x 70B)
Class kotlin.Lazy                                                                     : loaded 2 times (x 70B)
Class kotlin.NoWhenBranchMatchedException                                             : loaded 2 times (x 82B)
Class com.google.common.collect.CollectCollectors                                     : loaded 2 times (x 71B)
Class org.objectweb.asm.ModuleWriter                                                  : loaded 2 times (x 82B)
Class com.google.common.collect.ImmutableMapEntrySet$RegularEntrySet                  : loaded 2 times (x 152B)
Class com.google.common.cache.LocalCache$EntryFactory$3                               : loaded 2 times (x 83B)
Class com.google.common.base.Ticker$1                                                 : loaded 2 times (x 72B)
Class com.google.common.collect.Maps$BiMapConverter                                   : loaded 2 times (x 90B)
Class com.google.common.collect.SetMultimap                                           : loaded 2 times (x 70B)
Class com.google.common.base.CharMatcher$InRange                                      : loaded 2 times (x 111B)
Class com.google.common.cache.LocalCache$EntryFactory$4                               : loaded 2 times (x 83B)
Class com.google.common.collect.ImmutableSet$Builder                                  : loaded 2 times (x 85B)
Class kotlin.sequences.ConstrainedOnceSequence                                        : loaded 2 times (x 75B)
Class com.google.common.cache.LocalCache$EntryFactory$5                               : loaded 2 times (x 83B)
Class kotlin.time.Duration                                                            : loaded 2 times (x 74B)
Class [Lkotlin.reflect.KProperty;                                                     : loaded 2 times (x 69B)
Class kotlin.jvm.internal.markers.KMappedMarker                                       : loaded 2 times (x 70B)
Class kotlin.io.TextStreamsKt                                                         : loaded 2 times (x 71B)
Class com.google.common.cache.LocalCache$EntryFactory$6                               : loaded 2 times (x 83B)
Class org.gradle.internal.installation.CurrentGradleInstallationLocator               : loaded 2 times (x 71B)
Class [Lkotlin.io.FileWalkDirection;                                                  : loaded 2 times (x 69B)
Class com.google.common.collect.ImmutableSet$EmptySetBuilderImpl                      : loaded 2 times (x 76B)
Class com.google.common.collect.Maps$KeySet                                           : loaded 2 times (x 137B)
Class com.google.common.cache.LocalCache$EntryFactory$7                               : loaded 2 times (x 83B)
Class com.google.common.collect.ImmutableList                                         : loaded 2 times (x 206B)
Class org.gradle.internal.service.DefaultServiceLocator                               : loaded 2 times (x 83B)
Class kotlin.reflect.KMutableProperty0                                                : loaded 2 times (x 70B)
Class kotlin.reflect.KClassifier                                                      : loaded 2 times (x 70B)
Class kotlin.io.FileTreeWalk                                                          : loaded 2 times (x 75B)
Class kotlin.coroutines.jvm.internal.SuspendFunction                                  : loaded 2 times (x 70B)
Class com.google.common.cache.LocalCache$SoftValueReference                           : loaded 2 times (x 97B)
Class com.google.common.collect.Maps$EntrySet                                         : loaded 2 times (x 136B)
Class com.google.common.cache.LocalCache$EntryFactory$8                               : loaded 2 times (x 83B)
Class com.google.common.collect.ImmutableSet$SetBuilderImpl                           : loaded 2 times (x 76B)
Class org.gradle.internal.installation.CurrentGradleInstallation                      : loaded 2 times (x 73B)
Class kotlin.jvm.internal.Ref$BooleanRef                                              : loaded 2 times (x 71B)
Class kotlin.jvm.internal.StringCompanionObject                                       : loaded 2 times (x 71B)
Class kotlin.reflect.KMutableProperty1                                                : loaded 2 times (x 70B)
Class kotlin.coroutines.intrinsics.IntrinsicsKt__IntrinsicsJvmKt                      : loaded 2 times (x 71B)
Class kotlin.coroutines.jvm.internal.CoroutineStackFrame                              : loaded 2 times (x 70B)
Class com.google.common.collect.ForwardingObject                                      : loaded 2 times (x 72B)
Class com.google.common.collect.ImmutableList$SubList                                 : loaded 2 times (x 209B)
Class com.google.common.cache.CacheLoader$1                                           : loaded 2 times (x 75B)
Class org.gradle.util.internal.GUtil                                                  : loaded 2 times (x 71B)
Class kotlin.reflect.KMutableProperty2                                                : loaded 2 times (x 70B)
Class kotlin.io.NoSuchFileException                                                   : loaded 2 times (x 82B)
Class kotlin.collections.CollectionsKt                                                : loaded 2 times (x 71B)
Class com.google.common.io.ByteSource                                                 : loaded 2 times (x 84B)
Class com.google.common.cache.AbstractCache$StatsCounter                              : loaded 2 times (x 70B)
Class kotlin.time.DurationUnitKt                                                      : loaded 2 times (x 71B)
Class kotlin.ranges.IntProgressionIterator                                            : loaded 2 times (x 82B)
Class kotlin.coroutines.jvm.internal.DebugProbesKt                                    : loaded 2 times (x 71B)
Class kotlin.coroutines.CoroutineContext                                              : loaded 2 times (x 70B)
Class com.google.common.reflect.Types$TypeVariableImpl                                : loaded 2 times (x 72B)
Class com.google.common.collect.MapMakerInternalMap$1                                 : loaded 2 times (x 83B)
Class com.google.common.collect.Iterators$MergingIterator                             : loaded 2 times (x 81B)
Class com.google.common.collect.RegularImmutableSet                                   : loaded 2 times (x 149B)
Class org.gradle.internal.installation.GradleInstallation                             : loaded 2 times (x 75B)
Class ijJvmDebugger1_cczc8vxz7m3kxxnoaqupzk0hw$_run_closure1$_closure2$_closure3      : loaded 2 times (x 140B)
Class com.google.common.base.Splitter$Strategy                                        : loaded 2 times (x 70B)
Class com.google.common.collect.Iterables                                             : loaded 2 times (x 71B)
Class ijJvmDebugger1_cczc8vxz7m3kxxnoaqupzk0hw$_run_closure1$_closure2$_closure4      : loaded 2 times (x 139B)
Class kotlin.io.FileWalkDirection                                                     : loaded 2 times (x 79B)
Class kotlin.jvm.KotlinReflectionNotSupportedError                                    : loaded 2 times (x 82B)
Class kotlin.ranges.IntProgression                                                    : loaded 2 times (x 81B)
Class com.google.common.collect.Lists$RandomAccessReverseList                         : loaded 2 times (x 200B)

---------------  S Y S T E M  ---------------

OS:
 Windows 11 , 64 bit Build 26100 (10.0.26100.8521)
OS uptime: 2 days 12:04 hours
Hyper-V role detected

CPU: total 4 (initial active 4) (2 cores per cpu, 2 threads per core) family 6 model 78 stepping 3 microcode 0xf0, cx8, cmov, fxsr, ht, mmx, 3dnowpref, sse, sse2, sse3, ssse3, sse4.1, sse4.2, popcnt, lzcnt, tsc, tscinvbit, avx, avx2, aes, erms, clmul, bmi1, bmi2, rtm, adx, fma, vzeroupper, clflush, clflushopt, hv, rdtscp, f16c
Processor Information for the first 4 processors :
  Max Mhz: 2496, Current Mhz: 2396, Mhz Limit: 2396

Memory: 4k page, system-wide physical 16262M (867M free)
TotalPageFile size 44654M (AvailPageFile size 553M)
current process WorkingSet (physical memory assigned to process): 284M, peak: 1137M
current process commit charge ("private bytes"): 1875M, peak: 2923M

vm_info: OpenJDK 64-Bit Server VM (21.0.10+-14961533-b1163.108) for windows-amd64 JRE (21.0.10+-14961533-b1163.108), built on 2026-03-02T19:58:50Z by "builder" with MS VC++ 16.10 / 16.11 (VS2019)

END.
