kotlin version: 2.2.10
error message: org.jetbrains.kotlin.backend.common.BackendException: Backend Internal error: Exception during IR lowering
File being compiled: C:/Users/HP/AndroidStudioProjects/MyRealApp/app/src/main/kotlin/com/trading/app/components/TradingChart2.kt
The root cause org.jetbrains.kotlin.backend.common.CompilationException was thrown at: org.jetbrains.kotlin.backend.common.IrElementTransformerVoidWithContext.createScope(IrElementTransformerVoidWithContext.kt:36)
	at org.jetbrains.kotlin.backend.common.BackendException$Companion.report(BackendException.kt:31)
	at org.jetbrains.kotlin.backend.common.BackendException$Companion.report$default(BackendException.kt:15)
	at org.jetbrains.kotlin.backend.common.phaser.PerformByIrFilePhase.invoke(PerformByIrFilePhase.kt:37)
	at org.jetbrains.kotlin.backend.common.phaser.PerformByIrFilePhase.invoke(PerformByIrFilePhase.kt:15)
	at org.jetbrains.kotlin.backend.common.phaser.PhaseEngine.runPhase(PhaseEngine.kt:64)
	at org.jetbrains.kotlin.backend.common.phaser.PhaseEngine.runPhase$default(PhaseEngine.kt:56)
	at org.jetbrains.kotlin.backend.jvm.JvmIrCodegenFactory.invokeLowerings(JvmIrCodegenFactory.kt:359)
	at org.jetbrains.kotlin.cli.jvm.compiler.KotlinToJVMBytecodeCompiler.runLowerings$cli(KotlinToJVMBytecodeCompiler.kt:414)
	at org.jetbrains.kotlin.cli.pipeline.jvm.JvmBackendPipelinePhase.executePhase(JvmBackendPipelinePhase.kt:85)
	at org.jetbrains.kotlin.cli.pipeline.jvm.JvmBackendPipelinePhase.executePhase(JvmBackendPipelinePhase.kt:36)
	at org.jetbrains.kotlin.cli.pipeline.jvm.JvmBackendPipelinePhase.executePhase(JvmBackendPipelinePhase.kt:29)
	at org.jetbrains.kotlin.cli.pipeline.PipelinePhase.phaseBody(PipelinePhase.kt:68)
	at org.jetbrains.kotlin.cli.pipeline.PipelinePhase.phaseBody(PipelinePhase.kt:58)
	at org.jetbrains.kotlin.config.phaser.NamedCompilerPhase.invoke(CompilerPhase.kt:102)
	at org.jetbrains.kotlin.backend.common.phaser.CompositePhase.invoke(PhaseBuilders.kt:22)
	at org.jetbrains.kotlin.config.phaser.CompilerPhaseKt.invokeToplevel(CompilerPhase.kt:53)
	at org.jetbrains.kotlin.cli.pipeline.AbstractCliPipeline.runPhasedPipeline(AbstractCliPipeline.kt:109)
	at org.jetbrains.kotlin.cli.pipeline.AbstractCliPipeline.execute(AbstractCliPipeline.kt:68)
	at org.jetbrains.kotlin.cli.jvm.K2JVMCompiler.doExecutePhased(K2JVMCompiler.kt:78)
	at org.jetbrains.kotlin.cli.jvm.K2JVMCompiler.doExecutePhased(K2JVMCompiler.kt:44)
	at org.jetbrains.kotlin.cli.common.CLICompiler.execImpl(CLICompiler.kt:90)
	at org.jetbrains.kotlin.cli.common.CLICompiler.exec(CLICompiler.kt:352)
	at org.jetbrains.kotlin.incremental.IncrementalJvmCompilerRunnerBase.runCompiler(IncrementalJvmCompilerRunnerBase.kt:175)
	at org.jetbrains.kotlin.incremental.IncrementalJvmCompilerRunnerBase.runCompiler(IncrementalJvmCompilerRunnerBase.kt:38)
	at org.jetbrains.kotlin.incremental.IncrementalCompilerRunner.doCompile(IncrementalCompilerRunner.kt:504)
	at org.jetbrains.kotlin.incremental.IncrementalCompilerRunner.compileImpl(IncrementalCompilerRunner.kt:421)
	at org.jetbrains.kotlin.incremental.IncrementalCompilerRunner.compileNonIncrementally(IncrementalCompilerRunner.kt:306)
	at org.jetbrains.kotlin.incremental.IncrementalCompilerRunner.compile(IncrementalCompilerRunner.kt:133)
	at org.jetbrains.kotlin.daemon.CompileServiceImplBase.execIncrementalCompiler(CompileServiceImpl.kt:679)
	at org.jetbrains.kotlin.daemon.CompileServiceImplBase.access$execIncrementalCompiler(CompileServiceImpl.kt:93)
	at org.jetbrains.kotlin.daemon.CompileServiceImpl.compile(CompileServiceImpl.kt:1806)
	at java.base/jdk.internal.reflect.DirectMethodHandleAccessor.invoke(Unknown Source)
	at java.base/java.lang.reflect.Method.invoke(Unknown Source)
	at java.rmi/sun.rmi.server.UnicastServerRef.dispatch(Unknown Source)
	at java.rmi/sun.rmi.transport.Transport$1.run(Unknown Source)
	at java.rmi/sun.rmi.transport.Transport$1.run(Unknown Source)
	at java.base/java.security.AccessController.doPrivileged(Unknown Source)
	at java.rmi/sun.rmi.transport.Transport.serviceCall(Unknown Source)
	at java.rmi/sun.rmi.transport.tcp.TCPTransport.handleMessages(Unknown Source)
	at java.rmi/sun.rmi.transport.tcp.TCPTransport$ConnectionHandler.run0(Unknown Source)
	at java.rmi/sun.rmi.transport.tcp.TCPTransport$ConnectionHandler.lambda$run$0(Unknown Source)
	at java.base/java.security.AccessController.doPrivileged(Unknown Source)
	at java.rmi/sun.rmi.transport.tcp.TCPTransport$ConnectionHandler.run(Unknown Source)
	at java.base/java.util.concurrent.ThreadPoolExecutor.runWorker(Unknown Source)
	at java.base/java.util.concurrent.ThreadPoolExecutor$Worker.run(Unknown Source)
	at java.base/java.lang.Thread.run(Unknown Source)
Caused by: org.jetbrains.kotlin.backend.common.CompilationException: Back-end: Please report this problem https://kotl.in/issue
C:/Users/HP/AndroidStudioProjects/MyRealApp/app/src/main/kotlin/com/trading/app/components/TradingChart2.kt:1:1
Problem with `class TradingChart2Kt {
  @Composable
  /* static */ fun TradingChart2(symbol: String, timeframe: String, style: String, chartSettings: ChartSettings, drawings: List<Drawing>, onDrawingUpdate: Function1<Drawing, Unit>, activeTool: String?, onToolReset: Function0<Unit>, /* var */ showRsi: Boolean, /* var */ rsiPeriod: Int, /* var */ showEma10: Boolean, /* var */ ema10Period: Int, /* var */ showEma20: Boolean, /* var */ ema20Period: Int, /* var */ showSma1: Boolean, /* var */ sma1Period: Int, /* var */ showSma2: Boolean, /* var */ sma2Period: Int, /* var */ showVwap: Boolean, /* var */ showBb: Boolean, /* var */ bbPeriod: Int, /* var */ bbStdDev: Float, /* var */ showAtr: Boolean, /* var */ atrPeriod: Int, /* var */ showMacd: Boolean, /* var */ macdFast: Int, /* var */ macdSlow: Int, /* var */ macdSignal: Int, /* var */ showVolume: Boolean, /* var */ showVolumeMa: Boolean, /* var */ volumeMaLength: Int, /* var */ volumeMaColor: Color, /* var */ volumeGrowingColor: Color, /* var */ volumeFallingColor: Color, /* var */ volumeColorBasedOnPreviousClose: Boolean, /* var */ isCrosshairActive: Boolean, /* var */ onCrosshairToggle: Function1<Boolean, Unit>?, /* var */ onVolumeToggle: Function1<Boolean, Unit>?, /* var */ onIndicatorSettingsClick: Function1<String, Unit>?, /* var */ chartFeedType: ChartFeedType?, /* var */ binanceMarketType: BinanceMarketType?, /* var */ providerChartData: ProviderChartData?, /* var */ isMagnetEnabled: Boolean, /* var */ isLocked: Boolean, /* var */ isVisible: Boolean, /* var */ selectedCurrency: String?, /* var */ onCurrencyClick: Function0<Unit>?, /* var */ isFullscreen: Boolean, /* var */ onFullscreenExit: Function0<Unit>?, /* var */ scrollToTimestamp: Long?, /* var */ onScrollDone: Function0<Unit>?, /* var */ onLongPress: Function0<Unit>?, /* var */ onSettingsClick: Function0<Unit>?, /* var */ showCurrencySelector: Boolean, /* var */ showSettingsButton: Boolean, /* var */ onDataLoaded: Function1<List<OHLCData>, Unit>?, /* var */ selectedTimeZone: String?, /* var */ onQuoteUpdate: Function1<SymbolQuote, Unit>?, /* var */ onAnyQuoteUpdate: Function1<SymbolQuote, Unit>?, /* var */ watchlistSymbols: List<String>?, positions: List<Position>, onPositionUpdate: Function1<Position, Unit>, onPositionDelete: Function1<String, Unit>, /* var */ onAccountUpdate: Function1<AccountInfo, Unit>?, /* var */ onPlaceOrder: Function3<Position, String, Float?, Unit>?, /* var */ onPositionsUpdate: Function1<List<Position>, Unit>?, /* var */ orders: List<Order>?, /* var */ onOrdersUpdate: Function1<List<Order>, Unit>?, /* var */ onHistoryOrdersUpdate: Function1<List<Order>, Unit>?, /* var */ onBalanceHistoryUpdate: Function1<List<BalanceRecord>, Unit>?, /* var */ onCalendarUpdate: Function1<EconomicCalendarPayload, Unit>?, /* var */ isCalendarVisible: Boolean, /* var */ calendarRequestDateIso: String?, /* var */ calendarRequestVersion: Int, /* var */ isNewsVisible: Boolean, /* var */ onNewsUpdate: Function1<NewsPayload, Unit>?, /* var */ onSymbolsUpdate: Function1<List<SymbolInfo>, Unit>?, /* var */ isTradingBarVisible: Boolean, /* var */ reverseBridge: Mt5ReverseBridge?, /* var */ cTraderService: Any?, /* var */ onTradeNotification: Function1<TradeNotification, Unit>?, /* var */ onRsiToggle: Function1<Boolean, Unit>?, /* var */ onEma10Toggle: Function1<Boolean, Unit>?, /* var */ onEma20Toggle: Function1<Boolean, Unit>?, /* var */ onSma1Toggle: Function1<Boolean, Unit>?, /* var */ onSma2Toggle: Function1<Boolean, Unit>?, /* var */ onVwapToggle: Function1<Boolean, Unit>?, /* var */ onBbToggle: Function1<Boolean, Unit>?, /* var */ onAtrToggle: Function1<Boolean, Unit>?, /* var */ onMacdToggle: Function1<Boolean, Unit>?, /* var */ rsiShowLabels: Boolean, /* var */ rsiShowLines: Boolean, /* var */ ema10ShowLabels: Boolean, /* var */ ema10ShowLines: Boolean, /* var */ ema20ShowLabels: Boolean, /* var */ ema20ShowLines: Boolean, /* var */ sma1ShowLabels: Boolean, /* var */ sma1ShowLines: Boolean, /* var */ sma2ShowLabels: Boolean, /* var */ sma2ShowLines: Boolean, /* var */ vwapShowLabels: Boolean, /* var */ vwapShowLines: Boolean, /* var */ bbShowLabels: Boolean, /* var */ bbShowLines: Boolean, /* var */ atrShowLabels: Boolean, /* var */ atrShowLines: Boolean, /* var */ macdShowLabels: Boolean, /* var */ macdShowLines: Boolean, /* var */ volumeShowLabels: Boolean, /* var */ volumeShowLines: Boolean, /* var */ selectedIndicatorId: String?, /* var */ onSelectedIndicatorIdChange: Function1<String?, Unit>?, /* var */ onIndicatorDataUpdate: Function1<IndicatorData, Unit>?, /* var */ $composer: Composer?, $changed: Int, $changed1: Int, $changed2: Int, $changed3: Int, $changed4: Int, $changed5: Int, $changed6: Int, $changed7: Int, $changed8: Int, $changed9: Int, $changed10: Int, $changed11: Int, $default: Int, $default1: Int, $default2: Int, $default3: Int) {
    { // BLOCK
      $composer = $composer.startRestartGroup(key = 495638919)
      sourceInformation(composer = $composer, sourceInformation = "C(TradingChart2)P(101,102,100,13,14,43!1,66,87,74,84,15,85,18,89,94,90,97,93,82,4,7,81!1,86,29,33,32,91,92,107,106:c#ui.graphics.Color,105:c#ui.graphics.Color,104:c#ui.graphics.Color,103,22,40,68,49,12,8,72,25,24,28,78,41,23,46,77,60,50,62,83,88,42,80,58,35,112,71,56,55,34,54,57,70,53,47,37,39,21,10,11,26,52,65,27,73,9,67,59,44,45,63,64,69,38,36,51,75,76,16,17,19,20,95,96,98,99,110,111,5,6!4,108,109,79,61)93@3568L2,94@3612L2,95@3665L2,103@4003L2,105@4077L2,107@4149L2,108@4183L2,109@4221L2,112@4352L2,114@4437L2,115@4487L2,120@4710L2,122@4828L2,124@4915L2,125@4970L2,126@5034L2,127@5096L2,132@5322L2,133@5376L2,137@5647L2,138@5688L2,139@5731L2,140@5774L2,141@5816L2,142@5858L2,143@5900L2,144@5940L2,145@5981L2,146@6023L2,168@6841L2,169@6898L2,171@6965L7,172@6989L96,173@7105L88,175@7230L55,176@7321L34,178@7397L157,178@7361L193,185@7617L342,185@7560L399,202@8121L41,203@8182L41,204@8256L60,206@8346L47,207@8421L34,208@8492L44,209@8555L48,210@8633L75,211@8742L41,213@8789L36778:TradingChart2.kt#x6l30d")
    }
    val $dirty: Int = $changed
    val $dirty1: Int = $changed1
    val $dirty2: Int = $changed2
    val $dirty3: Int = $changed3
    val $dirty4: Int = $changed4
    val $dirty5: Int = $changed5
    val $dirty6: Int = $changed6
    val $dirty7: Int = $changed7
    val $dirty8: Int = $changed8
    val $dirty9: Int = $changed9
    val $dirty10: Int = $changed10
    val $dirty11: Int = $changed11
    when {
      EQEQ(arg0 = $changed.and(other = 6), arg1 = 0) -> $dirty = $dirty.or(other = when {
        $composer.changed(value = symbol) -> 4
        else -> 2
      })
    }
    when {
      EQEQ(arg0 = $changed.and(other = 48), arg1 = 0) -> $dirty = $dirty.or(other = when {
        $composer.changed(value = timeframe) -> 32
        else -> 16
      })
    }
    when {
      EQEQ(arg0 = $changed.and(other = 384), arg1 = 0) -> $dirty = $dirty.or(other = when {
        $composer.changed(value = style) -> 256
        else -> 128
      })
    }
    when {
      EQEQ(arg0 = $changed.and(other = 3072), arg1 = 0) -> $dirty = $dirty.or(other = when {
        $composer.changed(value = chartSettings) -> 2048
        else -> 1024
      })
    }
    when {
      EQEQ(arg0 = $changed.and(other = 24576), arg1 = 0) -> $dirty = $dirty.or(other = when {
        $composer.changedInstance(value = drawings) -> 16384
        else -> 8192
      })
    }
    when {
      EQEQ(arg0 = $changed.and(other = 196608), arg1 = 0) -> $dirty = $dirty.or(other = when {
        $composer.changedInstance(value = onDrawingUpdate) -> 131072
        else -> 65536
      })
    }
    when {
      EQEQ(arg0 = $changed.and(other = 1572864), arg1 = 0) -> $dirty = $dirty.or(other = when {
        $composer.changed(value = activeTool) -> 1048576
        else -> 524288
      })
    }
    when {
      EQEQ(arg0 = $changed.and(other = 12582912), arg1 = 0) -> $dirty = $dirty.or(other = when {
        $composer.changedInstance(value = onToolReset) -> 8388608
        else -> 4194304
      })
    }
    when {
      EQEQ(arg0 = $default.and(other = 256), arg1 = 0).not() -> $dirty = $dirty.or(other = 100663296)
      EQEQ(arg0 = $changed.and(other = 100663296), arg1 = 0) -> $dirty = $dirty.or(other = when {
        $composer.changed(value = showRsi) -> 67108864
        else -> 33554432
      })
    }
    when {
      EQEQ(arg0 = $default.and(other = 512), arg1 = 0).not() -> $dirty = $dirty.or(other = 805306368)
      EQEQ(arg0 = $changed.and(other = 805306368), arg1 = 0) -> $dirty = $dirty.or(other = when {
        $composer.changed(value = rsiPeriod) -> 536870912
        else -> 268435456
      })
    }
    when {
      EQEQ(arg0 = $default.and(other = 1024), arg1 = 0).not() -> $dirty1 = $dirty1.or(other = 6)
      EQEQ(arg0 = $changed1.and(other = 6), arg1 = 0) -> $dirty1 = $dirty1.or(other = when {
        $composer.changed(value = showEma10) -> 4
        else -> 2
      })
    }
    when {
      EQEQ(arg0 = $default.and(other = 2048), arg1 = 0).not() -> $dirty1 = $dirty1.or(other = 48)
      EQEQ(arg0 = $changed1.and(other = 48), arg1 = 0) -> $dirty1 = $dirty1.or(other = when {
        $composer.changed(value = ema10Period) -> 32
        else -> 16
      })
    }
    when {
      EQEQ(arg0 = $default.and(other = 4096), arg1 = 0).not() -> $dirty1 = $dirty1.or(other = 384)
      EQEQ(arg0 = $changed1.and(other = 384), arg1 = 0) -> $dirty1 = $dirty1.or(other = when {
        $composer.changed(value = showEma20) -> 256
        else -> 128
      })
    }
    when {
      EQEQ(arg0 = $default.and(other = 8192), arg1 = 0).not() -> $dirty1 = $dirty1.or(other = 3072)
      EQEQ(arg0 = $changed1.and(other = 3072), arg1 = 0) -> $dirty1 = $dirty1.or(other = when {
        $composer.changed(value = ema20Period) -> 2048
        else -> 1024
      })
    }
    when {
      EQEQ(arg0 = $default.and(other = 16384), arg1 = 0).not() -> $dirty1 = $dirty1.or(other = 24576)
      EQEQ(arg0 = $changed1.and(other = 24576), arg1 = 0) -> $dirty1 = $dirty1.or(other = when {
        $composer.changed(value = showSma1) -> 16384
        else -> 8192
      })
    }
    when {
      EQEQ(arg0 = $default.and(other = 32768), arg1 = 0).not() -> $dirty1 = $dirty1.or(other = 196608)
      EQEQ(arg0 = $changed1.and(other = 196608), arg1 = 0) -> $dirty1 = $dirty1.or(other = when {
        $composer.changed(value = sma1Period) -> 131072
        else -> 65536
      })
    }
    when {
      EQEQ(arg0 = $default.and(other = 65536), arg1 = 0).not() -> $dirty1 = $dirty1.or(other = 1572864)
      EQEQ(arg0 = $changed1.and(other = 1572864), arg1 = 0) -> $dirty1 = $dirty1.or(other = when {
        $composer.changed(value = showSma2) -> 1048576
        else -> 524288
      })
    }
    when {
      EQEQ(arg0 = $default.and(other = 131072), arg1 = 0).not() -> $dirty1 = $dirty1.or(other = 12582912)
      EQEQ(arg0 = $changed1.and(other = 12582912), arg1 = 0) -> $dirty1 = $dirty1.or(other = when {
        $composer.changed(value = sma2Period) -> 8388608
        else -> 4194304
      })
    }
    when {
      EQEQ(arg0 = $default.and(other = 262144), arg1 = 0).not() -> $dirty1 = $dirty1.or(other = 100663296)
      EQEQ(arg0 = $changed1.and(other = 100663296), arg1 = 0) -> $dirty1 = $dirty1.or(other = when {
        $composer.changed(value = showVwap) -> 67108864
        else -> 33554432
      })
    }
    when {
      EQEQ(arg0 = $default.and(other = 524288), arg1 = 0).not() -> $dirty1 = $dirty1.or(other = 805306368)
      EQEQ(arg0 = $changed1.and(other = 805306368), arg1 = 0) -> $dirty1 = $dirty1.or(other = when {
        $composer.changed(value = showBb) -> 536870912
        else -> 268435456
      })
    }
    when {
      EQEQ(arg0 = $default.and(other = 1048576), arg1 = 0).not() -> $dirty2 = $dirty2.or(other = 6)
      EQEQ(arg0 = $changed2.and(other = 6), arg1 = 0) -> $dirty2 = $dirty2.or(other = when {
        $composer.changed(value = bbPeriod) -> 4
        else -> 2
      })
    }
    when {
      EQEQ(arg0 = $default.and(other = 2097152), arg1 = 0).not() -> $dirty2 = $dirty2.or(other = 48)
      EQEQ(arg0 = $changed2.and(other = 48), arg1 = 0) -> $dirty2 = $dirty2.or(other = when {
        $composer.changed(value = bbStdDev) -> 32
        else -> 16
      })
    }
    when {
      EQEQ(arg0 = $default.and(other = 4194304), arg1 = 0).not() -> $dirty2 = $dirty2.or(other = 384)
      EQEQ(arg0 = $changed2.and(other = 384), arg1 = 0) -> $dirty2 = $dirty2.or(other = when {
        $composer.changed(value = showAtr) -> 256
        else -> 128
      })
    }
    when {
      EQEQ(arg0 = $default.and(other = 8388608), arg1 = 0).not() -> $dirty2 = $dirty2.or(other = 3072)
      EQEQ(arg0 = $changed2.and(other = 3072), arg1 = 0) -> $dirty2 = $dirty2.or(other = when {
        $composer.changed(value = atrPeriod) -> 2048
        else -> 1024
      })
    }
    when {
      EQEQ(arg0 = $default.and(other = 16777216), arg1 = 0).not() -> $dirty2 = $dirty2.or(other = 24576)
      EQEQ(arg0 = $changed2.and(other = 24576), arg1 = 0) -> $dirty2 = $dirty2.or(other = when {
        $composer.changed(value = showMacd) -> 16384
        else -> 8192
      })
    }
    when {
      EQEQ(arg0 = $default.and(other = 33554432), arg1 = 0).not() -> $dirty2 = $dirty2.or(other = 196608)
      EQEQ(arg0 = $changed2.and(other = 196608), arg1 = 0) -> $dirty2 = $dirty2.or(other = when {
        $composer.changed(value = macdFast) -> 131072
        else -> 65536
      })
    }
    when {
      EQEQ(arg0 = $default.and(other = 67108864), arg1 = 0).not() -> $dirty2 = $dirty2.or(other = 1572864)
      EQEQ(arg0 = $changed2.and(other = 1572864), arg1 = 0) -> $dirty2 = $dirty2.or(other = when {
        $composer.changed(value = macdSlow) -> 1048576
        else -> 524288
      })
    }
    when {
      EQEQ(arg0 = $default.and(other = 134217728), arg1 = 0).not() -> $dirty2 = $dirty2.or(other = 12582912)
      EQEQ(arg0 = $changed2.and(other = 12582912), arg1 = 0) -> $dirty2 = $dirty2.or(other = when {
        $composer.changed(value = macdSignal) -> 8388608
        else -> 4194304
      })
    }
    when {
      EQEQ(arg0 = $default.and(other = 268435456), arg1 = 0).not() -> $dirty2 = $dirty2.or(other = 100663296)
      EQEQ(arg0 = $changed2.and(other = 100663296), arg1 = 0) -> $dirty2 = $dirty2.or(other = when {
        $composer.changed(value = showVolume) -> 67108864
        else -> 33554432
      })
    }
    when {
      EQEQ(arg0 = $default.and(other = 536870912), arg1 = 0).not() -> $dirty2 = $dirty2.or(other = 805306368)
      EQEQ(arg0 = $changed2.and(other = 805306368), arg1 = 0) -> $dirty2 = $dirty2.or(other = when {
        $composer.changed(value = showVolumeMa) -> 536870912
        else -> 268435456
      })
    }
    when {
      EQEQ(arg0 = $default.and(other = 1073741824), arg1 = 0).not() -> $dirty3 = $dirty3.or(other = 6)
      EQEQ(arg0 = $changed3.and(other = 6), arg1 = 0) -> $dirty3 = $dirty3.or(other = when {
        $composer.changed(value = volumeMaLength) -> 4
        else -> 2
      })
    }
    when {
      EQEQ(arg0 = $default1.and(other = 1), arg1 = 0).not() -> $dirty3 = $dirty3.or(other = 48)
      EQEQ(arg0 = $changed3.and(other = 48), arg1 = 0) -> $dirty3 = $dirty3.or(other = when {
        $composer.changed(value = <unsafe-coerce><Color, Long>(v = volumeMaColor)) -> 32
        else -> 16
      })
    }
    when {
      EQEQ(arg0 = $default1.and(other = 2), arg1 = 0).not() -> $dirty3 = $dirty3.or(other = 384)
      EQEQ(arg0 = $changed3.and(other = 384), arg1 = 0) -> $dirty3 = $dirty3.or(other = when {
        $composer.changed(value = <unsafe-coerce><Color, Long>(v = volumeGrowingColor)) -> 256
        else -> 128
      })
    }
    when {
      EQEQ(arg0 = $default1.and(other = 4), arg1 = 0).not() -> $dirty3 = $dirty3.or(other = 3072)
      EQEQ(arg0 = $changed3.and(other = 3072), arg1 = 0) -> $dirty3 = $dirty3.or(other = when {
        $composer.changed(value = <unsafe-coerce><Color, Long>(v = volumeFallingColor)) -> 2048
        else -> 1024
      })
    }
    when {
      EQEQ(arg0 = $default1.and(other = 8), arg1 = 0).not() -> $dirty3 = $dirty3.or(other = 24576)
      EQEQ(arg0 = $changed3.and(other = 24576), arg1 = 0) -> $dirty3 = $dirty3.or(other = when {
        $composer.changed(value = volumeColorBasedOnPreviousClose) -> 16384
        else -> 8192
      })
    }
    when {
      EQEQ(arg0 = $default1.and(other = 16), arg1 = 0).not() -> $dirty3 = $dirty3.or(other = 196608)
      EQEQ(arg0 = $changed3.and(other = 196608), arg1 = 0) -> $dirty3 = $dirty3.or(other = when {
        $composer.changed(value = isCrosshairActive) -> 131072
        else -> 65536
      })
    }
    when {
      EQEQ(arg0 = $default1.and(other = 32), arg1 = 0).not() -> $dirty3 = $dirty3.or(other = 1572864)
      EQEQ(arg0 = $changed3.and(other = 1572864), arg1 = 0) -> $dirty3 = $dirty3.or(other = when {
        $composer.changedInstance(value = onCrosshairToggle) -> 1048576
        else -> 524288
      })
    }
    when {
      EQEQ(arg0 = $default1.and(other = 64), arg1 = 0).not() -> $dirty3 = $dirty3.or(other = 12582912)
      EQEQ(arg0 = $changed3.and(other = 12582912), arg1 = 0) -> $dirty3 = $dirty3.or(other = when {
        $composer.changedInstance(value = onVolumeToggle) -> 8388608
        else -> 4194304
      })
    }
    when {
      EQEQ(arg0 = $default1.and(other = 128), arg1 = 0).not() -> $dirty3 = $dirty3.or(other = 100663296)
      EQEQ(arg0 = $changed3.and(other = 100663296), arg1 = 0) -> $dirty3 = $dirty3.or(other = when {
        $composer.changedInstance(value = onIndicatorSettingsClick) -> 67108864
        else -> 33554432
      })
    }
    when {
      EQEQ(arg0 = $default1.and(other = 256), arg1 = 0).not() -> $dirty3 = $dirty3.or(other = 805306368)
      EQEQ(arg0 = $changed3.and(other = 805306368), arg1 = 0) -> $dirty3 = $dirty3.or(other = when {
        $composer.changed(value = { // BLOCK
          val tmpEnum: ChartFeedType? = chartFeedType
          when {
            EQEQ(arg0 = tmpEnum, arg1 = null) -> -1
            else -> tmpEnum.<get-ordinal>()
          }
        }) -> 536870912
        else -> 268435456
      })
    }
    when {
      EQEQ(arg0 = $default1.and(other = 512), arg1 = 0).not() -> $dirty4 = $dirty4.or(other = 6)
      EQEQ(arg0 = $changed4.and(other = 6), arg1 = 0) -> $dirty4 = $dirty4.or(other = when {
        $composer.changed(value = { // BLOCK
          val tmpEnum: BinanceMarketType? = binanceMarketType
          when {
            EQEQ(arg0 = tmpEnum, arg1 = null) -> -1
            else -> tmpEnum.<get-ordinal>()
          }
        }) -> 4
        else -> 2
      })
    }
    when {
      EQEQ(arg0 = $default1.and(other = 1024), arg1 = 0).not() -> $dirty4 = $dirty4.or(other = 48)
      EQEQ(arg0 = $changed4.and(other = 48), arg1 = 0) -> $dirty4 = $dirty4.or(other = when {
        $composer.changedInstance(value = providerChartData) -> 32
        else -> 16
      })
    }
    when {
      EQEQ(arg0 = $default1.and(other = 2048), arg1 = 0).not() -> $dirty4 = $dirty4.or(other = 384)
      EQEQ(arg0 = $changed4.and(other = 384), arg1 = 0) -> $dirty4 = $dirty4.or(other = when {
        $composer.changed(value = isMagnetEnabled) -> 256
        else -> 128
      })
    }
    when {
      EQEQ(arg0 = $default1.and(other = 4096), arg1 = 0).not() -> $dirty4 = $dirty4.or(other = 3072)
      EQEQ(arg0 = $changed4.and(other = 3072), arg1 = 0) -> $dirty4 = $dirty4.or(other = when {
        $composer.changed(value = isLocked) -> 2048
        else -> 1024
      })
    }
    when {
      EQEQ(arg0 = $default1.and(other = 8192), arg1 = 0).not() -> $dirty4 = $dirty4.or(other = 24576)
      EQEQ(arg0 = $changed4.and(other = 24576), arg1 = 0) -> $dirty4 = $dirty4.or(other = when {
        $composer.changed(value = isVisible) -> 16384
        else -> 8192
      })
    }
    when {
      EQEQ(arg0 = $default1.and(other = 16384), arg1 = 0).not() -> $dirty4 = $dirty4.or(other = 196608)
      EQEQ(arg0 = $changed4.and(other = 196608), arg1 = 0) -> $dirty4 = $dirty4.or(other = when {
        $composer.changed(value = selectedCurrency) -> 131072
        else -> 65536
      })
    }
    when {
      EQEQ(arg0 = $default1.and(other = 32768), arg1 = 0).not() -> $dirty4 = $dirty4.or(other = 1572864)
      EQEQ(arg0 = $changed4.and(other = 1572864), arg1 = 0) -> $dirty4 = $dirty4.or(other = when {
        $composer.changedInstance(value = onCurrencyClick) -> 1048576
        else -> 524288
      })
    }
    when {
      EQEQ(arg0 = $default1.and(other = 65536), arg1 = 0).not() -> $dirty4 = $dirty4.or(other = 12582912)
      EQEQ(arg0 = $changed4.and(other = 12582912), arg1 = 0) -> $dirty4 = $dirty4.or(other = when {
        $composer.changed(value = isFullscreen) -> 8388608
        else -> 4194304
      })
    }
    when {
      EQEQ(arg0 = $default1.and(other = 131072), arg1 = 0).not() -> $dirty4 = $dirty4.or(other = 100663296)
      EQEQ(arg0 = $changed4.and(other = 100663296), arg1 = 0) -> $dirty4 = $dirty4.or(other = when {
        $composer.changedInstance(value = onFullscreenExit) -> 67108864
        else -> 33554432
      })
    }
    when {
      EQEQ(arg0 = $default1.and(other = 262144), arg1 = 0).not() -> $dirty4 = $dirty4.or(other = 805306368)
      EQEQ(arg0 = $changed4.and(other = 805306368), arg1 = 0) -> $dirty4 = $dirty4.or(other = when {
        $composer.changed(value = scrollToTimestamp) -> 536870912
        else -> 268435456
      })
    }
    when {
      EQEQ(arg0 = $default1.and(other = 524288), arg1 = 0).not() -> $dirty5 = $dirty5.or(other = 6)
      EQEQ(arg0 = $changed5.and(other = 6), arg1 = 0) -> $dirty5 = $dirty5.or(other = when {
        $composer.changedInstance(value = onScrollDone) -> 4
        else -> 2
      })
    }
    when {
      EQEQ(arg0 = $default1.and(other = 1048576), arg1 = 0).not() -> $dirty5 = $dirty5.or(other = 48)
      EQEQ(arg0 = $changed5.and(other = 48), arg1 = 0) -> $dirty5 = $dirty5.or(other = when {
        $composer.changedInstance(value = onLongPress) -> 32
        else -> 16
      })
    }
    when {
      EQEQ(arg0 = $default1.and(other = 2097152), arg1 = 0).not() -> $dirty5 = $dirty5.or(other = 384)
      EQEQ(arg0 = $changed5.and(other = 384), arg1 = 0) -> $dirty5 = $dirty5.or(other = when {
        $composer.changedInstance(value = onSettingsClick) -> 256
        else -> 128
      })
    }
    when {
      EQEQ(arg0 = $default1.and(other = 4194304), arg1 = 0).not() -> $dirty5 = $dirty5.or(other = 3072)
      EQEQ(arg0 = $changed5.and(other = 3072), arg1 = 0) -> $dirty5 = $dirty5.or(other = when {
        $composer.changed(value = showCurrencySelector) -> 2048
        else -> 1024
      })
    }
    when {
      EQEQ(arg0 = $default1.and(other = 8388608), arg1 = 0).not() -> $dirty5 = $dirty5.or(other = 24576)
      EQEQ(arg0 = $changed5.and(other = 24576), arg1 = 0) -> $dirty5 = $dirty5.or(other = when {
        $composer.changed(value = showSettingsButton) -> 16384
        else -> 8192
      })
    }
    when {
      EQEQ(arg0 = $default1.and(other = 16777216), arg1 = 0).not() -> $dirty5 = $dirty5.or(other = 196608)
      EQEQ(arg0 = $changed5.and(other = 196608), arg1 = 0) -> $dirty5 = $dirty5.or(other = when {
        $composer.changedInstance(value = onDataLoaded) -> 131072
        else -> 65536
      })
    }
    when {
      EQEQ(arg0 = $default1.and(other = 33554432), arg1 = 0).not() -> $dirty5 = $dirty5.or(other = 1572864)
      EQEQ(arg0 = $changed5.and(other = 1572864), arg1 = 0) -> $dirty5 = $dirty5.or(other = when {
        $composer.changed(value = selectedTimeZone) -> 1048576
        else -> 524288
      })
    }
    when {
      EQEQ(arg0 = $default1.and(other = 67108864), arg1 = 0).not() -> $dirty5 = $dirty5.or(other = 12582912)
      EQEQ(arg0 = $changed5.and(other = 12582912), arg1 = 0) -> $dirty5 = $dirty5.or(other = when {
        $composer.changedInstance(value = onQuoteUpdate) -> 8388608
        else -> 4194304
      })
    }
    when {
      EQEQ(arg0 = $default1.and(other = 134217728), arg1 = 0).not() -> $dirty5 = $dirty5.or(other = 100663296)
      EQEQ(arg0 = $changed5.and(other = 100663296), arg1 = 0) -> $dirty5 = $dirty5.or(other = when {
        $composer.changedInstance(value = onAnyQuoteUpdate) -> 67108864
        else -> 33554432
      })
    }
    when {
      EQEQ(arg0 = $default1.and(other = 268435456), arg1 = 0).not() -> $dirty5 = $dirty5.or(other = 805306368)
      EQEQ(arg0 = $changed5.and(other = 805306368), arg1 = 0) -> $dirty5 = $dirty5.or(other = when {
        $composer.changedInstance(value = watchlistSymbols) -> 536870912
        else -> 268435456
      })
    }
    when {
      EQEQ(arg0 = $changed6.and(other = 6), arg1 = 0) -> $dirty6 = $dirty6.or(other = when {
        $composer.changedInstance(value = positions) -> 4
        else -> 2
      })
    }
    when {
      EQEQ(arg0 = $changed6.and(other = 48), arg1 = 0) -> $dirty6 = $dirty6.or(other = when {
        $composer.changedInstance(value = onPositionUpdate) -> 32
        else -> 16
      })
    }
    when {
      EQEQ(arg0 = $changed6.and(other = 384), arg1 = 0) -> $dirty6 = $dirty6.or(other = when {
        $composer.changedInstance(value = onPositionDelete) -> 256
        else -> 128
      })
    }
    when {
      EQEQ(arg0 = $default2.and(other = 2), arg1 = 0).not() -> $dirty6 = $dirty6.or(other = 3072)
      EQEQ(arg0 = $changed6.and(other = 3072), arg1 = 0) -> $dirty6 = $dirty6.or(other = when {
        $composer.changedInstance(value = onAccountUpdate) -> 2048
        else -> 1024
      })
    }
    when {
      EQEQ(arg0 = $default2.and(other = 4), arg1 = 0).not() -> $dirty6 = $dirty6.or(other = 24576)
      EQEQ(arg0 = $changed6.and(other = 24576), arg1 = 0) -> $dirty6 = $dirty6.or(other = when {
        $composer.changedInstance(value = onPlaceOrder) -> 16384
        else -> 8192
      })
    }
    when {
      EQEQ(arg0 = $default2.and(other = 8), arg1 = 0).not() -> $dirty6 = $dirty6.or(other = 196608)
      EQEQ(arg0 = $changed6.and(other = 196608), arg1 = 0) -> $dirty6 = $dirty6.or(other = when {
        $composer.changedInstance(value = onPositionsUpdate) -> 131072
        else -> 65536
      })
    }
    when {
      EQEQ(arg0 = $default2.and(other = 16), arg1 = 0).not() -> $dirty6 = $dirty6.or(other = 1572864)
      EQEQ(arg0 = $changed6.and(other = 1572864), arg1 = 0) -> $dirty6 = $dirty6.or(other = when {
        $composer.changedInstance(value = orders) -> 1048576
        else -> 524288
      })
    }
    when {
      EQEQ(arg0 = $default2.and(other = 32), arg1 = 0).not() -> $dirty6 = $dirty6.or(other = 12582912)
      EQEQ(arg0 = $changed6.and(other = 12582912), arg1 = 0) -> $dirty6 = $dirty6.or(other = when {
        $composer.changedInstance(value = onOrdersUpdate) -> 8388608
        else -> 4194304
      })
    }
    when {
      EQEQ(arg0 = $default2.and(other = 64), arg1 = 0).not() -> $dirty6 = $dirty6.or(other = 100663296)
      EQEQ(arg0 = $changed6.and(other = 100663296), arg1 = 0) -> $dirty6 = $dirty6.or(other = when {
        $composer.changedInstance(value = onHistoryOrdersUpdate) -> 67108864
        else -> 33554432
      })
    }
    when {
      EQEQ(arg0 = $default2.and(other = 128), arg1 = 0).not() -> $dirty6 = $dirty6.or(other = 805306368)
      EQEQ(arg0 = $changed6.and(other = 805306368), arg1 = 0) -> $dirty6 = $dirty6.or(other = when {
        $composer.changedInstance(value = onBalanceHistoryUpdate) -> 536870912
        else -> 268435456
      })
    }
    when {
      EQEQ(arg0 = $default2.and(other = 256), arg1 = 0).not() -> $dirty7 = $dirty7.or(other = 6)
      EQEQ(arg0 = $changed7.and(other = 6), arg1 = 0) -> $dirty7 = $dirty7.or(other = when {
        $composer.changedInstance(value = onCalendarUpdate) -> 4
        else -> 2
      })
    }
    when {
      EQEQ(arg0 = $default2.and(other = 512), arg1 = 0).not() -> $dirty7 = $dirty7.or(other = 48)
      EQEQ(arg0 = $changed7.and(other = 48), arg1 = 0) -> $dirty7 = $dirty7.or(other = when {
        $composer.changed(value = isCalendarVisible) -> 32
        else -> 16
      })
    }
    when {
      EQEQ(arg0 = $default2.and(other = 1024), arg1 = 0).not() -> $dirty7 = $dirty7.or(other = 384)
      EQEQ(arg0 = $changed7.and(other = 384), arg1 = 0) -> $dirty7 = $dirty7.or(other = when {
        $composer.changed(value = calendarRequestDateIso) -> 256
        else -> 128
      })
    }
    when {
      EQEQ(arg0 = $default2.and(other = 2048), arg1 = 0).not() -> $dirty7 = $dirty7.or(other = 3072)
      EQEQ(arg0 = $changed7.and(other = 3072), arg1 = 0) -> $dirty7 = $dirty7.or(other = when {
        $composer.changed(value = calendarRequestVersion) -> 2048
        else -> 1024
      })
    }
    when {
      EQEQ(arg0 = $default2.and(other = 4096), arg1 = 0).not() -> $dirty7 = $dirty7.or(other = 24576)
      EQEQ(arg0 = $changed7.and(other = 24576), arg1 = 0) -> $dirty7 = $dirty7.or(other = when {
        $composer.changed(value = isNewsVisible) -> 16384
        else -> 8192
      })
    }
    when {
      EQEQ(arg0 = $default2.and(other = 8192), arg1 = 0).not() -> $dirty7 = $dirty7.or(other = 196608)
      EQEQ(arg0 = $changed7.and(other = 196608), arg1 = 0) -> $dirty7 = $dirty7.or(other = when {
        $composer.changedInstance(value = onNewsUpdate) -> 131072
        else -> 65536
      })
    }
    when {
      EQEQ(arg0 = $default2.and(other = 16384), arg1 = 0).not() -> $dirty7 = $dirty7.or(other = 1572864)
      EQEQ(arg0 = $changed7.and(other = 1572864), arg1 = 0) -> $dirty7 = $dirty7.or(other = when {
        $composer.changedInstance(value = onSymbolsUpdate) -> 1048576
        else -> 524288
      })
    }
    when {
      EQEQ(arg0 = $default2.and(other = 32768), arg1 = 0).not() -> $dirty7 = $dirty7.or(other = 12582912)
      EQEQ(arg0 = $changed7.and(other = 12582912), arg1 = 0) -> $dirty7 = $dirty7.or(other = when {
        $composer.changed(value = isTradingBarVisible) -> 8388608
        else -> 4194304
      })
    }
    when {
      EQEQ(arg0 = $default2.and(other = 65536), arg1 = 0).not() -> $dirty7 = $dirty7.or(other = 100663296)
      EQEQ(arg0 = $changed7.and(other = 100663296), arg1 = 0) -> $dirty7 = $dirty7.or(other = when {
        $composer.changedInstance(value = reverseBridge) -> 67108864
        else -> 33554432
      })
    }
    when {
      EQEQ(arg0 = $default2.and(other = 131072), arg1 = 0).not() -> $dirty7 = $dirty7.or(other = 805306368)
      EQEQ(arg0 = $changed7.and(other = 805306368), arg1 = 0) -> $dirty7 = $dirty7.or(other = when {
        $composer.changedInstance(value = cTraderService) -> 536870912
        else -> 268435456
      })
    }
    when {
      EQEQ(arg0 = $default2.and(other = 262144), arg1 = 0).not() -> $dirty8 = $dirty8.or(other = 6)
      EQEQ(arg0 = $changed8.and(other = 6), arg1 = 0) -> $dirty8 = $dirty8.or(other = when {
        $composer.changedInstance(value = onTradeNotification) -> 4
        else -> 2
      })
    }
    when {
      EQEQ(arg0 = $default2.and(other = 524288), arg1 = 0).not() -> $dirty8 = $dirty8.or(other = 48)
      EQEQ(arg0 = $changed8.and(other = 48), arg1 = 0) -> $dirty8 = $dirty8.or(other = when {
        $composer.changedInstance(value = onRsiToggle) -> 32
        else -> 16
      })
    }
    when {
      EQEQ(arg0 = $default2.and(other = 1048576), arg1 = 0).not() -> $dirty8 = $dirty8.or(other = 384)
      EQEQ(arg0 = $changed8.and(other = 384), arg1 = 0) -> $dirty8 = $dirty8.or(other = when {
        $composer.changedInstance(value = onEma10Toggle) -> 256
        else -> 128
      })
    }
    when {
      EQEQ(arg0 = $default2.and(other = 2097152), arg1 = 0).not() -> $dirty8 = $dirty8.or(other = 3072)
      EQEQ(arg0 = $changed8.and(other = 3072), arg1 = 0) -> $dirty8 = $dirty8.or(other = when {
        $composer.changedInstance(value = onEma20Toggle) -> 2048
        else -> 1024
      })
    }
    when {
      EQEQ(arg0 = $default2.and(other = 4194304), arg1 = 0).not() -> $dirty8 = $dirty8.or(other = 24576)
      EQEQ(arg0 = $changed8.and(other = 24576), arg1 = 0) -> $dirty8 = $dirty8.or(other = when {
        $composer.changedInstance(value = onSma1Toggle) -> 16384
        else -> 8192
      })
    }
    when {
      EQEQ(arg0 = $default2.and(other = 8388608), arg1 = 0).not() -> $dirty8 = $dirty8.or(other = 196608)
      EQEQ(arg0 = $changed8.and(other = 196608), arg1 = 0) -> $dirty8 = $dirty8.or(other = when {
        $composer.changedInstance(value = onSma2Toggle) -> 131072
        else -> 65536
      })
    }
    when {
      EQEQ(arg0 = $default2.and(other = 16777216), arg1 = 0).not() -> $dirty8 = $dirty8.or(other = 1572864)
      EQEQ(arg0 = $changed8.and(other = 1572864), arg1 = 0) -> $dirty8 = $dirty8.or(other = when {
        $composer.changedInstance(value = onVwapToggle) -> 1048576
        else -> 524288
      })
    }
    when {
      EQEQ(arg0 = $default2.and(other = 33554432), arg1 = 0).not() -> $dirty8 = $dirty8.or(other = 12582912)
      EQEQ(arg0 = $changed8.and(other = 12582912), arg1 = 0) -> $dirty8 = $dirty8.or(other = when {
        $composer.changedInstance(value = onBbToggle) -> 8388608
        else -> 4194304
      })
    }
    when {
      EQEQ(arg0 = $default2.and(other = 67108864), arg1 = 0).not() -> $dirty8 = $dirty8.or(other = 100663296)
      EQEQ(arg0 = $changed8.and(other = 100663296), arg1 = 0) -> $dirty8 = $dirty8.or(other = when {
        $composer.changedInstance(value = onAtrToggle) -> 67108864
        else -> 33554432
      })
    }
    when {
      EQEQ(arg0 = $default2.and(other = 134217728), arg1 = 0).not() -> $dirty8 = $dirty8.or(other = 805306368)
      EQEQ(arg0 = $changed8.and(other = 805306368), arg1 = 0) -> $dirty8 = $dirty8.or(other = when {
        $composer.changedInstance(value = onMacdToggle) -> 536870912
        else -> 268435456
      })
    }
    when {
      EQEQ(arg0 = $default2.and(other = 268435456), arg1 = 0).not() -> $dirty9 = $dirty9.or(other = 6)
      EQEQ(arg0 = $changed9.and(other = 6), arg1 = 0) -> $dirty9 = $dirty9.or(other = when {
        $composer.changed(value = rsiShowLabels) -> 4
        else -> 2
      })
    }
    when {
      EQEQ(arg0 = $default2.and(other = 536870912), arg1 = 0).not() -> $dirty9 = $dirty9.or(other = 48)
      EQEQ(arg0 = $changed9.and(other = 48), arg1 = 0) -> $dirty9 = $dirty9.or(other = when {
        $composer.changed(value = rsiShowLines) -> 32
        else -> 16
      })
    }
    when {
      EQEQ(arg0 = $default2.and(other = 1073741824), arg1 = 0).not() -> $dirty9 = $dirty9.or(other = 384)
      EQEQ(arg0 = $changed9.and(other = 384), arg1 = 0) -> $dirty9 = $dirty9.or(other = when {
        $composer.changed(value = ema10ShowLabels) -> 256
        else -> 128
      })
    }
    when {
      EQEQ(arg0 = $default3.and(other = 1), arg1 = 0).not() -> $dirty9 = $dirty9.or(other = 3072)
      EQEQ(arg0 = $changed9.and(other = 3072), arg1 = 0) -> $dirty9 = $dirty9.or(other = when {
        $composer.changed(value = ema10ShowLines) -> 2048
        else -> 1024
      })
    }
    when {
      EQEQ(arg0 = $default3.and(other = 2), arg1 = 0).not() -> $dirty9 = $dirty9.or(other = 24576)
      EQEQ(arg0 = $changed9.and(other = 24576), arg1 = 0) -> $dirty9 = $dirty9.or(other = when {
        $composer.changed(value = ema20ShowLabels) -> 16384
        else -> 8192
      })
    }
    when {
      EQEQ(arg0 = $default3.and(other = 4), arg1 = 0).not() -> $dirty9 = $dirty9.or(other = 196608)
      EQEQ(arg0 = $changed9.and(other = 196608), arg1 = 0) -> $dirty9 = $dirty9.or(other = when {
        $composer.changed(value = ema20ShowLines) -> 131072
        else -> 65536
      })
    }
    when {
      EQEQ(arg0 = $default3.and(other = 8), arg1 = 0).not() -> $dirty9 = $dirty9.or(other = 1572864)
      EQEQ(arg0 = $changed9.and(other = 1572864), arg1 = 0) -> $dirty9 = $dirty9.or(other = when {
        $composer.changed(value = sma1ShowLabels) -> 1048576
        else -> 524288
      })
    }
    when {
      EQEQ(arg0 = $default3.and(other = 16), arg1 = 0).not() -> $dirty9 = $dirty9.or(other = 12582912)
      EQEQ(arg0 = $changed9.and(other = 12582912), arg1 = 0) -> $dirty9 = $dirty9.or(other = when {
        $composer.changed(value = sma1ShowLines) -> 8388608
        else -> 4194304
      })
    }
    when {
      EQEQ(arg0 = $default3.and(other = 32), arg1 = 0).not() -> $dirty9 = $dirty9.or(other = 100663296)
      EQEQ(arg0 = $changed9.and(other = 100663296), arg1 = 0) -> $dirty9 = $dirty9.or(other = when {
        $composer.changed(value = sma2ShowLabels) -> 67108864
        else -> 33554432
      })
    }
    when {
      EQEQ(arg0 = $default3.and(other = 64), arg1 = 0).not() -> $dirty9 = $dirty9.or(other = 805306368)
      EQEQ(arg0 = $changed9.and(other = 805306368), arg1 = 0) -> $dirty9 = $dirty9.or(other = when {
        $composer.changed(value = sma2ShowLines) -> 536870912
        else -> 268435456
      })
    }
    when {
      EQEQ(arg0 = $default3.and(other = 128), arg1 = 0).not() -> $dirty10 = $dirty10.or(other = 6)
      EQEQ(arg0 = $changed10.and(other = 6), arg1 = 0) -> $dirty10 = $dirty10.or(other = when {
        $composer.changed(value = vwapShowLabels) -> 4
        else -> 2
      })
    }
    when {
      EQEQ(arg0 = $default3.and(other = 256), arg1 = 0).not() -> $dirty10 = $dirty10.or(other = 48)
      EQEQ(arg0 = $changed10.and(other = 48), arg1 = 0) -> $dirty10 = $dirty10.or(other = when {
        $composer.changed(value = vwapShowLines) -> 32
        else -> 16
      })
    }
    when {
      EQEQ(arg0 = $default3.and(other = 512), arg1 = 0).not() -> $dirty10 = $dirty10.or(other = 384)
      EQEQ(arg0 = $changed10.and(other = 384), arg1 = 0) -> $dirty10 = $dirty10.or(other = when {
        $composer.changed(value = bbShowLabels) -> 256
        else -> 128
      })
    }
    when {
      EQEQ(arg0 = $default3.and(other = 1024), arg1 = 0).not() -> $dirty10 = $dirty10.or(other = 3072)
      EQEQ(arg0 = $changed10.and(other = 3072), arg1 = 0) -> $dirty10 = $dirty10.or(other = when {
        $composer.changed(value = bbShowLines) -> 2048
        else -> 1024
      })
    }
    when {
      EQEQ(arg0 = $default3.and(other = 2048), arg1 = 0).not() -> $dirty10 = $dirty10.or(other = 24576)
      EQEQ(arg0 = $changed10.and(other = 24576), arg1 = 0) -> $dirty10 = $dirty10.or(other = when {
        $composer.changed(value = atrShowLabels) -> 16384
        else -> 8192
      })
    }
    when {
      EQEQ(arg0 = $default3.and(other = 4096), arg1 = 0).not() -> $dirty10 = $dirty10.or(other = 196608)
      EQEQ(arg0 = $changed10.and(other = 196608), arg1 = 0) -> $dirty10 = $dirty10.or(other = when {
        $composer.changed(value = atrShowLines) -> 131072
        else -> 65536
      })
    }
    when {
      EQEQ(arg0 = $default3.and(other = 8192), arg1 = 0).not() -> $dirty10 = $dirty10.or(other = 1572864)
      EQEQ(arg0 = $changed10.and(other = 1572864), arg1 = 0) -> $dirty10 = $dirty10.or(other = when {
        $composer.changed(value = macdShowLabels) -> 1048576
        else -> 524288
      })
    }
    when {
      EQEQ(arg0 = $default3.and(other = 16384), arg1 = 0).not() -> $dirty10 = $dirty10.or(other = 12582912)
      EQEQ(arg0 = $changed10.and(other = 12582912), arg1 = 0) -> $dirty10 = $dirty10.or(other = when {
        $composer.changed(value = macdShowLines) -> 8388608
        else -> 4194304
      })
    }
    when {
      EQEQ(arg0 = $default3.and(other = 32768), arg1 = 0).not() -> $dirty10 = $dirty10.or(other = 100663296)
      EQEQ(arg0 = $changed10.and(other = 100663296), arg1 = 0) -> $dirty10 = $dirty10.or(other = when {
        $composer.changed(value = volumeShowLabels) -> 67108864
        else -> 33554432
      })
    }
    when {
      EQEQ(arg0 = $default3.and(other = 65536), arg1 = 0).not() -> $dirty10 = $dirty10.or(other = 805306368)
      EQEQ(arg0 = $changed10.and(other = 805306368), arg1 = 0) -> $dirty10 = $dirty10.or(other = when {
        $composer.changed(value = volumeShowLines) -> 536870912
        else -> 268435456
      })
    }
    when {
      EQEQ(arg0 = $default3.and(other = 131072), arg1 = 0).not() -> $dirty11 = $dirty11.or(other = 6)
      EQEQ(arg0 = $changed11.and(other = 6), arg1 = 0) -> $dirty11 = $dirty11.or(other = when {
        $composer.changed(value = selectedIndicatorId) -> 4
        else -> 2
      })
    }
    when {
      EQEQ(arg0 = $default3.and(other = 262144), arg1 = 0).not() -> $dirty11 = $dirty11.or(other = 48)
      EQEQ(arg0 = $changed11.and(other = 48), arg1 = 0) -> $dirty11 = $dirty11.or(other = when {
        $composer.changedInstance(value = onSelectedIndicatorIdChange) -> 32
        else -> 16
      })
    }
    when {
      EQEQ(arg0 = $default3.and(other = 524288), arg1 = 0).not() -> $dirty11 = $dirty11.or(other = 384)
      EQEQ(arg0 = $changed11.and(other = 384), arg1 = 0) -> $dirty11 = $dirty11.or(other = when {
        $composer.changedInstance(value = onIndicatorDataUpdate) -> 256
        else -> 128
      })
    }
    when {
      when {
        when {
          when {
            when {
              when {
                when {
                  when {
                    when {
                      when {
                        when {
                          when {
                            when {
                              EQEQ(arg0 = $dirty.and(other = 306783379), arg1 = 306783378).not() -> true
                              else -> EQEQ(arg0 = $dirty1.and(other = 306783379), arg1 = 306783378).not()
                            } -> true
                            else -> EQEQ(arg0 = $dirty2.and(other = 306783379), arg1 = 306783378).not()
                          } -> true
                          else -> EQEQ(arg0 = $dirty3.and(other = 306783379), arg1 = 306783378).not()
                        } -> true
                        else -> EQEQ(arg0 = $dirty4.and(other = 306783379), arg1 = 306783378).not()
                      } -> true
                      else -> EQEQ(arg0 = $dirty5.and(other = 306783379), arg1 = 306783378).not()
                    } -> true
                    else -> EQEQ(arg0 = $dirty6.and(other = 306783379), arg1 = 306783378).not()
                  } -> true
                  else -> EQEQ(arg0 = $dirty7.and(other = 306783379), arg1 = 306783378).not()
                } -> true
                else -> EQEQ(arg0 = $dirty8.and(other = 306783379), arg1 = 306783378).not()
              } -> true
              else -> EQEQ(arg0 = $dirty9.and(other = 306783379), arg1 = 306783378).not()
            } -> true
            else -> EQEQ(arg0 = $dirty10.and(other = 306783379), arg1 = 306783378).not()
          } -> true
          else -> EQEQ(arg0 = $dirty11.and(other = 147), arg1 = 146).not()
        } -> true
        else -> $composer.<get-skipping>().not()
      } -> { // BLOCK
        when {
          EQEQ(arg0 = $default.and(other = 256), arg1 = 0).not() -> showRsi = false
        }
        when {
          EQEQ(arg0 = $default.and(other = 512), arg1 = 0).not() -> rsiPeriod = 14
        }
        when {
          EQEQ(arg0 = $default.and(other = 1024), arg1 = 0).not() -> showEma10 = false
        }
        when {
          EQEQ(arg0 = $default.and(other = 2048), arg1 = 0).not() -> ema10Period = 10
        }
        when {
          EQEQ(arg0 = $default.and(other = 4096), arg1 = 0).not() -> showEma20 = false
        }
        when {
          EQEQ(arg0 = $default.and(other = 8192), arg1 = 0).not() -> ema20Period = 20
        }
        when {
          EQEQ(arg0 = $default.and(other = 16384), arg1 = 0).not() -> showSma1 = false
        }
        when {
          EQEQ(arg0 = $default.and(other = 32768), arg1 = 0).not() -> sma1Period = 21
        }
        when {
          EQEQ(arg0 = $default.and(other = 65536), arg1 = 0).not() -> showSma2 = false
        }
        when {
          EQEQ(arg0 = $default.and(other = 131072), arg1 = 0).not() -> sma2Period = 10
        }
        when {
          EQEQ(arg0 = $default.and(other = 262144), arg1 = 0).not() -> showVwap = false
        }
        when {
          EQEQ(arg0 = $default.and(other = 524288), arg1 = 0).not() -> showBb = false
        }
        when {
          EQEQ(arg0 = $default.and(other = 1048576), arg1 = 0).not() -> bbPeriod = 20
        }
        when {
          EQEQ(arg0 = $default.and(other = 2097152), arg1 = 0).not() -> bbStdDev = 2.0F
        }
        when {
          EQEQ(arg0 = $default.and(other = 4194304), arg1 = 0).not() -> showAtr = false
        }
        when {
          EQEQ(arg0 = $default.and(other = 8388608), arg1 = 0).not() -> atrPeriod = 14
        }
        when {
          EQEQ(arg0 = $default.and(other = 16777216), arg1 = 0).not() -> showMacd = false
        }
        when {
          EQEQ(arg0 = $default.and(other = 33554432), arg1 = 0).not() -> macdFast = 12
        }
        when {
          EQEQ(arg0 = $default.and(other = 67108864), arg1 = 0).not() -> macdSlow = 26
        }
        when {
          EQEQ(arg0 = $default.and(other = 134217728), arg1 = 0).not() -> macdSignal = 9
        }
        when {
          EQEQ(arg0 = $default.and(other = 268435456), arg1 = 0).not() -> showVolume = true
        }
        when {
          EQEQ(arg0 = $default.and(other = 536870912), arg1 = 0).not() -> showVolumeMa = true
        }
        when {
          EQEQ(arg0 = $default.and(other = 1073741824), arg1 = 0).not() -> volumeMaLength = 20
        }
        when {
          EQEQ(arg0 = $default1.and(other = 1), arg1 = 0).not() -> volumeMaColor = Color(color = 4280902399L)
        }
        when {
          EQEQ(arg0 = $default1.and(other = 2), arg1 = 0).not() -> volumeGrowingColor = Color(color = 4278753665L)
        }
        when {
          EQEQ(arg0 = $default1.and(other = 4), arg1 = 0).not() -> volumeFallingColor = Color(color = 4294063685L)
        }
        when {
          EQEQ(arg0 = $default1.and(other = 8), arg1 = 0).not() -> volumeColorBasedOnPreviousClose = false
        }
        when {
          EQEQ(arg0 = $default1.and(other = 16), arg1 = 0).not() -> isCrosshairActive = false
        }
        when {
          EQEQ(arg0 = $default1.and(other = 32), arg1 = 0).not() -> onCrosshairToggle = { // BLOCK
            { // BLOCK
              $composer.startReplaceableGroup(key = 1849434622)
              sourceInformation(composer = $composer, sourceInformation = "CC(remember):TradingChart2.kt#9igjgp")
            }
            val tmp0_group: Function1<Boolean, Unit> = cache<Function1<Boolean, Unit>>(/* <this> = $composer, */ invalid = false, block = { // BLOCK
              local fun <anonymous>(): Function1<Boolean, Unit> {
                return { // BLOCK
                  local fun <anonymous>(it: Boolean): Unit? {
                    return Unit
                  }

                  <jvm-indy-lambda-metafactory><Function1<Boolean, Unit>>(samMethodType = &error("") /* ERROR: unsupported element type: IrRawFunctionReferenceImpl */
, implMethodReference = TradingChart2Kt::<anonymous>, instantiatedMethodType = &error("") /* ERROR: unsupported element type: IrRawFunctionReferenceImpl */
, extraOverriddenMethodTypes = [], shouldBeSerializable = false)
                }
              }

              TradingChart2Kt::<anonymous>
            })
            $composer.endReplaceableGroup()
            tmp0_group
          }
        }
        when {
          EQEQ(arg0 = $default1.and(other = 64), arg1 = 0).not() -> onVolumeToggle = { // BLOCK
            { // BLOCK
              $composer.startReplaceableGroup(key = 1849434622)
              sourceInformation(composer = $composer, sourceInformation = "CC(remember):TradingChart2.kt#9igjgp")
            }
            val tmp1_group: Function1<Boolean, Unit> = cache<Function1<Boolean, Unit>>(/* <this> = $composer, */ invalid = false, block = { // BLOCK
              local fun <anonymous>(): Function1<Boolean, Unit> {
                return { // BLOCK
                  local fun <anonymous>(it: Boolean): Unit? {
                    return Unit
                  }

                  <jvm-indy-lambda-metafactory><Function1<Boolean, Unit>>(samMethodType = &error("") /* ERROR: unsupported element type: IrRawFunctionReferenceImpl */
, implMethodReference = TradingChart2Kt::<anonymous>, instantiatedMethodType = &error("") /* ERROR: unsupported element type: IrRawFunctionReferenceImpl */
, extraOverriddenMethodTypes = [], shouldBeSerializable = false)
                }
              }

              TradingChart2Kt::<anonymous>
            })
            $composer.endReplaceableGroup()
            tmp1_group
          }
        }
        when {
          EQEQ(arg0 = $default1.and(other = 128), arg1 = 0).not() -> onIndicatorSettingsClick = { // BLOCK
            { // BLOCK
              $composer.startReplaceableGroup(key = 1849434622)
              sourceInformation(composer = $composer, sourceInformation = "CC(remember):TradingChart2.kt#9igjgp")
            }
            val tmp2_group: Function1<String, Unit> = cache<Function1<String, Unit>>(/* <this> = $composer, */ invalid = false, block = { // BLOCK
              local fun <anonymous>(): Function1<String, Unit> {
                return { // BLOCK
                  local fun <anonymous>(it: String): Unit? {
                    return Unit
                  }

                  <jvm-indy-lambda-metafactory><Function1<String, Unit>>(samMethodType = &error("") /* ERROR: unsupported element type: IrRawFunctionReferenceImpl */
, implMethodReference = TradingChart2Kt::<anonymous>, instantiatedMethodType = &error("") /* ERROR: unsupported element type: IrRawFunctionReferenceImpl */
, extraOverriddenMethodTypes = [], shouldBeSerializable = false)
                }
              }

              TradingChart2Kt::<anonymous>
            })
            $composer.endReplaceableGroup()
            tmp2_group
          }
        }
        when {
          EQEQ(arg0 = $default1.and(other = 256), arg1 = 0).not() -> chartFeedType = null
        }
        when {
          EQEQ(arg0 = $default1.and(other = 512), arg1 = 0).not() -> binanceMarketType = BinanceMarketType.FUTURES
        }
        when {
          EQEQ(arg0 = $default1.and(other = 1024), arg1 = 0).not() -> providerChartData = null
        }
        when {
          EQEQ(arg0 = $default1.and(other = 2048), arg1 = 0).not() -> isMagnetEnabled = false
        }
        when {
          EQEQ(arg0 = $default1.and(other = 4096), arg1 = 0).not() -> isLocked = false
        }
        when {
          EQEQ(arg0 = $default1.and(other = 8192), arg1 = 0).not() -> isVisible = true
        }
        when {
          EQEQ(arg0 = $default1.and(other = 16384), arg1 = 0).not() -> selectedCurrency = "USD"
        }
        when {
          EQEQ(arg0 = $default1.and(other = 32768), arg1 = 0).not() -> onCurrencyClick = { // BLOCK
            { // BLOCK
              $composer.startReplaceableGroup(key = 1849434622)
              sourceInformation(composer = $composer, sourceInformation = "CC(remember):TradingChart2.kt#9igjgp")
            }
            val tmp3_group: Function0<Unit> = cache<Function0<Unit>>(/* <this> = $composer, */ invalid = false, block = { // BLOCK
              local fun <anonymous>(): Function0<Unit> {
                return { // BLOCK
                  local fun <anonymous>(): Unit? {
                    return Unit
                  }

                  <jvm-indy-lambda-metafactory><Function0<Unit>>(samMethodType = &error("") /* ERROR: unsupported element type: IrRawFunctionReferenceImpl */
, implMethodReference = TradingChart2Kt::<anonymous>, instantiatedMethodType = &error("") /* ERROR: unsupported element type: IrRawFunctionReferenceImpl */
, extraOverriddenMethodTypes = [], shouldBeSerializable = false)
                }
              }

              TradingChart2Kt::<anonymous>
            })
            $composer.endReplaceableGroup()
            tmp3_group
          }
        }
        when {
          EQEQ(arg0 = $default1.and(other = 65536), arg1 = 0).not() -> isFullscreen = false
        }
        when {
          EQEQ(arg0 = $default1.and(other = 131072), arg1 = 0).not() -> onFullscreenExit = { // BLOCK
            { // BLOCK
              $composer.startReplaceableGroup(key = 1849434622)
              sourceInformation(composer = $composer, sourceInformation = "CC(remember):TradingChart2.kt#9igjgp")
            }
            val tmp4_group: Function0<Unit> = cache<Function0<Unit>>(/* <this> = $composer, */ invalid = false, block = { // BLOCK
              local fun <anonymous>(): Function0<Unit> {
                return { // BLOCK
                  local fun <anonymous>(): Unit? {
                    return Unit
                  }

                  <jvm-indy-lambda-metafactory><Function0<Unit>>(samMethodType = &error("") /* ERROR: unsupported element type: IrRawFunctionReferenceImpl */
, implMethodReference = TradingChart2Kt::<anonymous>, instantiatedMethodType = &error("") /* ERROR: unsupported element type: IrRawFunctionReferenceImpl */
, extraOverriddenMethodTypes = [], shouldBeSerializable = false)
                }
              }

              TradingChart2Kt::<anonymous>
            })
            $composer.endReplaceableGroup()
            tmp4_group
          }
        }
        when {
          EQEQ(arg0 = $default1.and(other = 262144), arg1 = 0).not() -> scrollToTimestamp = null
        }
        when {
          EQEQ(arg0 = $default1.and(other = 524288), arg1 = 0).not() -> onScrollDone = { // BLOCK
            { // BLOCK
              $composer.startReplaceableGroup(key = 1849434622)
              sourceInformation(composer = $composer, sourceInformation = "CC(remember):TradingChart2.kt#9igjgp")
            }
            val tmp5_group: Function0<Unit> = cache<Function0<Unit>>(/* <this> = $composer, */ invalid = false, block = { // BLOCK
              local fun <anonymous>(): Function0<Unit> {
                return { // BLOCK
                  local fun <anonymous>(): Unit? {
                    return Unit
                  }

                  <jvm-indy-lambda-metafactory><Function0<Unit>>(samMethodType = &error("") /* ERROR: unsupported element type: IrRawFunctionReferenceImpl */
, implMethodReference = TradingChart2Kt::<anonymous>, instantiatedMethodType = &error("") /* ERROR: unsupported element type: IrRawFunctionReferenceImpl */
, extraOverriddenMethodTypes = [], shouldBeSerializable = false)
                }
              }

              TradingChart2Kt::<anonymous>
            })
            $composer.endReplaceableGroup()
            tmp5_group
          }
        }
        when {
          EQEQ(arg0 = $default1.and(other = 1048576), arg1 = 0).not() -> onLongPress = { // BLOCK
            { // BLOCK
              $composer.startReplaceableGroup(key = 1849434622)
              sourceInformation(composer = $composer, sourceInformation = "CC(remember):TradingChart2.kt#9igjgp")
            }
            val tmp6_group: Function0<Unit> = cache<Function0<Unit>>(/* <this> = $composer, */ invalid = false, block = { // BLOCK
              local fun <anonymous>(): Function0<Unit> {
                return { // BLOCK
                  local fun <anonymous>(): Unit? {
                    return Unit
                  }

                  <jvm-indy-lambda-metafactory><Function0<Unit>>(samMethodType = &error("") /* ERROR: unsupported element type: IrRawFunctionReferenceImpl */
, implMethodReference = TradingChart2Kt::<anonymous>, instantiatedMethodType = &error("") /* ERROR: unsupported element type: IrRawFunctionReferenceImpl */
, extraOverriddenMethodTypes = [], shouldBeSerializable = false)
                }
              }

              TradingChart2Kt::<anonymous>
            })
            $composer.endReplaceableGroup()
            tmp6_group
          }
        }
        when {
          EQEQ(arg0 = $default1.and(other = 2097152), arg1 = 0).not() -> onSettingsClick = { // BLOCK
            { // BLOCK
              $composer.startReplaceableGroup(key = 1849434622)
              sourceInformation(composer = $composer, sourceInformation = "CC(remember):TradingChart2.kt#9igjgp")
            }
            val tmp7_group: Function0<Unit> = cache<Function0<Unit>>(/* <this> = $composer, */ invalid = false, block = { // BLOCK
              local fun <anonymous>(): Function0<Unit> {
                return { // BLOCK
                  local fun <anonymous>(): Unit? {
                    return Unit
                  }

                  <jvm-indy-lambda-metafactory><Function0<Unit>>(samMethodType = &error("") /* ERROR: unsupported element type: IrRawFunctionReferenceImpl */
, implMethodReference = TradingChart2Kt::<anonymous>, instantiatedMethodType = &error("") /* ERROR: unsupported element type: IrRawFunctionReferenceImpl */
, extraOverriddenMethodTypes = [], shouldBeSerializable = false)
                }
              }

              TradingChart2Kt::<anonymous>
            })
            $composer.endReplaceableGroup()
            tmp7_group
          }
        }
        when {
          EQEQ(arg0 = $default1.and(other = 4194304), arg1 = 0).not() -> showCurrencySelector = true
        }
        when {
          EQEQ(arg0 = $default1.and(other = 8388608), arg1 = 0).not() -> showSettingsButton = true
        }
        when {
          EQEQ(arg0 = $default1.and(other = 16777216), arg1 = 0).not() -> onDataLoaded = { // BLOCK
            { // BLOCK
              $composer.startReplaceableGroup(key = 1849434622)
              sourceInformation(composer = $composer, sourceInformation = "CC(remember):TradingChart2.kt#9igjgp")
            }
            val tmp8_group: Function1<List<OHLCData>, Unit> = cache<Function1<List<OHLCData>, Unit>>(/* <this> = $composer, */ invalid = false, block = { // BLOCK
              local fun <anonymous>(): Function1<List<OHLCData>, Unit> {
                return { // BLOCK
                  local fun <anonymous>(it: List<OHLCData>): Unit? {
                    return Unit
                  }

                  <jvm-indy-lambda-metafactory><Function1<List<OHLCData>, Unit>>(samMethodType = &error("") /* ERROR: unsupported element type: IrRawFunctionReferenceImpl */
, implMethodReference = TradingChart2Kt::<anonymous>, instantiatedMethodType = &error("") /* ERROR: unsupported element type: IrRawFunctionReferenceImpl */
, extraOverriddenMethodTypes = [], shouldBeSerializable = false)
                }
              }

              TradingChart2Kt::<anonymous>
            })
            $composer.endReplaceableGroup()
            tmp8_group
          }
        }
        when {
          EQEQ(arg0 = $default1.and(other = 33554432), arg1 = 0).not() -> selectedTimeZone = "UTC"
        }
        when {
          EQEQ(arg0 = $default1.and(other = 67108864), arg1 = 0).not() -> onQuoteUpdate = { // BLOCK
            { // BLOCK
              $composer.startReplaceableGroup(key = 1849434622)
              sourceInformation(composer = $composer, sourceInformation = "CC(remember):TradingChart2.kt#9igjgp")
            }
            val tmp9_group: Function1<SymbolQuote, Unit> = cache<Function1<SymbolQuote, Unit>>(/* <this> = $composer, */ invalid = false, block = { // BLOCK
              local fun <anonymous>(): Function1<SymbolQuote, Unit> {
                return { // BLOCK
                  local fun <anonymous>(it: SymbolQuote): Unit? {
                    return Unit
                  }

                  <jvm-indy-lambda-metafactory><Function1<SymbolQuote, Unit>>(samMethodType = &error("") /* ERROR: unsupported element type: IrRawFunctionReferenceImpl */
, implMethodReference = TradingChart2Kt::<anonymous>, instantiatedMethodType = &error("") /* ERROR: unsupported element type: IrRawFunctionReferenceImpl */
, extraOverriddenMethodTypes = [], shouldBeSerializable = false)
                }
              }

              TradingChart2Kt::<anonymous>
            })
            $composer.endReplaceableGroup()
            tmp9_group
          }
        }
        when {
          EQEQ(arg0 = $default1.and(other = 134217728), arg1 = 0).not() -> onAnyQuoteUpdate = { // BLOCK
            { // BLOCK
              $composer.startReplaceableGroup(key = 1849434622)
              sourceInformation(composer = $composer, sourceInformation = "CC(remember):TradingChart2.kt#9igjgp")
            }
            val tmp10_group: Function1<SymbolQuote, Unit> = cache<Function1<SymbolQuote, Unit>>(/* <this> = $composer, */ invalid = false, block = { // BLOCK
              local fun <anonymous>(): Function1<SymbolQuote, Unit> {
                return { // BLOCK
                  local fun <anonymous>(it: SymbolQuote): Unit? {
                    return Unit
                  }

                  <jvm-indy-lambda-metafactory><Function1<SymbolQuote, Unit>>(samMethodType = &error("") /* ERROR: unsupported element type: IrRawFunctionReferenceImpl */
, implMethodReference = TradingChart2Kt::<anonymous>, instantiatedMethodType = &error("") /* ERROR: unsupported element type: IrRawFunctionReferenceImpl */
, extraOverriddenMethodTypes = [], shouldBeSerializable = false)
                }
              }

              TradingChart2Kt::<anonymous>
            })
            $composer.endReplaceableGroup()
            tmp10_group
          }
        }
        when {
          EQEQ(arg0 = $default1.and(other = 268435456), arg1 = 0).not() -> watchlistSymbols = emptyList<String>()
        }
        when {
          EQEQ(arg0 = $default2.and(other = 2), arg1 = 0).not() -> onAccountUpdate = { // BLOCK
            { // BLOCK
              $composer.startReplaceableGroup(key = 1849434622)
              sourceInformation(composer = $composer, sourceInformation = "CC(remember):TradingChart2.kt#9igjgp")
            }
            val tmp11_group: Function1<AccountInfo, Unit> = cache<Function1<AccountInfo, Unit>>(/* <this> = $composer, */ invalid = false, block = { // BLOCK
              local fun <anonymous>(): Function1<AccountInfo, Unit> {
                return { // BLOCK
                  local fun <anonymous>(it: AccountInfo): Unit? {
                    return Unit
                  }

                  <jvm-indy-lambda-metafactory><Function1<AccountInfo, Unit>>(samMethodType = &error("") /* ERROR: unsupported element type: IrRawFunctionReferenceImpl */
, implMethodReference = TradingChart2Kt::<anonymous>, instantiatedMethodType = &error("") /* ERROR: unsupported element type: IrRawFunctionReferenceImpl */
, extraOverriddenMethodTypes = [], shouldBeSerializable = false)
                }
              }

              TradingChart2Kt::<anonymous>
            })
            $composer.endReplaceableGroup()
            tmp11_group
          }
        }
        when {
          EQEQ(arg0 = $default2.and(other = 4), arg1 = 0).not() -> onPlaceOrder = null
        }
        when {
          EQEQ(arg0 = $default2.and(other = 8), arg1 = 0).not() -> onPositionsUpdate = { // BLOCK
            { // BLOCK
              $composer.startReplaceableGroup(key = 1849434622)
              sourceInformation(composer = $composer, sourceInformation = "CC(remember):TradingChart2.kt#9igjgp")
            }
            val tmp12_group: Function1<List<Position>, Unit> = cache<Function1<List<Position>, Unit>>(/* <this> = $composer, */ invalid = false, block = { // BLOCK
              local fun <anonymous>(): Function1<List<Position>, Unit> {
                return { // BLOCK
                  local fun <anonymous>(it: List<Position>): Unit? {
                    return Unit
                  }

                  <jvm-indy-lambda-metafactory><Function1<List<Position>, Unit>>(samMethodType = &error("") /* ERROR: unsupported element type: IrRawFunctionReferenceImpl */
, implMethodReference = TradingChart2Kt::<anonymous>, instantiatedMethodType = &error("") /* ERROR: unsupported element type: IrRawFunctionReferenceImpl */
, extraOverriddenMethodTypes = [], shouldBeSerializable = false)
                }
              }

              TradingChart2Kt::<anonymous>
            })
            $composer.endReplaceableGroup()
            tmp12_group
          }
        }
        when {
          EQEQ(arg0 = $default2.and(other = 16), arg1 = 0).not() -> orders = emptyList<Order>()
        }
        when {
          EQEQ(arg0 = $default2.and(other = 32), arg1 = 0).not() -> onOrdersUpdate = { // BLOCK
            { // BLOCK
              $composer.startReplaceableGroup(key = 1849434622)
              sourceInformation(composer = $composer, sourceInformation = "CC(remember):TradingChart2.kt#9igjgp")
            }
            val tmp13_group: Function1<List<Order>, Unit> = cache<Function1<List<Order>, Unit>>(/* <this> = $composer, */ invalid = false, block = { // BLOCK
              local fun <anonymous>(): Function1<List<Order>, Unit> {
                return { // BLOCK
                  local fun <anonymous>(it: List<Order>): Unit? {
                    return Unit
                  }

                  <jvm-indy-lambda-metafactory><Function1<List<Order>, Unit>>(samMethodType = &error("") /* ERROR: unsupported element type: IrRawFunctionReferenceImpl */
, implMethodReference = TradingChart2Kt::<anonymous>, instantiatedMethodType = &error("") /* ERROR: unsupported element type: IrRawFunctionReferenceImpl */
, extraOverriddenMethodTypes = [], shouldBeSerializable = false)
                }
              }

              TradingChart2Kt::<anonymous>
            })
            $composer.endReplaceableGroup()
            tmp13_group
          }
        }
        when {
          EQEQ(arg0 = $default2.and(other = 64), arg1 = 0).not() -> onHistoryOrdersUpdate = { // BLOCK
            { // BLOCK
              $composer.startReplaceableGroup(key = 1849434622)
              sourceInformation(composer = $composer, sourceInformation = "CC(remember):TradingChart2.kt#9igjgp")
            }
            val tmp14_group: Function1<List<Order>, Unit> = cache<Function1<List<Order>, Unit>>(/* <this> = $composer, */ invalid = false, block = { // BLOCK
              local fun <anonymous>(): Function1<List<Order>, Unit> {
                return { // BLOCK
                  local fun <anonymous>(it: List<Order>): Unit? {
                    return Unit
                  }

                  <jvm-indy-lambda-metafactory><Function1<List<Order>, Unit>>(samMethodType = &error("") /* ERROR: unsupported element type: IrRawFunctionReferenceImpl */
, implMethodReference = TradingChart2Kt::<anonymous>, instantiatedMethodType = &error("") /* ERROR: unsupported element type: IrRawFunctionReferenceImpl */
, extraOverriddenMethodTypes = [], shouldBeSerializable = false)
                }
              }

              TradingChart2Kt::<anonymous>
            })
            $composer.endReplaceableGroup()
            tmp14_group
          }
        }
        when {
          EQEQ(arg0 = $default2.and(other = 128), arg1 = 0).not() -> onBalanceHistoryUpdate = { // BLOCK
            { // BLOCK
              $composer.startReplaceableGroup(key = 1849434622)
              sourceInformation(composer = $composer, sourceInformation = "CC(remember):TradingChart2.kt#9igjgp")
            }
            val tmp15_group: Function1<List<BalanceRecord>, Unit> = cache<Function1<List<BalanceRecord>, Unit>>(/* <this> = $composer, */ invalid = false, block = { // BLOCK
              local fun <anonymous>(): Function1<List<BalanceRecord>, Unit> {
                return { // BLOCK
                  local fun <anonymous>(it: List<BalanceRecord>): Unit? {
                    return Unit
                  }

                  <jvm-indy-lambda-metafactory><Function1<List<BalanceRecord>, Unit>>(samMethodType = &error("") /* ERROR: unsupported element type: IrRawFunctionReferenceImpl */
, implMethodReference = TradingChart2Kt::<anonymous>, instantiatedMethodType = &error("") /* ERROR: unsupported element type: IrRawFunctionReferenceImpl */
, extraOverriddenMethodTypes = [], shouldBeSerializable = false)
                }
              }

              TradingChart2Kt::<anonymous>
            })
            $composer.endReplaceableGroup()
            tmp15_group
          }
        }
        when {
          EQEQ(arg0 = $default2.and(other = 256), arg1 = 0).not() -> onCalendarUpdate = { // BLOCK
            { // BLOCK
              $composer.startReplaceableGroup(key = 1849434622)
              sourceInformation(composer = $composer, sourceInformation = "CC(remember):TradingChart2.kt#9igjgp")
            }
            val tmp16_group: Function1<EconomicCalendarPayload, Unit> = cache<Function1<EconomicCalendarPayload, Unit>>(/* <this> = $composer, */ invalid = false, block = { // BLOCK
              local fun <anonymous>(): Function1<EconomicCalendarPayload, Unit> {
                return { // BLOCK
                  local fun <anonymous>(it: EconomicCalendarPayload): Unit? {
                    return Unit
                  }

                  <jvm-indy-lambda-metafactory><Function1<EconomicCalendarPayload, Unit>>(samMethodType = &error("") /* ERROR: unsupported element type: IrRawFunctionReferenceImpl */
, implMethodReference = TradingChart2Kt::<anonymous>, instantiatedMethodType = &error("") /* ERROR: unsupported element type: IrRawFunctionReferenceImpl */
, extraOverriddenMethodTypes = [], shouldBeSerializable = false)
                }
              }

              TradingChart2Kt::<anonymous>
            })
            $composer.endReplaceableGroup()
            tmp16_group
          }
        }
        when {
          EQEQ(arg0 = $default2.and(other = 512), arg1 = 0).not() -> isCalendarVisible = false
        }
        when {
          EQEQ(arg0 = $default2.and(other = 1024), arg1 = 0).not() -> calendarRequestDateIso = null
        }
        when {
          EQEQ(arg0 = $default2.and(other = 2048), arg1 = 0).not() -> calendarRequestVersion = 0
        }
        when {
          EQEQ(arg0 = $default2.and(other = 4096), arg1 = 0).not() -> isNewsVisible = false
        }
        when {
          EQEQ(arg0 = $default2.and(other = 8192), arg1 = 0).not() -> onNewsUpdate = { // BLOCK
            { // BLOCK
              $composer.startReplaceableGroup(key = 1849434622)
              sourceInformation(composer = $composer, sourceInformation = "CC(remember):TradingChart2.kt#9igjgp")
            }
            val tmp17_group: Function1<NewsPayload, Unit> = cache<Function1<NewsPayload, Unit>>(/* <this> = $composer, */ invalid = false, block = { // BLOCK
              local fun <anonymous>(): Function1<NewsPayload, Unit> {
                return { // BLOCK
                  local fun <anonymous>(it: NewsPayload): Unit? {
                    return Unit
                  }

                  <jvm-indy-lambda-metafactory><Function1<NewsPayload, Unit>>(samMethodType = &error("") /* ERROR: unsupported element type: IrRawFunctionReferenceImpl */
, implMethodReference = TradingChart2Kt::<anonymous>, instantiatedMethodType = &error("") /* ERROR: unsupported element type: IrRawFunctionReferenceImpl */
, extraOverriddenMethodTypes = [], shouldBeSerializable = false)
                }
              }

              TradingChart2Kt::<anonymous>
            })
            $composer.endReplaceableGroup()
            tmp17_group
          }
        }
        when {
          EQEQ(arg0 = $default2.and(other = 16384), arg1 = 0).not() -> onSymbolsUpdate = { // BLOCK
            { // BLOCK
              $composer.startReplaceableGroup(key = 1849434622)
              sourceInformation(composer = $composer, sourceInformation = "CC(remember):TradingChart2.kt#9igjgp")
            }
            val tmp18_group: Function1<List<SymbolInfo>, Unit> = cache<Function1<List<SymbolInfo>, Unit>>(/* <this> = $composer, */ invalid = false, block = { // BLOCK
              local fun <anonymous>(): Function1<List<SymbolInfo>, Unit> {
                return { // BLOCK
                  local fun <anonymous>(it: List<SymbolInfo>): Unit? {
                    return Unit
                  }

                  <jvm-indy-lambda-metafactory><Function1<List<SymbolInfo>, Unit>>(samMethodType = &error("") /* ERROR: unsupported element type: IrRawFunctionReferenceImpl */
, implMethodReference = TradingChart2Kt::<anonymous>, instantiatedMethodType = &error("") /* ERROR: unsupported element type: IrRawFunctionReferenceImpl */
, extraOverriddenMethodTypes = [], shouldBeSerializable = false)
                }
              }

              TradingChart2Kt::<anonymous>
            })
            $composer.endReplaceableGroup()
            tmp18_group
          }
        }
        when {
          EQEQ(arg0 = $default2.and(other = 32768), arg1 = 0).not() -> isTradingBarVisible = false
        }
        when {
          EQEQ(arg0 = $default2.and(other = 65536), arg1 = 0).not() -> reverseBridge = null
        }
        when {
          EQEQ(arg0 = $default2.and(other = 131072), arg1 = 0).not() -> cTraderService = null
        }
        when {
          EQEQ(arg0 = $default2.and(other = 262144), arg1 = 0).not() -> onTradeNotification = { // BLOCK
            { // BLOCK
              $composer.startReplaceableGroup(key = 1849434622)
              sourceInformation(composer = $composer, sourceInformation = "CC(remember):TradingChart2.kt#9igjgp")
            }
            val tmp19_group: Function1<TradeNotification, Unit> = cache<Function1<TradeNotification, Unit>>(/* <this> = $composer, */ invalid = false, block = { // BLOCK
              local fun <anonymous>(): Function1<TradeNotification, Unit> {
                return { // BLOCK
                  local fun <anonymous>(it: TradeNotification): Unit? {
                    return Unit
                  }

                  <jvm-indy-lambda-metafactory><Function1<TradeNotification, Unit>>(samMethodType = &error("") /* ERROR: unsupported element type: IrRawFunctionReferenceImpl */
, implMethodReference = TradingChart2Kt::<anonymous>, instantiatedMethodType = &error("") /* ERROR: unsupported element type: IrRawFunctionReferenceImpl */
, extraOverriddenMethodTypes = [], shouldBeSerializable = false)
                }
              }

              TradingChart2Kt::<anonymous>
            })
            $composer.endReplaceableGroup()
            tmp19_group
          }
        }
        when {
          EQEQ(arg0 = $default2.and(other = 524288), arg1 = 0).not() -> onRsiToggle = { // BLOCK
            { // BLOCK
              $composer.startReplaceableGroup(key = 1849434622)
              sourceInformation(composer = $composer, sourceInformation = "CC(remember):TradingChart2.kt#9igjgp")
            }
            val tmp20_group: Function1<Boolean, Unit> = cache<Function1<Boolean, Unit>>(/* <this> = $composer, */ invalid = false, block = { // BLOCK
              local fun <anonymous>(): Function1<Boolean, Unit> {
                return { // BLOCK
                  local fun <anonymous>(it: Boolean): Unit? {
                    return Unit
                  }

                  <jvm-indy-lambda-metafactory><Function1<Boolean, Unit>>(samMethodType = &error("") /* ERROR: unsupported element type: IrRawFunctionReferenceImpl */
, implMethodReference = TradingChart2Kt::<anonymous>, instantiatedMethodType = &error("") /* ERROR: unsupported element type: IrRawFunctionReferenceImpl */
, extraOverriddenMethodTypes = [], shouldBeSerializable = false)
                }
              }

              TradingChart2Kt::<anonymous>
            })
            $composer.endReplaceableGroup()
            tmp20_group
          }
        }
        when {
          EQEQ(arg0 = $default2.and(other = 1048576), arg1 = 0).not() -> onEma10Toggle = { // BLOCK
            { // BLOCK
              $composer.startReplaceableGroup(key = 1849434622)
              sourceInformation(composer = $composer, sourceInformation = "CC(remember):TradingChart2.kt#9igjgp")
            }
            val tmp21_group: Function1<Boolean, Unit> = cache<Function1<Boolean, Unit>>(/* <this> = $composer, */ invalid = false, block = { // BLOCK
              local fun <anonymous>(): Function1<Boolean, Unit> {
                return { // BLOCK
                  local fun <anonymous>(it: Boolean): Unit? {
                    return Unit
                  }

                  <jvm-indy-lambda-metafactory><Function1<Boolean, Unit>>(samMethodType = &error("") /* ERROR: unsupported element type: IrRawFunctionReferenceImpl */
, implMethodReference = TradingChart2Kt::<anonymous>, instantiatedMethodType = &error("") /* ERROR: unsupported element type: IrRawFunctionReferenceImpl */
, extraOverriddenMethodTypes = [], shouldBeSerializable = false)
                }
              }

              TradingChart2Kt::<anonymous>
            })
            $composer.endReplaceableGroup()
            tmp21_group
          }
        }
        when {
          EQEQ(arg0 = $default2.and(other = 2097152), arg1 = 0).not() -> onEma20Toggle = { // BLOCK
            { // BLOCK
              $composer.startReplaceableGroup(key = 1849434622)
              sourceInformation(composer = $composer, sourceInformation = "CC(remember):TradingChart2.kt#9igjgp")
            }
            val tmp22_group: Function1<Boolean, Unit> = cache<Function1<Boolean, Unit>>(/* <this> = $composer, */ invalid = false, block = { // BLOCK
              local fun <anonymous>(): Function1<Boolean, Unit> {
                return { // BLOCK
                  local fun <anonymous>(it: Boolean): Unit? {
                    return Unit
                  }

                  <jvm-indy-lambda-metafactory><Function1<Boolean, Unit>>(samMethodType = &error("") /* ERROR: unsupported element type: IrRawFunctionReferenceImpl */
, implMethodReference = TradingChart2Kt::<anonymous>, instantiatedMethodType = &error("") /* ERROR: unsupported element type: IrRawFunctionReferenceImpl */
, extraOverriddenMethodTypes = [], shouldBeSerializable = false)
                }
              }

              TradingChart2Kt::<anonymous>
            })
            $composer.endReplaceableGroup()
            tmp22_group
          }
        }
        when {
          EQEQ(arg0 = $default2.and(other = 4194304), arg1 = 0).not() -> onSma1Toggle = { // BLOCK
            { // BLOCK
              $composer.startReplaceableGroup(key = 1849434622)
              sourceInformation(composer = $composer, sourceInformation = "CC(remember):TradingChart2.kt#9igjgp")
            }
            val tmp23_group: Function1<Boolean, Unit> = cache<Function1<Boolean, Unit>>(/* <this> = $composer, */ invalid = false, block = { // BLOCK
              local fun <anonymous>(): Function1<Boolean, Unit> {
                return { // BLOCK
                  local fun <anonymous>(it: Boolean): Unit? {
                    return Unit
                  }

                  <jvm-indy-lambda-metafactory><Function1<Boolean, Unit>>(samMethodType = &error("") /* ERROR: unsupported element type: IrRawFunctionReferenceImpl */
, implMethodReference = TradingChart2Kt::<anonymous>, instantiatedMethodType = &error("") /* ERROR: unsupported element type: IrRawFunctionReferenceImpl */
, extraOverriddenMethodTypes = [], shouldBeSerializable = false)
                }
              }

              TradingChart2Kt::<anonymous>
            })
            $composer.endReplaceableGroup()
            tmp23_group
          }
        }
        when {
          EQEQ(arg0 = $default2.and(other = 8388608), arg1 = 0).not() -> onSma2Toggle = { // BLOCK
            { // BLOCK
              $composer.startReplaceableGroup(key = 1849434622)
              sourceInformation(composer = $composer, sourceInformation = "CC(remember):TradingChart2.kt#9igjgp")
            }
            val tmp24_group: Function1<Boolean, Unit> = cache<Function1<Boolean, Unit>>(/* <this> = $composer, */ invalid = false, block = { // BLOCK
              local fun <anonymous>(): Function1<Boolean, Unit> {
                return { // BLOCK
                  local fun <anonymous>(it: Boolean): Unit? {
                    return Unit
                  }

                  <jvm-indy-lambda-metafactory><Function1<Boolean, Unit>>(samMethodType = &error("") /* ERROR: unsupported element type: IrRawFunctionReferenceImpl */
, implMethodReference = TradingChart2Kt::<anonymous>, instantiatedMethodType = &error("") /* ERROR: unsupported element type: IrRawFunctionReferenceImpl */
, extraOverriddenMethodTypes = [], shouldBeSerializable = false)
                }
              }

              TradingChart2Kt::<anonymous>
            })
            $composer.endReplaceableGroup()
            tmp24_group
          }
        }
        when {
          EQEQ(arg0 = $default2.and(other = 16777216), arg1 = 0).not() -> onVwapToggle = { // BLOCK
            { // BLOCK
              $composer.startReplaceableGroup(key = 1849434622)
              sourceInformation(composer = $composer, sourceInformation = "CC(remember):TradingChart2.kt#9igjgp")
            }
            val tmp25_group: Function1<Boolean, Unit> = cache<Function1<Boolean, Unit>>(/* <this> = $composer, */ invalid = false, block = { // BLOCK
              local fun <anonymous>(): Function1<Boolean, Unit> {
                return { // BLOCK
                  local fun <anonymous>(it: Boolean): Unit? {
                    return Unit
                  }

                  <jvm-indy-lambda-metafactory><Function1<Boolean, Unit>>(samMethodType = &error("") /* ERROR: unsupported element type: IrRawFunctionReferenceImpl */
, implMethodReference = TradingChart2Kt::<anonymous>, instantiatedMethodType = &error("") /* ERROR: unsupported element type: IrRawFunctionReferenceImpl */
, extraOverriddenMethodTypes = [], shouldBeSerializable = false)
                }
              }

              TradingChart2Kt::<anonymous>
            })
            $composer.endReplaceableGroup()
            tmp25_group
          }
        }
        when {
          EQEQ(arg0 = $default2.and(other = 33554432), arg1 = 0).not() -> onBbToggle = { // BLOCK
            { // BLOCK
              $composer.startReplaceableGroup(key = 1849434622)
              sourceInformation(composer = $composer, sourceInformation = "CC(remember):TradingChart2.kt#9igjgp")
            }
            val tmp26_group: Function1<Boolean, Unit> = cache<Function1<Boolean, Unit>>(/* <this> = $composer, */ invalid = false, block = { // BLOCK
              local fun <anonymous>(): Function1<Boolean, Unit> {
                return { // BLOCK
                  local fun <anonymous>(it: Boolean): Unit? {
                    return Unit
                  }

                  <jvm-indy-lambda-metafactory><Function1<Boolean, Unit>>(samMethodType = &error("") /* ERROR: unsupported element type: IrRawFunctionReferenceImpl */
, implMethodReference = TradingChart2Kt::<anonymous>, instantiatedMethodType = &error("") /* ERROR: unsupported element type: IrRawFunctionReferenceImpl */
, extraOverriddenMethodTypes = [], shouldBeSerializable = false)
                }
              }

              TradingChart2Kt::<anonymous>
            })
            $composer.endReplaceableGroup()
            tmp26_group
          }
        }
        when {
          EQEQ(arg0 = $default2.and(other = 67108864), arg1 = 0).not() -> onAtrToggle = { // BLOCK
            { // BLOCK
              $composer.startReplaceableGroup(key = 1849434622)
              sourceInformation(composer = $composer, sourceInformation = "CC(remember):TradingChart2.kt#9igjgp")
            }
            val tmp27_group: Function1<Boolean, Unit> = cache<Function1<Boolean, Unit>>(/* <this> = $composer, */ invalid = false, block = { // BLOCK
              local fun <anonymous>(): Function1<Boolean, Unit> {
                return { // BLOCK
                  local fun <anonymous>(it: Boolean): Unit? {
                    return Unit
                  }

                  <jvm-indy-lambda-metafactory><Function1<Boolean, Unit>>(samMethodType = &error("") /* ERROR: unsupported element type: IrRawFunctionReferenceImpl */
, implMethodReference = TradingChart2Kt::<anonymous>, instantiatedMethodType = &error("") /* ERROR: unsupported element type: IrRawFunctionReferenceImpl */
, extraOverriddenMethodTypes = [], shouldBeSerializable = false)
                }
              }

              TradingChart2Kt::<anonymous>
            })
            $composer.endReplaceableGroup()
            tmp27_group
          }
        }
        when {
          EQEQ(arg0 = $default2.and(other = 134217728), arg1 = 0).not() -> onMacdToggle = { // BLOCK
            { // BLOCK
              $composer.startReplaceableGroup(key = 1849434622)
              sourceInformation(composer = $composer, sourceInformation = "CC(remember):TradingChart2.kt#9igjgp")
            }
            val tmp28_group: Function1<Boolean, Unit> = cache<Function1<Boolean, Unit>>(/* <this> = $composer, */ invalid = false, block = { // BLOCK
              local fun <anonymous>(): Function1<Boolean, Unit> {
                return { // BLOCK
                  local fun <anonymous>(it: Boolean): Unit? {
                    return Unit
                  }

                  <jvm-indy-lambda-metafactory><Function1<Boolean, Unit>>(samMethodType = &error("") /* ERROR: unsupported element type: IrRawFunctionReferenceImpl */
, implMethodReference = TradingChart2Kt::<anonymous>, instantiatedMethodType = &error("") /* ERROR: unsupported element type: IrRawFunctionReferenceImpl */
, extraOverriddenMethodTypes = [], shouldBeSerializable = false)
                }
              }

              TradingChart2Kt::<anonymous>
            })
            $composer.endReplaceableGroup()
            tmp28_group
          }
        }
        when {
          EQEQ(arg0 = $default2.and(other = 268435456), arg1 = 0).not() -> rsiShowLabels = true
        }
        when {
          EQEQ(arg0 = $default2.and(other = 536870912), arg1 = 0).not() -> rsiShowLines = false
        }
        when {
          EQEQ(arg0 = $default2.and(other = 1073741824), arg1 = 0).not() -> ema10ShowLabels = true
        }
        when {
          EQEQ(arg0 = $default3.and(other = 1), arg1 = 0).not() -> ema10ShowLines = false
        }
        when {
          EQEQ(arg0 = $default3.and(other = 2), arg1 = 0).not() -> ema20ShowLabels = true
        }
        when {
          EQEQ(arg0 = $default3.and(other = 4), arg1 = 0).not() -> ema20ShowLines = false
        }
        when {
          EQEQ(arg0 = $default3.and(other = 8), arg1 = 0).not() -> sma1ShowLabels = true
        }
        when {
          EQEQ(arg0 = $default3.and(other = 16), arg1 = 0).not() -> sma1ShowLines = false
        }
        when {
          EQEQ(arg0 = $default3.and(other = 32), arg1 = 0).not() -> sma2ShowLabels = true
        }
        when {
          EQEQ(arg0 = $default3.and(other = 64), arg1 = 0).not() -> sma2ShowLines = false
        }
        when {
          EQEQ(arg0 = $default3.and(other = 128), arg1 = 0).not() -> vwapShowLabels = true
        }
        when {
          EQEQ(arg0 = $default3.and(other = 256), arg1 = 0).not() -> vwapShowLines = false
        }
        when {
          EQEQ(arg0 = $default3.and(other = 512), arg1 = 0).not() -> bbShowLabels = true
        }
        when {
          EQEQ(arg0 = $default3.and(other = 1024), arg1 = 0).not() -> bbShowLines = false
        }
        when {
          EQEQ(arg0 = $default3.and(other = 2048), arg1 = 0).not() -> atrShowLabels = true
        }
        when {
          EQEQ(arg0 = $default3.and(other = 4096), arg1 = 0).not() -> atrShowLines = false
        }
        when {
          EQEQ(arg0 = $default3.and(other = 8192), arg1 = 0).not() -> macdShowLabels = true
        }
        when {
          EQEQ(arg0 = $default3.and(other = 16384), arg1 = 0).not() -> macdShowLines = false
        }
        when {
          EQEQ(arg0 = $default3.and(other = 32768), arg1 = 0).not() -> volumeShowLabels = true
        }
        when {
          EQEQ(arg0 = $default3.and(other = 65536), arg1 = 0).not() -> volumeShowLines = false
        }
        when {
          EQEQ(arg0 = $default3.and(other = 131072), arg1 = 0).not() -> selectedIndicatorId = null
        }
        when {
          EQEQ(arg0 = $default3.and(other = 262144), arg1 = 0).not() -> onSelectedIndicatorIdChange = { // BLOCK
            { // BLOCK
              $composer.startReplaceableGroup(key = 1849434622)
              sourceInformation(composer = $composer, sourceInformation = "CC(remember):TradingChart2.kt#9igjgp")
            }
            val tmp29_group: Function1<String?, Unit> = cache<Function1<String?, Unit>>(/* <this> = $composer, */ invalid = false, block = { // BLOCK
              local fun <anonymous>(): Function1<String?, Unit> {
                return { // BLOCK
                  local fun <anonymous>(it: String?): Unit? {
                    return Unit
                  }

                  <jvm-indy-lambda-metafactory><Function1<String?, Unit>>(samMethodType = &error("") /* ERROR: unsupported element type: IrRawFunctionReferenceImpl */
, implMethodReference = TradingChart2Kt::<anonymous>, instantiatedMethodType = &error("") /* ERROR: unsupported element type: IrRawFunctionReferenceImpl */
, extraOverriddenMethodTypes = [], shouldBeSerializable = false)
                }
              }

              TradingChart2Kt::<anonymous>
            })
            $composer.endReplaceableGroup()
            tmp29_group
          }
        }
        when {
          EQEQ(arg0 = $default3.and(other = 524288), arg1 = 0).not() -> onIndicatorDataUpdate = { // BLOCK
            { // BLOCK
              $composer.startReplaceableGroup(key = 1849434622)
              sourceInformation(composer = $composer, sourceInformation = "CC(remember):TradingChart2.kt#9igjgp")
            }
            val tmp30_group: Function1<IndicatorData, Unit> = cache<Function1<IndicatorData, Unit>>(/* <this> = $composer, */ invalid = false, block = { // BLOCK
              local fun <anonymous>(): Function1<IndicatorData, Unit> {
                return { // BLOCK
                  local fun <anonymous>(it: IndicatorData): Unit? {
                    return Unit
                  }

                  <jvm-indy-lambda-metafactory><Function1<IndicatorData, Unit>>(samMethodType = &error("") /* ERROR: unsupported element type: IrRawFunctionReferenceImpl */
, implMethodReference = TradingChart2Kt::<anonymous>, instantiatedMethodType = &error("") /* ERROR: unsupported element type: IrRawFunctionReferenceImpl */
, extraOverriddenMethodTypes = [], shouldBeSerializable = false)
                }
              }

              TradingChart2Kt::<anonymous>
            })
            $composer.endReplaceableGroup()
            tmp30_group
          }
        }
        when {
          isTraceInProgress() -> traceEventStart(key = 495638919, dirty1 = $dirty, dirty2 = $dirty1, info = "com.trading.app.components.TradingChart2 (TradingChart2.kt:170)")
        }
        val context: Context = <get-LocalContext>().<get-current>($composer = $composer, $changed = 0)
        val prefs: @FlexibleNullability SharedPreferences? = { // BLOCK
          { // BLOCK
            $composer.startReplaceableGroup(key = 1849434622)
            sourceInformation(composer = $composer, sourceInformation = "CC(remember):TradingChart2.kt#9igjgp")
          }
          val tmp31_group: @FlexibleNullability SharedPreferences? = cache<@FlexibleNullability SharedPreferences?>(/* <this> = $composer, */ invalid = false, block = { // BLOCK
            local fun <anonymous>(): @FlexibleNullability SharedPreferences? {
              return context.getSharedPreferences(p0 = "trading_prefs", p1 = 0)
            }

            TradingChart2Kt::<anonymous>
          })
          $composer.endReplaceableGroup()
          tmp31_group
        }
        var lotSize: String
          val lotSize$delegate: MutableState<String> = { // BLOCK
            { // BLOCK
              $composer.startReplaceableGroup(key = 5004770)
              sourceInformation(composer = $composer, sourceInformation = "CC(remember):TradingChart2.kt#9igjgp")
            }
            val tmp32_group: MutableState<String> = cache<MutableState<String>>(/* <this> = $composer, */ invalid = EQEQ(arg0 = $dirty.and(other = 14), arg1 = 4), block = { // BLOCK
              local fun <anonymous>(): MutableState<String> {
                return mutableStateOf<String>(value = { // BLOCK
                  val tmp0_elvis_lhs: @EnhancedNullability String? = prefs.getString(p0 = "lot_size_" + symbol, p1 = "1.0")
                  when {
                    EQEQ(arg0 = tmp0_elvis_lhs, arg1 = null) -> "1.0"
                    else -> tmp0_elvis_lhs
                  }
                })
              }

              TradingChart2Kt::<anonymous>
            })
            $composer.endReplaceableGroup()
            tmp32_group
          }
          local get(): String {
            return getValue<String>(/* <this> = lotSize$delegate, */ thisObj = null, property = null)
          }
          local set(<set-?>: String) {
            return setValue<String>(/* <this> = lotSize$delegate, */ thisObj = null, property = null, value = <set-?>)
          }

        var lastInteractionTime: Long
          val lastInteractionTime$delegate: MutableState<Long> = { // BLOCK
            { // BLOCK
              $composer.startReplaceableGroup(key = 1849434622)
              sourceInformation(composer = $composer, sourceInformation = "CC(remember):TradingChart2.kt#9igjgp")
            }
            val tmp33_group: MutableState<Long> = cache<MutableState<Long>>(/* <this> = $composer, */ invalid = false, block = { // BLOCK
              local fun <anonymous>(): MutableState<Long> {
                return mutableStateOf<Long>(value = currentTimeMillis())
              }

              TradingChart2Kt::<anonymous>
            })
            $composer.endReplaceableGroup()
            tmp33_group
          }
          local get(): Long {
            return getValue<Long>(/* <this> = lastInteractionTime$delegate, */ thisObj = null, property = null)
          }
          local set(<set-?>: Long) {
            return setValue<Long>(/* <this> = lastInteractionTime$delegate, */ thisObj = null, property = null, value = <set-?>)
          }

        var isBarHiddenByInactivity: Boolean
          val isBarHiddenByInactivity$delegate: MutableState<Boolean> = { // BLOCK
            { // BLOCK
              $composer.startReplaceableGroup(key = 1849434622)
              sourceInformation(composer = $composer, sourceInformation = "CC(remember):TradingChart2.kt#9igjgp")
            }
            val tmp34_group: MutableState<Boolean> = cache<MutableState<Boolean>>(/* <this> = $composer, */ invalid = false, block = { // BLOCK
              local fun <anonymous>(): MutableState<Boolean> {
                return mutableStateOf<Boolean>(value = false)
              }

              TradingChart2Kt::<anonymous>
            })
            $composer.endReplaceableGroup()
            tmp34_group
          }
          local get(): Boolean {
            return getValue<Boolean>(/* <this> = isBarHiddenByInactivity$delegate, */ thisObj = null, property = null)
          }
          local set(<set-?>: Boolean) {
            return setValue<Boolean>(/* <this> = isBarHiddenByInactivity$delegate, */ thisObj = null, property = null, value = <set-?>)
          }

        LaunchedEffect(key1 = isTradingBarVisible, block = { // BLOCK
          { // BLOCK
            $composer.startReplaceableGroup(key = -1746271574)
            sourceInformation(composer = $composer, sourceInformation = "CC(remember):TradingChart2.kt#9igjgp")
          }
          val tmp35_group: @ExtensionFunctionType SuspendFunction1<CoroutineScope, Unit> = cache<@ExtensionFunctionType SuspendFunction1<CoroutineScope, Unit>>(/* <this> = $composer, */ invalid = EQEQ(arg0 = $dirty7.and(other = 29360128), arg1 = 8388608), block = { // BLOCK
            local fun <anonymous>(): @ExtensionFunctionType SuspendFunction1<CoroutineScope, Unit> {
              return { // BLOCK
                local class <no name provided> : SuspendLambda, Function2<CoroutineScope, Continuation<Unit>?, Any?> {
                  package var label: Int
                  local constructor($completion: Continuation<<no name provided>>?) /* primary */ {
                    super/*SuspendLambda*/(arity = 2, $completion = $completion)
                    /* <init>() */

                  }

                  override fun invokeSuspend($result: Result<Any?>): Any? {
                    when {
                      isTradingBarVisible -> { // BLOCK
                        <set-isBarHiddenByInactivity>(<set-?> = false)
                        <set-lastInteractionTime>(<set-?> = currentTimeMillis())
                      }
                    }
                  }

                  override fun create(value: Any?, $completion: Continuation<Nothing>): Continuation<Unit> {
                    return <no name provided>($completion = $completion)
                  }

                  override fun invoke(p1: CoroutineScope, p2: Continuation<Unit>?): Any? {
                    return <this>.create(value = p1, $completion = p2) /*as <no name provided> */.invokeSuspend($result = <unsafe-coerce><Any?, Result<Any?>>(v = Unit))
                  }

                }

                <no name provided>($completion = null)
              }
            }

            TradingChart2Kt::<anonymous>
          })
          $composer.endReplaceableGroup()
          tmp35_group
        }, $composer = $composer, $changed = 14.and(other = $dirty7.shr(bitCount = 21)))
        LaunchedEffect(key1 = <get-lastInteractionTime>(), key2 = isTradingBarVisible, block = { // BLOCK
          { // BLOCK
            $composer.startReplaceableGroup(key = -1746271574)
            sourceInformation(composer = $composer, sourceInformation = "CC(remember):TradingChart2.kt#9igjgp")
          }
          val tmp36_group: @ExtensionFunctionType SuspendFunction1<CoroutineScope, Unit> = cache<@ExtensionFunctionType SuspendFunction1<CoroutineScope, Unit>>(/* <this> = $composer, */ invalid = EQEQ(arg0 = $dirty7.and(other = 29360128), arg1 = 8388608), block = { // BLOCK
            local fun <anonymous>(): @ExtensionFunctionType SuspendFunction1<CoroutineScope, Unit> {
              return { // BLOCK
                local class <no name provided> : SuspendLambda, Function2<CoroutineScope, Continuation<Unit>?, Any?> {
                  package var label: Int
                  local constructor($completion: Continuation<<no name provided>>?) /* primary */ {
                    super/*SuspendLambda*/(arity = 2, $completion = $completion)
                    /* <init>() */

                  }

                  override fun invokeSuspend($result: Result<Any?>): Any? {
                    when {
                      isTradingBarVisible -> { // BLOCK
                        while (true) { // BLOCK
                          delay(timeMillis = 60000L)
                          val inactiveTime: Long = currentTimeMillis().minus(other = <get-lastInteractionTime>())
                          when {
                            greaterOrEqual(arg0 = inactiveTime, arg1 = 60000L) -> { // BLOCK
                              <set-isBarHiddenByInactivity>(<set-?> = true)
                            }
                          }
                        }
                      }
                    }
                  }

                  override fun create(value: Any?, $completion: Continuation<Nothing>): Continuation<Unit> {
                    return <no name provided>($completion = $completion)
                  }

                  override fun invoke(p1: CoroutineScope, p2: Continuation<Unit>?): Any? {
                    return <this>.create(value = p1, $completion = p2) /*as <no name provided> */.invokeSuspend($result = <unsafe-coerce><Any?, Result<Any?>>(v = Unit))
                  }

                }

                <no name provided>($completion = null)
              }
            }

            TradingChart2Kt::<anonymous>
          })
          $composer.endReplaceableGroup()
          tmp36_group
        }, $composer = $composer, $changed = 112.and(other = $dirty7.shr(bitCount = 18)))
        local fun resetInactivityTimer() {
          <set-lastInteractionTime>(<set-?> = currentTimeMillis())
          <set-isBarHiddenByInactivity>(<set-?> = false)
        }

        var tpPrice: Float?
          val tpPrice$delegate: MutableState<Float?> = { // BLOCK
            { // BLOCK
              $composer.startReplaceableGroup(key = 1849434622)
              sourceInformation(composer = $composer, sourceInformation = "CC(remember):TradingChart2.kt#9igjgp")
            }
            val tmp37_group: MutableState<Float?> = cache<MutableState<Float?>>(/* <this> = $composer, */ invalid = false, block = { // BLOCK
              local fun <anonymous>(): MutableState<Float?> {
                return mutableStateOf<Float?>(value = null)
              }

              TradingChart2Kt::<anonymous>
            })
            $composer.endReplaceableGroup()
            tmp37_group
          }
          local get(): Float? {
            return getValue<Float?>(/* <this> = tpPrice$delegate, */ thisObj = null, property = null)
          }
          local set(<set-?>: Float?) {
            return setValue<Float?>(/* <this> = tpPrice$delegate, */ thisObj = null, property = null, value = <set-?>)
          }

        var slPrice: Float?
          val slPrice$delegate: MutableState<Float?> = { // BLOCK
            { // BLOCK
              $composer.startReplaceableGroup(key = 1849434622)
              sourceInformation(composer = $composer, sourceInformation = "CC(remember):TradingChart2.kt#9igjgp")
            }
            val tmp38_group: MutableState<Float?> = cache<MutableState<Float?>>(/* <this> = $composer, */ invalid = false, block = { // BLOCK
              local fun <anonymous>(): MutableState<Float?> {
                return mutableStateOf<Float?>(value = null)
              }

              TradingChart2Kt::<anonymous>
            })
            $composer.endReplaceableGroup()
            tmp38_group
          }
          local get(): Float? {
            return getValue<Float?>(/* <this> = slPrice$delegate, */ thisObj = null, property = null)
          }
          local set(<set-?>: Float?) {
            return setValue<Float?>(/* <this> = slPrice$delegate, */ thisObj = null, property = null, value = <set-?>)
          }

        var pendingPartialOrders: List<PartialOrder>
          val pendingPartialOrders$delegate: MutableState<List<PartialOrder>> = { // BLOCK
            { // BLOCK
              $composer.startReplaceableGroup(key = 1849434622)
              sourceInformation(composer = $composer, sourceInformation = "CC(remember):TradingChart2.kt#9igjgp")
            }
            val tmp39_group: MutableState<List<PartialOrder>> = cache<MutableState<List<PartialOrder>>>(/* <this> = $composer, */ invalid = false, block = { // BLOCK
              local fun <anonymous>(): MutableState<List<PartialOrder>> {
                return mutableStateOf<List<PartialOrder>>(value = emptyList<PartialOrder>())
              }

              TradingChart2Kt::<anonymous>
            })
            $composer.endReplaceableGroup()
            tmp39_group
          }
          local get(): List<PartialOrder> {
            return getValue<List<PartialOrder>>(/* <this> = pendingPartialOrders$delegate, */ thisObj = null, property = null)
          }
          local set(<set-?>: List<PartialOrder>) {
            return setValue<List<PartialOrder>>(/* <this> = pendingPartialOrders$delegate, */ thisObj = null, property = null, value = <set-?>)
          }

        var currentLiveQuote: SymbolQuote?
          val currentLiveQuote$delegate: MutableState<SymbolQuote?> = { // BLOCK
            { // BLOCK
              $composer.startReplaceableGroup(key = 1849434622)
              sourceInformation(composer = $composer, sourceInformation = "CC(remember):TradingChart2.kt#9igjgp")
            }
            val tmp40_group: MutableState<SymbolQuote?> = cache<MutableState<SymbolQuote?>>(/* <this> = $composer, */ invalid = false, block = { // BLOCK
              local fun <anonymous>(): MutableState<SymbolQuote?> {
                return mutableStateOf<SymbolQuote?>(value = null)
              }

              TradingChart2Kt::<anonymous>
            })
            $composer.endReplaceableGroup()
            tmp40_group
          }
          local get(): SymbolQuote? {
            return getValue<SymbolQuote?>(/* <this> = currentLiveQuote$delegate, */ thisObj = null, property = null)
          }
          local set(<set-?>: SymbolQuote?) {
            return setValue<SymbolQuote?>(/* <this> = currentLiveQuote$delegate, */ thisObj = null, property = null, value = <set-?>)
          }

        var showModifyModal: Boolean
          val showModifyModal$delegate: MutableState<Boolean> = { // BLOCK
            { // BLOCK
              $composer.startReplaceableGroup(key = 1849434622)
              sourceInformation(composer = $composer, sourceInformation = "CC(remember):TradingChart2.kt#9igjgp")
            }
            val tmp41_group: MutableState<Boolean> = cache<MutableState<Boolean>>(/* <this> = $composer, */ invalid = false, block = { // BLOCK
              local fun <anonymous>(): MutableState<Boolean> {
                return mutableStateOf<Boolean>(value = false)
              }

              TradingChart2Kt::<anonymous>
            })
            $composer.endReplaceableGroup()
            tmp41_group
          }
          local get(): Boolean {
            return getValue<Boolean>(/* <this> = showModifyModal$delegate, */ thisObj = null, property = null)
          }
          local set(<set-?>: Boolean) {
            return setValue<Boolean>(/* <this> = showModifyModal$delegate, */ thisObj = null, property = null, value = <set-?>)
          }

        var selectedPositionToModify: Position?
          val selectedPositionToModify$delegate: MutableState<Position?> = { // BLOCK
            { // BLOCK
              $composer.startReplaceableGroup(key = 1849434622)
              sourceInformation(composer = $composer, sourceInformation = "CC(remember):TradingChart2.kt#9igjgp")
            }
            val tmp42_group: MutableState<Position?> = cache<MutableState<Position?>>(/* <this> = $composer, */ invalid = false, block = { // BLOCK
              local fun <anonymous>(): MutableState<Position?> {
                return mutableStateOf<Position?>(value = null)
              }

              TradingChart2Kt::<anonymous>
            })
            $composer.endReplaceableGroup()
            tmp42_group
          }
          local get(): Position? {
            return getValue<Position?>(/* <this> = selectedPositionToModify$delegate, */ thisObj = null, property = null)
          }
          local set(<set-?>: Position?) {
            return setValue<Position?>(/* <this> = selectedPositionToModify$delegate, */ thisObj = null, property = null, value = <set-?>)
          }

        var offset: IntOffset
          val offset$delegate: MutableState<IntOffset> = { // BLOCK
            { // BLOCK
              $composer.startReplaceableGroup(key = 1849434622)
              sourceInformation(composer = $composer, sourceInformation = "CC(remember):TradingChart2.kt#9igjgp")
            }
            val tmp43_group: MutableState<IntOffset> = cache<MutableState<IntOffset>>(/* <this> = $composer, */ invalid = false, block = { // BLOCK
              local fun <anonymous>(): MutableState<IntOffset> {
                return mutableStateOf<IntOffset>(value = IntOffset(x = 100, y = 100))
              }

              TradingChart2Kt::<anonymous>
            })
            $composer.endReplaceableGroup()
            tmp43_group
          }
          local get(): IntOffset {
            return getValue<IntOffset>(/* <this> = offset$delegate, */ thisObj = null, property = null)
          }
          local set(<set-?>: IntOffset) {
            return setValue<IntOffset>(/* <this> = offset$delegate, */ thisObj = null, property = null, value = <set-?>)
          }

        val tradeNotifications: SnapshotStateList<TradeNotification> = { // BLOCK
          { // BLOCK
            $composer.startReplaceableGroup(key = 1849434622)
            sourceInformation(composer = $composer, sourceInformation = "CC(remember):TradingChart2.kt#9igjgp")
          }
          val tmp44_group: SnapshotStateList<TradeNotification> = cache<SnapshotStateList<TradeNotification>>(/* <this> = $composer, */ invalid = false, block = { // BLOCK
            local fun <anonymous>(): SnapshotStateList<TradeNotification> {
              return mutableStateListOf<TradeNotification>()
            }

            TradingChart2Kt::<anonymous>
          })
          $composer.endReplaceableGroup()
          tmp44_group
        }
        val notificationsToDismiss: SnapshotStateList<String> = { // BLOCK
          { // BLOCK
            $composer.startReplaceableGroup(key = 1849434622)
            sourceInformation(composer = $composer, sourceInformation = "CC(remember):TradingChart2.kt#9igjgp")
          }
          val tmp45_group: SnapshotStateList<String> = cache<SnapshotStateList<String>>(/* <this> = $composer, */ invalid = false, block = { // BLOCK
            local fun <anonymous>(): SnapshotStateList<String> {
              return mutableStateListOf<String>()
            }

            TradingChart2Kt::<anonymous>
          })
          $composer.endReplaceableGroup()
          tmp45_group
        }
        Box(modifier = fillMaxSize(/* <this> = Companion */), contentAlignment = // COMPOSITE {
        null
        // }, propagateMinConstraints = // COMPOSITE {
        false
        // }, content = { // BLOCK
          @Composable
          @ComposableTarget(applier = "androidx.compose.ui.UiComposable")
          local fun BoxScope.<anonymous>(/* var */ $composer: Composer?, $changed: Int) {
            { // BLOCK
              sourceInformationMarkerStart(composer = $composer, key = -1798596093, sourceInformation = "C214@8838L6074,794@41820L3741:TradingChart2.kt#x6l30d")
              // COMPOSITE {
              Column(modifier = fillMaxSize(/* <this> = Companion */), verticalArrangement = // COMPOSITE {
              null
              // }, horizontalAlignment = // COMPOSITE {
              null
              // }, content = { // BLOCK
                @Composable
                @ComposableTarget(applier = "androidx.compose.ui.UiComposable")
                local fun ColumnScope.<anonymous>(/* var */ $composer: Composer?, $changed: Int) {
                  { // BLOCK
                    sourceInformationMarkerStart(composer = $composer, key = 274607464, sourceInformation = "C305@13087L99,325@14065L139,329@14241L66,332@14341L500,215@8894L6008:TradingChart2.kt#x6l30d")
                    // COMPOSITE {
                    TradingChart(symbol = symbol, timeframe = timeframe, style = style, chartSettings = chartSettings, drawings = drawings, onDrawingUpdate = onDrawingUpdate, activeTool = activeTool, onToolReset = onToolReset, showRsi = showRsi, rsiPeriod = rsiPeriod, showEma10 = showEma10, ema10Period = ema10Period, showEma20 = showEma20, ema20Period = ema20Period, showSma1 = showSma1, sma1Period = sma1Period, showSma2 = showSma2, sma2Period = sma2Period, showVwap = showVwap, showBb = showBb, bbPeriod = bbPeriod, bbStdDev = bbStdDev, showAtr = showAtr, atrPeriod = atrPeriod, showMacd = showMacd, macdFast = macdFast, macdSlow = macdSlow, macdSignal = macdSignal, showVolume = showVolume, showVolumeMa = showVolumeMa, volumeMaLength = volumeMaLength, volumeMaColor = volumeMaColor, volumeGrowingColor = volumeGrowingColor, volumeFallingColor = volumeFallingColor, volumeColorBasedOnPreviousClose = volumeColorBasedOnPreviousClose, isCrosshairActive = isCrosshairActive, onCrosshairToggle = onCrosshairToggle /*as Function1<Boolean, Unit> */, onVolumeToggle = onVolumeToggle /*as Function1<Boolean, Unit> */, onIndicatorSettingsClick = onIndicatorSettingsClick /*as Function1<String, Unit> */, chartFeedType = chartFeedType, binanceMarketType = binanceMarketType /*as BinanceMarketType */, providerChartData = providerChartData, isMagnetEnabled = isMagnetEnabled, isLocked = isLocked, isVisible = isVisible, selectedCurrency = selectedCurrency /*as String */, onCurrencyClick = onCurrencyClick /*as Function0<Unit> */, isFullscreen = isFullscreen, onFullscreenExit = onFullscreenExit /*as Function0<Unit> */, scrollToTimestamp = scrollToTimestamp, onScrollDone = onScrollDone /*as Function0<Unit> */, onLongPress = onLongPress /*as Function0<Unit> */, onSettingsClick = onSettingsClick /*as Function0<Unit> */, showCurrencySelector = showCurrencySelector, showSettingsButton = showSettingsButton, onDataLoaded = onDataLoaded /*as Function1<List<OHLCData>, Unit> */, selectedTimeZone = selectedTimeZone /*as String */, onQuoteUpdate = { // BLOCK
                      { // BLOCK
                        $composer.startReplaceableGroup(key = -1633490746)
                        sourceInformation(composer = $composer, sourceInformation = "CC(remember):TradingChart2.kt#9igjgp")
                      }
                      val tmp0_group: Function1<SymbolQuote, Unit> = cache<Function1<SymbolQuote, Unit>>(/* <this> = $composer, */ invalid = EQEQ(arg0 = $dirty5.and(other = 29360128), arg1 = 8388608), block = { // BLOCK
                        local fun <anonymous>(): Function1<SymbolQuote, Unit> {
                          return { // BLOCK
                            local fun <anonymous>(it: SymbolQuote): Unit? {
                              <set-currentLiveQuote>(<set-?> = it)
                              onQuoteUpdate /*as Function1<SymbolQuote, Unit> */.invoke(p1 = it)
                            }

                            <jvm-indy-lambda-metafactory><Function1<SymbolQuote, Unit>>(samMethodType = &error("") /* ERROR: unsupported element type: IrRawFunctionReferenceImpl */
, implMethodReference = TradingChart2Kt::<anonymous>, instantiatedMethodType = &error("") /* ERROR: unsupported element type: IrRawFunctionReferenceImpl */
, extraOverriddenMethodTypes = [], shouldBeSerializable = false)
                          }
                        }

                        TradingChart2Kt::<anonymous>
                      })
                      $composer.endReplaceableGroup()
                      tmp0_group
                    }, onAnyQuoteUpdate = onAnyQuoteUpdate /*as Function1<SymbolQuote, Unit> */, watchlistSymbols = watchlistSymbols /*as List<String> */, positions = positions, onPositionUpdate = { // BLOCK
                      { // BLOCK
                        $composer.startReplaceableGroup(key = -1633490746)
                        sourceInformation(composer = $composer, sourceInformation = "CC(remember):TradingChart2.kt#9igjgp")
                      }
                      val tmp1_group: Function1<Position, Unit> = cache<Function1<Position, Unit>>(/* <this> = $composer, */ invalid = $composer.changedInstance(value = reverseBridge).or(other = EQEQ(arg0 = $dirty6.and(other = 112), arg1 = 32)), block = { // BLOCK
                        local fun <anonymous>(): Function1<Position, Unit> {
                          return { // BLOCK
                            local fun <anonymous>(pos: Position): Unit? {
                              { // BLOCK
                                val tmp0_safe_receiver: Mt5ReverseBridge? = reverseBridge
                                when {
                                  EQEQ(arg0 = tmp0_safe_receiver, arg1 = null) -> null
                                  else -> tmp0_safe_receiver.modifyPosition(position = pos, tp = pos.<get-tp>(), sl = pos.<get-sl>())
                                }
                              } /*~> Unit */
                              onPositionUpdate.invoke(p1 = pos)
                            }

                            <jvm-indy-lambda-metafactory><Function1<Position, Unit>>(samMethodType = &error("") /* ERROR: unsupported element type: IrRawFunctionReferenceImpl */
, implMethodReference = TradingChart2Kt::<anonymous>, instantiatedMethodType = &error("") /* ERROR: unsupported element type: IrRawFunctionReferenceImpl */
, extraOverriddenMethodTypes = [], shouldBeSerializable = false)
                          }
                        }

                        TradingChart2Kt::<anonymous>
                      })
                      $composer.endReplaceableGroup()
                      tmp1_group
                    }, onPositionDelete = { // BLOCK
                      { // BLOCK
                        $composer.startReplaceableGroup(key = 5004770)
                        sourceInformation(composer = $composer, sourceInformation = "CC(remember):TradingChart2.kt#9igjgp")
                      }
                      val tmp2_group: Function1<String, Unit> = cache<Function1<String, Unit>>(/* <this> = $composer, */ invalid = EQEQ(arg0 = $dirty6.and(other = 896), arg1 = 256), block = { // BLOCK
                        local fun <anonymous>(): Function1<String, Unit> {
                          return { // BLOCK
                            local fun <anonymous>(id: String): Unit? {
                              onPositionDelete.invoke(p1 = id)
                            }

                            <jvm-indy-lambda-metafactory><Function1<String, Unit>>(samMethodType = &error("") /* ERROR: unsupported element type: IrRawFunctionReferenceImpl */
, implMethodReference = TradingChart2Kt::<anonymous>, instantiatedMethodType = &error("") /* ERROR: unsupported element type: IrRawFunctionReferenceImpl */
, extraOverriddenMethodTypes = [], shouldBeSerializable = false)
                          }
                        }

                        TradingChart2Kt::<anonymous>
                      })
                      $composer.endReplaceableGroup()
                      tmp2_group
                    }, onAccountUpdate = onAccountUpdate /*as Function1<AccountInfo, Unit> */, onPositionsUpdate = onPositionsUpdate /*as Function1<List<Position>, Unit> */, orders = orders /*as List<Order> */, onOrdersUpdate = onOrdersUpdate /*as Function1<List<Order>, Unit> */, onHistoryOrdersUpdate = onHistoryOrdersUpdate /*as Function1<List<Order>, Unit> */, onBalanceHistoryUpdate = onBalanceHistoryUpdate /*as Function1<List<BalanceRecord>, Unit> */, onCalendarUpdate = onCalendarUpdate /*as Function1<EconomicCalendarPayload, Unit> */, isCalendarVisible = isCalendarVisible, calendarRequestDateIso = calendarRequestDateIso, calendarRequestVersion = calendarRequestVersion, isNewsVisible = isNewsVisible, onNewsUpdate = onNewsUpdate /*as Function1<NewsPayload, Unit> */, onSymbolsUpdate = onSymbolsUpdate /*as Function1<List<SymbolInfo>, Unit> */, onDoubleClick = { // BLOCK
                      { // BLOCK
                        $composer.startReplaceableGroup(key = -1224400529)
                        sourceInformation(composer = $composer, sourceInformation = "CC(remember):TradingChart2.kt#9igjgp")
                      }
                      val tmp3_group: Function1<Float, Unit> = cache<Function1<Float, Unit>>(/* <this> = $composer, */ invalid = $composer.changedInstance(value = positions).or(other = EQEQ(arg0 = $dirty.and(other = 14), arg1 = 4)), block = { // BLOCK
                        local fun <anonymous>(): Function1<Float, Unit> {
                          return { // BLOCK
                            local fun <anonymous>(price: Float): Unit? {
                              val lastPrice: Float = { // BLOCK
                                val tmp1_elvis_lhs: Float? = { // BLOCK
                                  val tmp0_safe_receiver: SymbolQuote? = <get-currentLiveQuote>()
                                  when {
                                    EQEQ(arg0 = tmp0_safe_receiver, arg1 = null) -> null
                                    else -> tmp0_safe_receiver.<get-lastPrice>()
                                  }
                                }
                                when {
                                  EQEQ(arg0 = tmp1_elvis_lhs, arg1 = null) -> price
                                  else -> tmp1_elvis_lhs
                                }
                              }
                              val tolerance: Float = lastPrice.times(other = 0.02F)
                              val targetPos: Position? = find<Position>(/* <this> = positions, */ predicate = { // BLOCK
                                local fun <anonymous>(it: Position): Boolean {
                                  return when {
                                    equals(/* <this> = it.<get-symbol>(), */ other = symbol, ignoreCase = true) -> less(arg0 = abs(x = it.<get-entryPrice>().minus(other = lastPrice)), arg1 = tolerance)
                                    else -> false
                                  }
                                }

                                TradingChart2Kt::<anonymous>
                              })
                              when {
                                EQEQ(arg0 = targetPos, arg1 = null).not() -> { // BLOCK
                                  <set-selectedPositionToModify>(<set-?> = targetPos)
                                }
                              }
                            }

                            <jvm-indy-lambda-metafactory><Function1<Float, Unit>>(samMethodType = &error("") /* ERROR: unsupported element type: IrRawFunctionReferenceImpl */
, implMethodReference = TradingChart2Kt::<anonymous>, instantiatedMethodType = &error("") /* ERROR: unsupported element type: IrRawFunctionReferenceImpl */
, extraOverriddenMethodTypes = [], shouldBeSerializable = false)
                          }
                        }

                        TradingChart2Kt::<anonymous>
                      })
                      $composer.endReplaceableGroup()
                      tmp3_group
                    }, reverseBridge = reverseBridge, onRsiToggle = onRsiToggle /*as Function1<Boolean, Unit> */, onEma10Toggle = onEma10Toggle /*as Function1<Boolean, Unit> */, onEma20Toggle = onEma20Toggle /*as Function1<Boolean, Unit> */, onSma1Toggle = onSma1Toggle /*as Function1<Boolean, Unit> */, onSma2Toggle = onSma2Toggle /*as Function1<Boolean, Unit> */, onVwapToggle = onVwapToggle /*as Function1<Boolean, Unit> */, onBbToggle = onBbToggle /*as Function1<Boolean, Unit> */, onAtrToggle = onAtrToggle /*as Function1<Boolean, Unit> */, onMacdToggle = onMacdToggle /*as Function1<Boolean, Unit> */, rsiShowLabels = rsiShowLabels, rsiShowLines = rsiShowLines, ema10ShowLabels = ema10ShowLabels, ema10ShowLines = ema10ShowLines, ema20ShowLabels = ema20ShowLabels, ema20ShowLines = ema20ShowLines, sma1ShowLabels = sma1ShowLabels, sma1ShowLines = sma1ShowLines, sma2ShowLabels = sma2ShowLabels, sma2ShowLines = sma2ShowLines, vwapShowLabels = vwapShowLabels, vwapShowLines = vwapShowLines, bbShowLabels = bbShowLabels, bbShowLines = bbShowLines, atrShowLabels = atrShowLabels, atrShowLines = atrShowLines, macdShowLabels = macdShowLabels, macdShowLines = macdShowLines, volumeShowLabels = volumeShowLabels, volumeShowLines = volumeShowLines, selectedIndicatorId = selectedIndicatorId, onSelectedIndicatorIdChange = onSelectedIndicatorIdChange /*as Function1<String?, Unit> */, onIndicatorDataUpdate = onIndicatorDataUpdate /*as Function1<IndicatorData, Unit> */, $composer = $composer, $changed = 14.and(other = $dirty).or(other = 112.and(other = $dirty)).or(other = 896.and(other = $dirty)).or(other = 7168.and(other = $dirty)).or(other = 57344.and(other = $dirty)).or(other = 458752.and(other = $dirty)).or(other = 3670016.and(other = $dirty)).or(other = 29360128.and(other = $dirty)).or(other = 234881024.and(other = $dirty)).or(other = 1879048192.and(other = $dirty)), $changed1 = 14.and(other = $dirty1).or(other = 112.and(other = $dirty1)).or(other = 896.and(other = $dirty1)).or(other = 7168.and(other = $dirty1)).or(other = 57344.and(other = $dirty1)).or(other = 458752.and(other = $dirty1)).or(other = 3670016.and(other = $dirty1)).or(other = 29360128.and(other = $dirty1)).or(other = 234881024.and(other = $dirty1)).or(other = 1879048192.and(other = $dirty1)), $changed2 = 14.and(other = $dirty2).or(other = 112.and(other = $dirty2)).or(other = 896.and(other = $dirty2)).or(other = 7168.and(other = $dirty2)).or(other = 57344.and(other = $dirty2)).or(other = 458752.and(other = $dirty2)).or(other = 3670016.and(other = $dirty2)).or(other = 29360128.and(other = $dirty2)).or(other = 234881024.and(other = $dirty2)).or(other = 1879048192.and(other = $dirty2)), $changed3 = 14.and(other = $dirty3).or(other = 112.and(other = $dirty3)).or(other = 896.and(other = $dirty3)).or(other = 7168.and(other = $dirty3)).or(other = 57344.and(other = $dirty3)).or(other = 458752.and(other = $dirty3)).or(other = 3670016.and(other = $dirty3)).or(other = 29360128.and(other = $dirty3)).or(other = 234881024.and(other = $dirty3)).or(other = 1879048192.and(other = $dirty3)), $changed4 = 14.and(other = $dirty4).or(other = 112.and(other = $dirty4)).or(other = 896.and(other = $dirty4)).or(other = 7168.and(other = $dirty4)).or(other = 57344.and(other = $dirty4)).or(other = 458752.and(other = $dirty4)).or(other = 3670016.and(other = $dirty4)).or(other = 29360128.and(other = $dirty4)).or(other = 234881024.and(other = $dirty4)).or(other = 1879048192.and(other = $dirty4)), $changed5 = 14.and(other = $dirty5).or(other = 112.and(other = $dirty5)).or(other = 896.and(other = $dirty5)).or(other = 7168.and(other = $dirty5)).or(other = 57344.and(other = $dirty5)).or(other = 458752.and(other = $dirty5)).or(other = 3670016.and(other = $dirty5)).or(other = 234881024.and(other = $dirty5)).or(other = 1879048192.and(other = $dirty5)), $changed6 = 14.and(other = $dirty6).or(other = 7168.and(other = $dirty6)).or(other = 57344.and(other = $dirty6.shr(bitCount = 3))).or(other = 458752.and(other = $dirty6.shr(bitCount = 3))).or(other = 3670016.and(other = $dirty6.shr(bitCount = 3))).or(other = 29360128.and(other = $dirty6.shr(bitCount = 3))).or(other = 234881024.and(other = $dirty6.shr(bitCount = 3))).or(other = 1879048192.and(other = $dirty7.shl(bitCount = 27))), $changed7 = 14.and(other = $dirty7.shr(bitCount = 3)).or(other = 112.and(other = $dirty7.shr(bitCount = 3))).or(other = 896.and(other = $dirty7.shr(bitCount = 3))).or(other = 7168.and(other = $dirty7.shr(bitCount = 3))).or(other = 57344.and(other = $dirty7.shr(bitCount = 3))).or(other = 458752.and(other = $dirty7.shr(bitCount = 3))).or(other = 29360128.and(other = $dirty7.shr(bitCount = 3))).or(other = 234881024.and(other = $dirty8.shl(bitCount = 21))).or(other = 1879048192.and(other = $dirty8.shl(bitCount = 21))), $changed8 = 14.and(other = $dirty8.shr(bitCount = 9)).or(other = 112.and(other = $dirty8.shr(bitCount = 9))).or(other = 896.and(other = $dirty8.shr(bitCount = 9))).or(other = 7168.and(other = $dirty8.shr(bitCount = 9))).or(other = 57344.and(other = $dirty8.shr(bitCount = 9))).or(other = 458752.and(other = $dirty8.shr(bitCount = 9))).or(other = 3670016.and(other = $dirty8.shr(bitCount = 9))).or(other = 29360128.and(other = $dirty9.shl(bitCount = 21))).or(other = 234881024.and(other = $dirty9.shl(bitCount = 21))).or(other = 1879048192.and(other = $dirty9.shl(bitCount = 21))), $changed9 = 14.and(other = $dirty9.shr(bitCount = 9)).or(other = 112.and(other = $dirty9.shr(bitCount = 9))).or(other = 896.and(other = $dirty9.shr(bitCount = 9))).or(other = 7168.and(other = $dirty9.shr(bitCount = 9))).or(other = 57344.and(other = $dirty9.shr(bitCount = 9))).or(other = 458752.and(other = $dirty9.shr(bitCount = 9))).or(other = 3670016.and(other = $dirty9.shr(bitCount = 9))).or(other = 29360128.and(other = $dirty10.shl(bitCount = 21))).or(other = 234881024.and(other = $dirty10.shl(bitCount = 21))).or(other = 1879048192.and(other = $dirty10.shl(bitCount = 21))), $changed10 = 14.and(other = $dirty10.shr(bitCount = 9)).or(other = 112.and(other = $dirty10.shr(bitCount = 9))).or(other = 896.and(other = $dirty10.shr(bitCount = 9))).or(other = 7168.and(other = $dirty10.shr(bitCount = 9))).or(other = 57344.and(other = $dirty10.shr(bitCount = 9))).or(other = 458752.and(other = $dirty10.shr(bitCount = 9))).or(other = 3670016.and(other = $dirty10.shr(bitCount = 9))).or(other = 29360128.and(other = $dirty11.shl(bitCount = 21))).or(other = 234881024.and(other = $dirty11.shl(bitCount = 21))).or(other = 1879048192.and(other = $dirty11.shl(bitCount = 21))), $default = 0, $default1 = 0, $default2 = 0, $default3 = 0)
                    // }
                    sourceInformationMarkerEnd(composer = $composer)
                  }
                }

                ::<anonymous>
              }, $composer = $composer, $changed = 6, $default = 6)
              when {
                when {
                  when {
                    isTradingBarVisible -> chartSettings.<get-trading>().<get-oneClickTrading>()
                    else -> false
                  } -> <get-isBarHiddenByInactivity>().not()
                  else -> false
                } -> { // BLOCK
                  { // BLOCK
                    $composer.startReplaceableGroup(key = -1792839921)
                    sourceInformation(composer = $composer, sourceInformation = "351@15131L10,352@15182L595,349@15062L23662")
                  }
                  { // BLOCK
                    Box(modifier = padding(/* <this> = background(/* <this> = clip(/* <this> = pointerInput(/* <this> = offset(/* <this> = Companion, */ offset = { // BLOCK
                      { // BLOCK
                        $composer.startReplaceableGroup(key = 5004770)
                        sourceInformation(composer = $composer, sourceInformation = "CC(remember):TradingChart2.kt#9igjgp")
                      }
                      val tmp0_group: @ExtensionFunctionType Function1<Density, IntOffset> = cache<@ExtensionFunctionType Function1<Density, IntOffset>>(/* <this> = $composer, */ invalid = false, block = { // BLOCK
                        local fun <anonymous>(): @ExtensionFunctionType Function1<Density, IntOffset> {
                          return { // BLOCK
                            local fun <anonymous>($this$offset: Density): IntOffset? {
                              return <get-offset>()
                            }

                            <jvm-indy-lambda-metafactory><@ExtensionFunctionType Function1<Density, IntOffset>>(samMethodType = &error("") /* ERROR: unsupported element type: IrRawFunctionReferenceImpl */
, implMethodReference = TradingChart2Kt::<anonymous>, instantiatedMethodType = &error("") /* ERROR: unsupported element type: IrRawFunctionReferenceImpl */
, extraOverriddenMethodTypes = [], shouldBeSerializable = false)
                          }
                        }

                        TradingChart2Kt::<anonymous>
                      })
                      $composer.endReplaceableGroup()
                      tmp0_group
                    }), */ key1 = Unit, block = { // BLOCK
                      { // BLOCK
                        $composer.startReplaceableGroup(key = -1746271574)
                        sourceInformation(composer = $composer, sourceInformation = "CC(remember):TradingChart2.kt#9igjgp")
                      }
                      val tmp1_group: @ExtensionFunctionType SuspendFunction1<PointerInputScope, Unit> = cache<@ExtensionFunctionType SuspendFunction1<PointerInputScope, Unit>>(/* <this> = $composer, */ invalid = false, block = { // BLOCK
                        local fun <anonymous>(): @ExtensionFunctionType SuspendFunction1<PointerInputScope, Unit> {
                          return { // BLOCK
                            local class <no name provided> : SuspendLambda, Function2<PointerInputScope, Continuation<Unit>?, Any?> {
                              package var label: Int
                              private var L$0: Any?
                              local constructor($completion: Continuation<<no name provided>>?) /* primary */ {
                                super/*SuspendLambda*/(arity = 2, $completion = $completion)
                                /* <init>() */

                              }

                              override fun invokeSuspend($result: Result<Any?>): Any? {
                                val $this$pointerInput: PointerInputScope = { // BLOCK
                                  <this>.#L$0
                                }
                                detectDragGestures(/* <this> = $this$pointerInput, */ onDragStart = { // BLOCK
                                  local fun <anonymous>(it: Offset?): Unit? {
                                    resetInactivityTimer()
                                  }

                                  <jvm-indy-lambda-metafactory><Function1<Offset, Unit>>(samMethodType = &error("") /* ERROR: unsupported element type: IrRawFunctionReferenceImpl */
, implMethodReference = <no name provided>::<anonymous>, instantiatedMethodType = &error("") /* ERROR: unsupported element type: IrRawFunctionReferenceImpl */
, extraOverriddenMethodTypes = [], shouldBeSerializable = false)
                                }, onDrag = { // BLOCK
                                  local fun <anonymous>(change: PointerInputChange, dragAmount: Offset?): Unit? {
                                    change.consume()
                                    <set-offset>(<set-?> = IntOffset(x = roundToInt(/* <this> = <get-offset>().<get-x>().plus(other = dragAmount.<get-x>()) */), y = roundToInt(/* <this> = <get-offset>().<get-y>().plus(other = dragAmount.<get-y>()) */)))
                                    resetInactivityTimer()
                                  }

                                  <jvm-indy-lambda-metafactory><Function2<PointerInputChange, Offset, Unit>>(samMethodType = &error("") /* ERROR: unsupported element type: IrRawFunctionReferenceImpl */
, implMethodReference = <no name provided>::<anonymous>, instantiatedMethodType = &error("") /* ERROR: unsupported element type: IrRawFunctionReferenceImpl */
, extraOverriddenMethodTypes = [], shouldBeSerializable = false)
                                })
                              }

                              override fun create(value: Any?, $completion: Continuation<Nothing>): Continuation<Unit> {
                                val tmp0_result: <no name provided> = <no name provided>($completion = $completion)
                                tmp0_result.#L$0 = value
                                return tmp0_result
                              }

                              override fun invoke(p1: PointerInputScope, p2: Continuation<Unit>?): Any? {
                                return <this>.create(value = p1, $completion = p2) /*as <no name provided> */.invokeSuspend($result = <unsafe-coerce><Any?, Result<Any?>>(v = Unit))
                              }

                            }

                            <no name provided>($completion = null)
                          }
                        }

                        TradingChart2Kt::<anonymous>
                      })
                      $composer.endReplaceableGroup()
                      tmp1_group
                    }), */ shape = RoundedCornerShape(size = <get-dp>(/* <this> = 10 */))), */ color = Color(color = 4280624421L).copy(alpha = 0.95F)), */ all = <get-dp>(/* <this> = 2 */)), contentAlignment = // COMPOSITE {
                    null
                    // }, propagateMinConstraints = // COMPOSITE {
                    false
                    // }, content = { // BLOCK
                      @Composable
                      @ComposableTarget(applier = "androidx.compose.ui.UiComposable")
                      local fun BoxScope.<anonymous>(/* var */ $composer: Composer?, $changed: Int) {
                        { // BLOCK
                          sourceInformationMarkerStart(composer = $composer, key = 2003950752, sourceInformation = "C369@15969L22741:TradingChart2.kt#x6l30d")
                          // COMPOSITE {
                          { // BLOCK
                            val tmp0_verticalAlignment: Vertical = Companion.<get-CenterVertically>()
                            val tmp1_modifier: Modifier = height(/* <this> = Companion, */ height = <get-dp>(/* <this> = 40 */))
                            Row(modifier = tmp1_modifier, horizontalArrangement = // COMPOSITE {
                            null
                            // }, verticalAlignment = tmp0_verticalAlignment, content = { // BLOCK
                              @Composable
                              @ComposableTarget(applier = "androidx.compose.ui.UiComposable")
                              local fun RowScope.<anonymous>(/* var */ $composer: Composer?, $changed: Int) {
                                { // BLOCK
                                  sourceInformationMarkerStart(composer = $composer, key = -1737794248, sourceInformation = "C374@16171L589,394@17110L9043,388@16817L9831,532@26708L1331,566@28388L9029,560@28095L9817,708@38180L143,704@37969L723:TradingChart2.kt#x6l30d")
                                  // COMPOSITE {
                                  Column(modifier = padding(/* <this> = Companion, */ start = <get-dp>(/* <this> = 6 */), end = <get-dp>(/* <this> = 8 */)), verticalArrangement = Arrangement.spacedBy(space = <get-dp>(/* <this> = 2 */)), horizontalAlignment = // COMPOSITE {
                                  null
                                  // }, content = { // BLOCK
                                    @Composable
                                    @ComposableTarget(applier = "androidx.compose.ui.UiComposable")
                                    local fun ColumnScope.<anonymous>(/* var */ $composer: Composer?, $changed: Int) {
                                      { // BLOCK
                                        sourceInformationMarkerStart(composer = $composer, key = -1381671628, sourceInformation = "C:TradingChart2.kt#x6l30d")
                                        // COMPOSITE {
                                        { // BLOCK
                                          // COMPOSITE {
                                          { // BLOCK
                                            $composer.startReplaceableGroup(key = -460212049)
                                            sourceInformation(composer = $composer, sourceInformation = "*379@16419L293")
                                          }
                                          // }
                                          repeat(times = 3, action = { // BLOCK
                                            local fun <anonymous>(it: Int) {
                                              Row(modifier = // COMPOSITE {
                                              null
                                              // }, horizontalArrangement = Arrangement.spacedBy(space = <get-dp>(/* <this> = 2 */)), verticalAlignment = // COMPOSITE {
                                              null
                                              // }, content = { // BLOCK
                                                @Composable
                                                @ComposableTarget(applier = "androidx.compose.ui.UiComposable")
                                                local fun RowScope.<anonymous>(/* var */ $composer: Composer?, $changed: Int) {
                                                  { // BLOCK
                                                    sourceInformationMarkerStart(composer = $composer, key = 2122008418, sourceInformation = "C:TradingChart2.kt#x6l30d")
                                                    // COMPOSITE {
                                                    { // BLOCK
                                                      // COMPOSITE {
                                                      { // BLOCK
                                                        $composer.startReplaceableGroup(key = 761188545)
                                                        sourceInformation(composer = $composer, sourceInformation = "*381@16557L91")
                                                      }
                                                      // }
                                                      repeat(times = 2, action = { // BLOCK
                                                        local fun <anonymous>(it: Int) {
                                                          Box(modifier = background(/* <this> = size(/* <this> = Companion, */ size = <get-dp>(/* <this> = 2.5 */)), */ color = Color(color = 4282598993L), shape = RoundedCornerShape(percent = 50)), $composer = $composer, $changed = 0)
                                                        }

                                                        TradingChart2Kt::<anonymous>
                                                      })
                                                      // COMPOSITE {
                                                      $composer.endReplaceableGroup()
                                                      // }
                                                    }
                                                    // }
                                                    sourceInformationMarkerEnd(composer = $composer)
                                                  }
                                                }

                                                ::<anonymous>
                                              }, $composer = $composer, $changed = 48, $default = 5)
                                            }

                                            TradingChart2Kt::<anonymous>
                                          })
                                          // COMPOSITE {
                                          $composer.endReplaceableGroup()
                                          // }
                                        }
                                        // }
                                        sourceInformationMarkerEnd(composer = $composer)
                                      }
                                    }

                                    ::<anonymous>
                                  }, $composer = $composer, $changed = 54, $default = 4)
                                  Box(modifier = clickable(/* <this> = background(/* <this> = clip(/* <this> = height(/* <this> = width(/* <this> = Companion, */ width = <get-dp>(/* <this> = 82 */)), */ height = <get-dp>(/* <this> = 32 */)), */ shape = RoundedCornerShape(size = <get-dp>(/* <this> = 18 */))), */ color = Color(color = 4294063685L)), */ onClick = { // BLOCK
                                    { // BLOCK
                                      $composer.startReplaceableGroup(key = -1224400529)
                                      sourceInformation(composer = $composer, sourceInformation = "CC(remember):TradingChart2.kt#9igjgp")
                                    }
                                    val tmp0_group: Function0<Unit> = cache<Function0<Unit>>(/* <this> = $composer, */ invalid = EQEQ(arg0 = $dirty3.and(other = 1879048192), arg1 = 536870912).or(other = $composer.changedInstance(value = cTraderService)).or(other = $composer.changed(value = lotSize$delegate)).or(other = EQEQ(arg0 = $dirty.and(other = 14), arg1 = 4)).or(other = EQEQ(arg0 = $dirty8.and(other = 14), arg1 = 4)).or(other = when {
                                      when {
                                        greater(arg0 = $changed.and(other = 14).xor(other = 6), arg1 = 4) -> $composer.changed(value = $this$Row)
                                        else -> false
                                      } -> true
                                      else -> EQEQ(arg0 = $changed.and(other = 6), arg1 = 4)
                                    }).or(other = EQEQ(arg0 = $dirty6.and(other = 57344), arg1 = 16384)).or(other = $composer.changedInstance(value = reverseBridge)).or(other = EQEQ(arg0 = $dirty6.and(other = 112), arg1 = 32)), block = { // BLOCK
                                      local fun <anonymous>(): Function0<Unit> {
                                        return { // BLOCK
                                          local fun <anonymous>(): Unit? {
                                            resetInactivityTimer()
                                            d(p0 = "TradingChart2", p1 = "SELL button clicked! chartFeedType=" + chartFeedType + ", cTraderService=" + cTraderService) /*~> Unit */
                                            val quote: SymbolQuote? = <get-currentLiveQuote>()
                                            val lotSizeValue: Float = coerceAtLeast(/* <this> = { // BLOCK
                                              val tmp0_elvis_lhs: Float? = toFloatOrNull(/* <this> = <get-lotSize>() */)
                                              when {
                                                EQEQ(arg0 = tmp0_elvis_lhs, arg1 = null) -> 1.0F
                                                else -> tmp0_elvis_lhs
                                              }
                                            }, */ minimumValue = 0.01F)
                                            val price: Float = { // BLOCK
                                              val tmp2_elvis_lhs: Float? = { // BLOCK
                                                val tmp1_safe_receiver: SymbolQuote? = quote
                                                when {
                                                  EQEQ(arg0 = tmp1_safe_receiver, arg1 = null) -> null
                                                  else -> tmp1_safe_receiver.<get-bid>()
                                                }
                                              }
                                              when {
                                                EQEQ(arg0 = tmp2_elvis_lhs, arg1 = null) -> 0.0F
                                                else -> tmp2_elvis_lhs
                                              }
                                            }
                                            val newPos: Position = Position(id = "temp_" + currentTimeMillis(), symbol = symbol, type = "sell", entryPrice = price, volume = lotSizeValue, time = currentTimeMillis(), tp = <get-tpPrice>(), sl = <get-slPrice>(), partialOrders = <get-pendingPartialOrders>())
                                            { // BLOCK
                                              val tmp3_subject: ChartFeedType? = chartFeedType
                                              when {
                                                EQEQ(arg0 = tmp3_subject, arg1 = ChartFeedType.PEPPERSTONE_CTRADER) -> { // BLOCK
                                                  d(p0 = "TradingChart2", p1 = "Placing SELL order via cTrader: symbol=" + symbol + ", volume=" + newPos.<get-volume>() + ", price=" + price) /*~> Unit */
                                                  { // BLOCK
                                                    val tmp7_elvis_lhs: Unit? = { // BLOCK
                                                      val tmp4_safe_receiver: CTraderService? = cTraderService as? CTraderService
                                                      when {
                                                        EQEQ(arg0 = tmp4_safe_receiver, arg1 = null) -> null
                                                        else -> tmp4_safe_receiver.placeMarketOrder(symbol = symbol, side = "sell", volume = newPos.<get-volume>().toDouble(), stopLoss = { // BLOCK
                                                          val tmp5_safe_receiver: Float? = <get-slPrice>()
                                                          when {
                                                            EQEQ(arg0 = tmp5_safe_receiver, arg1 = null) -> null
                                                            else -> tmp5_safe_receiver.toDouble()
                                                          }
                                                        }, takeProfit = { // BLOCK
                                                          val tmp6_safe_receiver: Float? = <get-tpPrice>()
                                                          when {
                                                            EQEQ(arg0 = tmp6_safe_receiver, arg1 = null) -> null
                                                            else -> tmp6_safe_receiver.toDouble()
                                                          }
                                                        }, onResult = { // BLOCK
                                                          local fun <anonymous>(success: Boolean, message: String): Unit? {
                                                            d(p0 = "TradingChart2", p1 = "Order result: success=" + success + ", message=" + message) /*~> Unit */
                                                            val notification: TradeNotification = TradeNotification(symbol = symbol, volume = newPos.<get-volume>(), price = price, isBuy = false, type = when {
                                                              success -> "executed"
                                                              else -> "rejected"
                                                            }, exchange = "Pepperstone")
                                                            onTradeNotification /*as Function1<TradeNotification, Unit> */.invoke(p1 = notification)
                                                            tradeNotifications.add(element = notification) /*~> Unit */
                                                          }

                                                          <jvm-indy-lambda-metafactory><Function2<Boolean, String, Unit>>(samMethodType = &error("") /* ERROR: unsupported element type: IrRawFunctionReferenceImpl */
, implMethodReference = TradingChart2Kt::<anonymous>, instantiatedMethodType = &error("") /* ERROR: unsupported element type: IrRawFunctionReferenceImpl */
, extraOverriddenMethodTypes = [], shouldBeSerializable = false)
                                                        })
                                                      }
                                                    }
                                                    when {
                                                      EQEQ(arg0 = tmp7_elvis_lhs, arg1 = null) -> run<RowScope, Boolean>(/* <this> = $this$Row, */ block = { // BLOCK
                                                        local fun RowScope.<anonymous>(): Boolean {
                                                          e(p0 = "TradingChart2", p1 = "cTraderService is null or not CTraderService") /*~> Unit */
                                                          val notification: TradeNotification = TradeNotification(symbol = symbol, volume = newPos.<get-volume>(), price = price, isBuy = false, type = "error", exchange = "Pepperstone")
                                                          onTradeNotification /*as Function1<TradeNotification, Unit> */.invoke(p1 = notification)
                                                          return tradeNotifications.add(element = notification)
                                                        }

                                                        ::<anonymous>
                                                      })
                                                      else -> tmp7_elvis_lhs
                                                    }
                                                  }
                                                }
                                                EQEQ(arg0 = tmp3_subject, arg1 = ChartFeedType.PEPPERSTONE_DEMO) -> { // BLOCK
                                                  d(p0 = "TradingChart2", p1 = "Placing SELL order via cTrader DEMO: symbol=" + symbol + ", volume=" + newPos.<get-volume>() + ", price=" + price) /*~> Unit */
                                                  { // BLOCK
                                                    val tmp11_elvis_lhs: Unit? = { // BLOCK
                                                      val tmp8_safe_receiver: CTraderDemoService? = cTraderService as? CTraderDemoService
                                                      when {
                                                        EQEQ(arg0 = tmp8_safe_receiver, arg1 = null) -> null
                                                        else -> tmp8_safe_receiver.placeMarketOrder(symbol = symbol, side = "sell", volume = newPos.<get-volume>().toDouble(), stopLoss = { // BLOCK
                                                          val tmp9_safe_receiver: Float? = <get-slPrice>()
                                                          when {
                                                            EQEQ(arg0 = tmp9_safe_receiver, arg1 = null) -> null
                                                            else -> tmp9_safe_receiver.toDouble()
                                                          }
                                                        }, takeProfit = { // BLOCK
                                                          val tmp10_safe_receiver: Float? = <get-tpPrice>()
                                                          when {
                                                            EQEQ(arg0 = tmp10_safe_receiver, arg1 = null) -> null
                                                            else -> tmp10_safe_receiver.toDouble()
                                                          }
                                                        }, onResult = { // BLOCK
                                                          local fun <anonymous>(success: Boolean, message: String): Unit? {
                                                            d(p0 = "TradingChart2", p1 = "DEMO Order result: success=" + success + ", message=" + message) /*~> Unit */
                                                            val notification: TradeNotification = TradeNotification(symbol = symbol, volume = newPos.<get-volume>(), price = price, isBuy = false, type = when {
                                                              success -> "executed"
                                                              else -> "rejected"
                                                            }, exchange = "Pepperstone Demo")
                                                            onTradeNotification /*as Function1<TradeNotification, Unit> */.invoke(p1 = notification)
                                                            tradeNotifications.add(element = notification) /*~> Unit */
                                                          }

                                                          <jvm-indy-lambda-metafactory><Function2<Boolean, String, Unit>>(samMethodType = &error("") /* ERROR: unsupported element type: IrRawFunctionReferenceImpl */
, implMethodReference = TradingChart2Kt::<anonymous>, instantiatedMethodType = &error("") /* ERROR: unsupported element type: IrRawFunctionReferenceImpl */
, extraOverriddenMethodTypes = [], shouldBeSerializable = false)
                                                        })
                                                      }
                                                    }
                                                    when {
                                                      EQEQ(arg0 = tmp11_elvis_lhs, arg1 = null) -> run<RowScope, Boolean>(/* <this> = $this$Row, */ block = { // BLOCK
                                                        local fun RowScope.<anonymous>(): Boolean {
                                                          e(p0 = "TradingChart2", p1 = "cTraderService is null or not CTraderDemoService") /*~> Unit */
                                                          val notification: TradeNotification = TradeNotification(symbol = symbol, volume = newPos.<get-volume>(), price = price, isBuy = false, type = "error", exchange = "Pepperstone Demo")
                                                          onTradeNotification /*as Function1<TradeNotification, Unit> */.invoke(p1 = notification)
                                                          return tradeNotifications.add(element = notification)
                                                        }

                                                        ::<anonymous>
                                                      })
                                                      else -> tmp11_elvis_lhs
                                                    }
                                                  }
                                                }
                                                when {
                                                  EQEQ(arg0 = tmp3_subject, arg1 = ChartFeedType.BINANCE) -> true
                                                  else -> when {
                                                    EQEQ(arg0 = tmp3_subject, arg1 = ChartFeedType.BINANCE_CONNECT) -> true
                                                    else -> EQEQ(arg0 = tmp3_subject, arg1 = ChartFeedType.EXNESS)
                                                  }
                                                } -> { // BLOCK
                                                  d(p0 = "TradingChart2", p1 = "Placing SELL order via placeStreamOrder: volume=" + newPos.<get-volume>() + ", price=" + price) /*~> Unit */
                                                  { // BLOCK
                                                    val tmp12_safe_receiver: Function3<Position, String, Float?, Unit>? = onPlaceOrder
                                                    when {
                                                      EQEQ(arg0 = tmp12_safe_receiver, arg1 = null) -> null
                                                      else -> tmp12_safe_receiver.invoke(p1 = newPos, p2 = "Market Execution", p3 = null)
                                                    }
                                                  } /*~> Unit */
                                                  val notification: TradeNotification = TradeNotification(symbol = symbol, volume = newPos.<get-volume>(), price = price, isBuy = false, type = "pending", exchange = { // BLOCK
                                                    val tmp13_subject: ChartFeedType? = chartFeedType
                                                    when {
                                                      EQEQ(arg0 = tmp13_subject, arg1 = ChartFeedType.BINANCE) -> "Binance"
                                                      EQEQ(arg0 = tmp13_subject, arg1 = ChartFeedType.BINANCE_CONNECT) -> "Binance Connect"
                                                      EQEQ(arg0 = tmp13_subject, arg1 = ChartFeedType.EXNESS) -> "Exness"
                                                      else -> "Unknown"
                                                    }
                                                  })
                                                  onTradeNotification /*as Function1<TradeNotification, Unit> */.invoke(p1 = notification)
                                                  tradeNotifications.add(element = notification)
                                                }
                                                else -> { // BLOCK
                                                  d(p0 = "TradingChart2", p1 = "Placing SELL order via reverseBridge (paper trading): price=" + price) /*~> Unit */
                                                  { // BLOCK
                                                    val tmp14_safe_receiver: Mt5ReverseBridge? = reverseBridge
                                                    when {
                                                      EQEQ(arg0 = tmp14_safe_receiver, arg1 = null) -> null
                                                      else -> tmp14_safe_receiver.placePosition(position = newPos)
                                                    }
                                                  } /*~> Unit */
                                                  onPositionUpdate.invoke(p1 = newPos)
                                                  val notification: TradeNotification = TradeNotification(symbol = symbol, volume = newPos.<get-volume>(), price = price, isBuy = false, type = "executed")
                                                  onTradeNotification /*as Function1<TradeNotification, Unit> */.invoke(p1 = notification)
                                                  tradeNotifications.add(element = notification)
                                                }
                                              }
                                            } /*~> Unit */
                                          }

                                          <jvm-indy-lambda-metafactory><Function0<Unit>>(samMethodType = &error("") /* ERROR: unsupported element type: IrRawFunctionReferenceImpl */
, implMethodReference = TradingChart2Kt::<anonymous>, instantiatedMethodType = &error("") /* ERROR: unsupported element type: IrRawFunctionReferenceImpl */
, extraOverriddenMethodTypes = [], shouldBeSerializable = false)
                                        }
                                      }

                                      TradingChart2Kt::<anonymous>
                                    })
                                    $composer.endReplaceableGroup()
                                    tmp0_group
                                  }), contentAlignment = Companion.<get-Center>(), propagateMinConstraints = // COMPOSITE {
                                  false
                                  // }, content = { // BLOCK
                                    @Composable
                                    @ComposableTarget(applier = "androidx.compose.ui.UiComposable")
                                    local fun BoxScope.<anonymous>(/* var */ $composer: Composer?, $changed: Int) {
                                      { // BLOCK
                                        sourceInformationMarkerStart(composer = $composer, key = 488577056, sourceInformation = "C521@26263L363:TradingChart2.kt#x6l30d")
                                        // COMPOSITE {
                                        Text(text = { // BLOCK
                                          val tmp2_elvis_lhs: String? = { // BLOCK
                                            val tmp1_safe_receiver: Float? = { // BLOCK
                                              val tmp0_safe_receiver: SymbolQuote? = <get-currentLiveQuote>()
                                              when {
                                                EQEQ(arg0 = tmp0_safe_receiver, arg1 = null) -> null
                                                else -> tmp0_safe_receiver.<get-bid>()
                                              }
                                            }
                                            when {
                                              EQEQ(arg0 = tmp1_safe_receiver, arg1 = null) -> null
                                              else -> tmp1_safe_receiver.toString()
                                            }
                                          }
                                          when {
                                            EQEQ(arg0 = tmp2_elvis_lhs, arg1 = null) -> "0.00"
                                            else -> tmp2_elvis_lhs
                                          }
                                        }, modifier = // COMPOSITE {
                                        null
                                        // }, color = Companion.<get-White>(), fontSize = <get-sp>(/* <this> = 13 */), fontStyle = // COMPOSITE {
                                        null
                                        // }, fontWeight = Companion.<get-Bold>(), fontFamily = // COMPOSITE {
                                        null
                                        // }, letterSpacing = // COMPOSITE {
                                        <unsafe-coerce><Long, TextUnit>(v = 0L)
                                        // }, textDecoration = // COMPOSITE {
                                        null
                                        // }, textAlign = Companion.<get-Center>(), lineHeight = // COMPOSITE {
                                        <unsafe-coerce><Long, TextUnit>(v = 0L)
                                        // }, overflow = // COMPOSITE {
                                        <unsafe-coerce><Int, TextOverflow>(v = 0)
                                        // }, softWrap = // COMPOSITE {
                                        false
                                        // }, maxLines = 1, minLines = // COMPOSITE {
                                        0
                                        // }, onTextLayout = // COMPOSITE {
                                        null
                                        // }, style = // COMPOSITE {
                                        null
                                        // }, $composer = $composer, $changed = 200064, $changed1 = 3072, $default = 122322)
                                        // }
                                        sourceInformationMarkerEnd(composer = $composer)
                                      }
                                    }

                                    ::<anonymous>
                                  }, $composer = $composer, $changed = 48, $default = 4)
                                  { // BLOCK
                                    val tmp0_modifier: Modifier = padding(/* <this> = width(/* <this> = Companion, */ width = <get-dp>(/* <this> = 58 */)), */ horizontal = <get-dp>(/* <this> = 2 */))
                                    val tmp1_horizontalAlignment: Horizontal = Companion.<get-CenterHorizontally>()
                                    val tmp2_verticalArrangement: HorizontalOrVertical = Arrangement.<get-Center>()
                                    Column(modifier = tmp0_modifier, verticalArrangement = tmp2_verticalArrangement, horizontalAlignment = tmp1_horizontalAlignment, content = { // BLOCK
                                      @Composable
                                      @ComposableTarget(applier = "androidx.compose.ui.UiComposable")
                                      local fun ColumnScope.<anonymous>(/* var */ $composer: Composer?, $changed: Int) {
                                        { // BLOCK
                                          sourceInformationMarkerStart(composer = $composer, key = 1545503483, sourceInformation = "C539@27048L55,542@27233L220,540@27128L889:TradingChart2.kt#x6l30d")
                                          // COMPOSITE {
                                          Text(text = "0.0", modifier = // COMPOSITE {
                                          null
                                          // }, color = Color(color = 4286086022L), fontSize = <get-sp>(/* <this> = 9 */), fontStyle = // COMPOSITE {
                                          null
                                          // }, fontWeight = // COMPOSITE {
                                          null
                                          // }, fontFamily = // COMPOSITE {
                                          null
                                          // }, letterSpacing = // COMPOSITE {
                                          <unsafe-coerce><Long, TextUnit>(v = 0L)
                                          // }, textDecoration = // COMPOSITE {
                                          null
                                          // }, textAlign = // COMPOSITE {
                                          null
                                          // }, lineHeight = // COMPOSITE {
                                          <unsafe-coerce><Long, TextUnit>(v = 0L)
                                          // }, overflow = // COMPOSITE {
                                          <unsafe-coerce><Int, TextOverflow>(v = 0)
                                          // }, softWrap = // COMPOSITE {
                                          false
                                          // }, maxLines = // COMPOSITE {
                                          0
                                          // }, minLines = // COMPOSITE {
                                          0
                                          // }, onTextLayout = // COMPOSITE {
                                          null
                                          // }, style = // COMPOSITE {
                                          null
                                          // }, $composer = $composer, $changed = 3462, $changed1 = 0, $default = 131058)
                                          { // BLOCK
                                            val tmp0_value: String = <get-lotSize>()
                                            val tmp1_textStyle: TextStyle = TextStyle(color = Companion.<get-White>(), fontSize = <get-sp>(/* <this> = 14 */), fontWeight = Companion.<get-Bold>(), textAlign = Companion.<get-Center>())
                                            val tmp2_keyboardOptions: KeyboardOptions = KeyboardOptions(keyboardType = Companion.<get-Number>())
                                            val tmp3_cursorBrush: SolidColor = SolidColor(value = Companion.<get-White>())
                                            val tmp4_modifier: Modifier = fillMaxWidth(/* <this> = Companion */)
                                            BasicTextField(value = tmp0_value, onValueChange = { // BLOCK
                                              { // BLOCK
                                                $composer.startReplaceableGroup(key = -1224400529)
                                                sourceInformation(composer = $composer, sourceInformation = "CC(remember):TradingChart2.kt#9igjgp")
                                              }
                                              val tmp0_group: Function1<String, Unit> = cache<Function1<String, Unit>>(/* <this> = $composer, */ invalid = $composer.changed(value = lotSize$delegate).or(other = $composer.changedInstance(value = prefs)).or(other = EQEQ(arg0 = $dirty.and(other = 14), arg1 = 4)), block = { // BLOCK
                                                local fun <anonymous>(): Function1<String, Unit> {
                                                  return { // BLOCK
                                                    local fun <anonymous>(it: String): Unit? {
                                                      <set-lotSize>(<set-?> = it)
                                                      prefs.edit().putString(p0 = "lot_size_" + symbol, p1 = it).apply()
                                                      resetInactivityTimer()
                                                    }

                                                    <jvm-indy-lambda-metafactory><Function1<String, Unit>>(samMethodType = &error("") /* ERROR: unsupported element type: IrRawFunctionReferenceImpl */
, implMethodReference = TradingChart2Kt::<anonymous>, instantiatedMethodType = &error("") /* ERROR: unsupported element type: IrRawFunctionReferenceImpl */
, extraOverriddenMethodTypes = [], shouldBeSerializable = false)
                                                  }
                                                }

                                                TradingChart2Kt::<anonymous>
                                              })
                                              $composer.endReplaceableGroup()
                                              tmp0_group
                                            }, modifier = tmp4_modifier, enabled = // COMPOSITE {
                                            false
                                            // }, readOnly = // COMPOSITE {
                                            false
                                            // }, textStyle = tmp1_textStyle, keyboardOptions = tmp2_keyboardOptions, keyboardActions = // COMPOSITE {
                                            null
                                            // }, singleLine = // COMPOSITE {
                                            false
                                            // }, maxLines = // COMPOSITE {
                                            0
                                            // }, minLines = // COMPOSITE {
                                            0
                                            // }, visualTransformation = // COMPOSITE {
                                            null
                                            // }, onTextLayout = // COMPOSITE {
                                            null
                                            // }, interactionSource = // COMPOSITE {
                                            null
                                            // }, cursorBrush = tmp3_cursorBrush, decorationBox = // COMPOSITE {
                                            null
                                            // }, $composer = $composer, $changed = 1573248, $changed1 = 24576, $default = 49048)
                                          }
                                          // }
                                          sourceInformationMarkerEnd(composer = $composer)
                                        }
                                      }

                                      ::<anonymous>
                                    }, $composer = $composer, $changed = 438, $default = 0)
                                  }
                                  Box(modifier = clickable(/* <this> = background(/* <this> = clip(/* <this> = height(/* <this> = width(/* <this> = Companion, */ width = <get-dp>(/* <this> = 82 */)), */ height = <get-dp>(/* <this> = 32 */)), */ shape = RoundedCornerShape(size = <get-dp>(/* <this> = 18 */))), */ color = Color(color = 4280902399L)), */ onClick = { // BLOCK
                                    { // BLOCK
                                      $composer.startReplaceableGroup(key = -1224400529)
                                      sourceInformation(composer = $composer, sourceInformation = "CC(remember):TradingChart2.kt#9igjgp")
                                    }
                                    val tmp1_group: Function0<Unit> = cache<Function0<Unit>>(/* <this> = $composer, */ invalid = EQEQ(arg0 = $dirty3.and(other = 1879048192), arg1 = 536870912).or(other = $composer.changedInstance(value = cTraderService)).or(other = $composer.changed(value = lotSize$delegate)).or(other = EQEQ(arg0 = $dirty.and(other = 14), arg1 = 4)).or(other = EQEQ(arg0 = $dirty8.and(other = 14), arg1 = 4)).or(other = when {
                                      when {
                                        greater(arg0 = $changed.and(other = 14).xor(other = 6), arg1 = 4) -> $composer.changed(value = $this$Row)
                                        else -> false
                                      } -> true
                                      else -> EQEQ(arg0 = $changed.and(other = 6), arg1 = 4)
                                    }).or(other = EQEQ(arg0 = $dirty6.and(other = 57344), arg1 = 16384)).or(other = $composer.changedInstance(value = reverseBridge)).or(other = EQEQ(arg0 = $dirty6.and(other = 112), arg1 = 32)), block = { // BLOCK
                                      local fun <anonymous>(): Function0<Unit> {
                                        return { // BLOCK
                                          local fun <anonymous>(): Unit? {
                                            resetInactivityTimer()
                                            d(p0 = "TradingChart2", p1 = "BUY button clicked! chartFeedType=" + chartFeedType + ", cTraderService=" + cTraderService) /*~> Unit */
                                            val quote: SymbolQuote? = <get-currentLiveQuote>()
                                            val lotSizeValue: Float = coerceAtLeast(/* <this> = { // BLOCK
                                              val tmp0_elvis_lhs: Float? = toFloatOrNull(/* <this> = <get-lotSize>() */)
                                              when {
                                                EQEQ(arg0 = tmp0_elvis_lhs, arg1 = null) -> 1.0F
                                                else -> tmp0_elvis_lhs
                                              }
                                            }, */ minimumValue = 0.01F)
                                            val price: Float = { // BLOCK
                                              val tmp2_elvis_lhs: Float? = { // BLOCK
                                                val tmp1_safe_receiver: SymbolQuote? = quote
                                                when {
                                                  EQEQ(arg0 = tmp1_safe_receiver, arg1 = null) -> null
                                                  else -> tmp1_safe_receiver.<get-ask>()
                                                }
                                              }
                                              when {
                                                EQEQ(arg0 = tmp2_elvis_lhs, arg1 = null) -> 0.0F
                                                else -> tmp2_elvis_lhs
                                              }
                                            }
                                            val newPos: Position = Position(id = "temp_" + currentTimeMillis(), symbol = symbol, type = "buy", entryPrice = price, volume = lotSizeValue, time = currentTimeMillis(), tp = <get-tpPrice>(), sl = <get-slPrice>(), partialOrders = <get-pendingPartialOrders>())
                                            { // BLOCK
                                              val tmp3_subject: ChartFeedType? = chartFeedType
                                              when {
                                                EQEQ(arg0 = tmp3_subject, arg1 = ChartFeedType.PEPPERSTONE_CTRADER) -> { // BLOCK
                                                  d(p0 = "TradingChart2", p1 = "Placing BUY order via cTrader: symbol=" + symbol + ", volume=" + newPos.<get-volume>() + ", price=" + price) /*~> Unit */
                                                  { // BLOCK
                                                    val tmp7_elvis_lhs: Unit? = { // BLOCK
                                                      val tmp4_safe_receiver: CTraderService? = cTraderService as? CTraderService
                                                      when {
                                                        EQEQ(arg0 = tmp4_safe_receiver, arg1 = null) -> null
                                                        else -> tmp4_safe_receiver.placeMarketOrder(symbol = symbol, side = "buy", volume = newPos.<get-volume>().toDouble(), stopLoss = { // BLOCK
                                                          val tmp5_safe_receiver: Float? = <get-slPrice>()
                                                          when {
                                                            EQEQ(arg0 = tmp5_safe_receiver, arg1 = null) -> null
                                                            else -> tmp5_safe_receiver.toDouble()
                                                          }
                                                        }, takeProfit = { // BLOCK
                                                          val tmp6_safe_receiver: Float? = <get-tpPrice>()
                                                          when {
                                                            EQEQ(arg0 = tmp6_safe_receiver, arg1 = null) -> null
                                                            else -> tmp6_safe_receiver.toDouble()
                                                          }
                                                        }, onResult = { // BLOCK
                                                          local fun <anonymous>(success: Boolean, message: String): Unit? {
                                                            d(p0 = "TradingChart2", p1 = "Order result: success=" + success + ", message=" + message) /*~> Unit */
                                                            val notification: TradeNotification = TradeNotification(symbol = symbol, volume = newPos.<get-volume>(), price = price, isBuy = true, type = when {
                                                              success -> "executed"
                                                              else -> "rejected"
                                                            }, exchange = "Pepperstone")
                                                            onTradeNotification /*as Function1<TradeNotification, Unit> */.invoke(p1 = notification)
                                                            tradeNotifications.add(element = notification) /*~> Unit */
                                                          }

                                                          <jvm-indy-lambda-metafactory><Function2<Boolean, String, Unit>>(samMethodType = &error("") /* ERROR: unsupported element type: IrRawFunctionReferenceImpl */
, implMethodReference = TradingChart2Kt::<anonymous>, instantiatedMethodType = &error("") /* ERROR: unsupported element type: IrRawFunctionReferenceImpl */
, extraOverriddenMethodTypes = [], shouldBeSerializable = false)
                                                        })
                                                      }
                                                    }
                                                    when {
                                                      EQEQ(arg0 = tmp7_elvis_lhs, arg1 = null) -> run<RowScope, Boolean>(/* <this> = $this$Row, */ block = { // BLOCK
                                                        local fun RowScope.<anonymous>(): Boolean {
                                                          e(p0 = "TradingChart2", p1 = "cTraderService is null or not CTraderService") /*~> Unit */
                                                          val notification: TradeNotification = TradeNotification(symbol = symbol, volume = newPos.<get-volume>(), price = price, isBuy = true, type = "error", exchange = "Pepperstone")
                                                          onTradeNotification /*as Function1<TradeNotification, Unit> */.invoke(p1 = notification)
                                                          return tradeNotifications.add(element = notification)
                                                        }

                                                        ::<anonymous>
                                                      })
                                                      else -> tmp7_elvis_lhs
                                                    }
                                                  }
                                                }
                                                EQEQ(arg0 = tmp3_subject, arg1 = ChartFeedType.PEPPERSTONE_DEMO) -> { // BLOCK
                                                  d(p0 = "TradingChart2", p1 = "Placing BUY order via cTrader DEMO: symbol=" + symbol + ", volume=" + newPos.<get-volume>() + ", price=" + price) /*~> Unit */
                                                  { // BLOCK
                                                    val tmp11_elvis_lhs: Unit? = { // BLOCK
                                                      val tmp8_safe_receiver: CTraderDemoService? = cTraderService as? CTraderDemoService
                                                      when {
                                                        EQEQ(arg0 = tmp8_safe_receiver, arg1 = null) -> null
                                                        else -> tmp8_safe_receiver.placeMarketOrder(symbol = symbol, side = "buy", volume = newPos.<get-volume>().toDouble(), stopLoss = { // BLOCK
                                                          val tmp9_safe_receiver: Float? = <get-slPrice>()
                                                          when {
                                                            EQEQ(arg0 = tmp9_safe_receiver, arg1 = null) -> null
                                                            else -> tmp9_safe_receiver.toDouble()
                                                          }
                                                        }, takeProfit = { // BLOCK
                                                          val tmp10_safe_receiver: Float? = <get-tpPrice>()
                                                          when {
                                                            EQEQ(arg0 = tmp10_safe_receiver, arg1 = null) -> null
                                                            else -> tmp10_safe_receiver.toDouble()
                                                          }
                                                        }, onResult = { // BLOCK
                                                          local fun <anonymous>(success: Boolean, message: String): Unit? {
                                                            d(p0 = "TradingChart2", p1 = "DEMO Order result: success=" + success + ", message=" + message) /*~> Unit */
                                                            val notification: TradeNotification = TradeNotification(symbol = symbol, volume = newPos.<get-volume>(), price = price, isBuy = true, type = when {
                                                              success -> "executed"
                                                              else -> "rejected"
                                                            }, exchange = "Pepperstone Demo")
                                                            onTradeNotification /*as Function1<TradeNotification, Unit> */.invoke(p1 = notification)
                                                            tradeNotifications.add(element = notification) /*~> Unit */
                                                          }

                                                          <jvm-indy-lambda-metafactory><Function2<Boolean, String, Unit>>(samMethodType = &error("") /* ERROR: unsupported element type: IrRawFunctionReferenceImpl */
, implMethodReference = TradingChart2Kt::<anonymous>, instantiatedMethodType = &error("") /* ERROR: unsupported element type: IrRawFunctionReferenceImpl */
, extraOverriddenMethodTypes = [], shouldBeSerializable = false)
                                                        })
                                                      }
                                                    }
                                                    when {
                                                      EQEQ(arg0 = tmp11_elvis_lhs, arg1 = null) -> run<RowScope, Boolean>(/* <this> = $this$Row, */ block = { // BLOCK
                                                        local fun RowScope.<anonymous>(): Boolean {
                                                          e(p0 = "TradingChart2", p1 = "cTraderService is null or not CTraderDemoService") /*~> Unit */
                                                          val notification: TradeNotification = TradeNotification(symbol = symbol, volume = newPos.<get-volume>(), price = price, isBuy = true, type = "error", exchange = "Pepperstone Demo")
                                                          onTradeNotification /*as Function1<TradeNotification, Unit> */.invoke(p1 = notification)
                                                          return tradeNotifications.add(element = notification)
                                                        }

                                                        ::<anonymous>
                                                      })
                                                      else -> tmp11_elvis_lhs
                                                    }
                                                  }
                                                }
                                                when {
                                                  EQEQ(arg0 = tmp3_subject, arg1 = ChartFeedType.BINANCE) -> true
                                                  else -> when {
                                                    EQEQ(arg0 = tmp3_subject, arg1 = ChartFeedType.BINANCE_CONNECT) -> true
                                                    else -> EQEQ(arg0 = tmp3_subject, arg1 = ChartFeedType.EXNESS)
                                                  }
                                                } -> { // BLOCK
                                                  d(p0 = "TradingChart2", p1 = "Placing BUY order via placeStreamOrder: volume=" + newPos.<get-volume>() + ", price=" + price) /*~> Unit */
                                                  { // BLOCK
                                                    val tmp12_safe_receiver: Function3<Position, String, Float?, Unit>? = onPlaceOrder
                                                    when {
                                                      EQEQ(arg0 = tmp12_safe_receiver, arg1 = null) -> null
                                                      else -> tmp12_safe_receiver.invoke(p1 = newPos, p2 = "Market Execution", p3 = null)
                                                    }
                                                  } /*~> Unit */
                                                  val notification: TradeNotification = TradeNotification(symbol = symbol, volume = newPos.<get-volume>(), price = price, isBuy = true, type = "pending", exchange = { // BLOCK
                                                    val tmp13_subject: ChartFeedType? = chartFeedType
                                                    when {
                                                      EQEQ(arg0 = tmp13_subject, arg1 = ChartFeedType.BINANCE) -> "Binance"
                                                      EQEQ(arg0 = tmp13_subject, arg1 = ChartFeedType.BINANCE_CONNECT) -> "Binance Connect"
                                                      EQEQ(arg0 = tmp13_subject, arg1 = ChartFeedType.EXNESS) -> "Exness"
                                                      else -> "Unknown"
                                                    }
                                                  })
                                                  onTradeNotification /*as Function1<TradeNotification, Unit> */.invoke(p1 = notification)
                                                  tradeNotifications.add(element = notification)
                                                }
                                                else -> { // BLOCK
                                                  d(p0 = "TradingChart2", p1 = "Placing BUY order via reverseBridge (paper trading): price=" + price) /*~> Unit */
                                                  { // BLOCK
                                                    val tmp14_safe_receiver: Mt5ReverseBridge? = reverseBridge
                                                    when {
                                                      EQEQ(arg0 = tmp14_safe_receiver, arg1 = null) -> null
                                                      else -> tmp14_safe_receiver.placePosition(position = newPos)
                                                    }
                                                  } /*~> Unit */
                                                  onPositionUpdate.invoke(p1 = newPos)
                                                  val notification: TradeNotification = TradeNotification(symbol = symbol, volume = newPos.<get-volume>(), price = price, isBuy = true, type = "executed")
                                                  onTradeNotification /*as Function1<TradeNotification, Unit> */.invoke(p1 = notification)
                                                  tradeNotifications.add(element = notification)
                                                }
                                              }
                                            } /*~> Unit */
                                          }

                                          <jvm-indy-lambda-metafactory><Function0<Unit>>(samMethodType = &error("") /* ERROR: unsupported element type: IrRawFunctionReferenceImpl */
, implMethodReference = TradingChart2Kt::<anonymous>, instantiatedMethodType = &error("") /* ERROR: unsupported element type: IrRawFunctionReferenceImpl */
, extraOverriddenMethodTypes = [], shouldBeSerializable = false)
                                        }
                                      }

                                      TradingChart2Kt::<anonymous>
                                    })
                                    $composer.endReplaceableGroup()
                                    tmp1_group
                                  }), contentAlignment = Companion.<get-Center>(), propagateMinConstraints = // COMPOSITE {
                                  false
                                  // }, content = { // BLOCK
                                    @Composable
                                    @ComposableTarget(applier = "androidx.compose.ui.UiComposable")
                                    local fun BoxScope.<anonymous>(/* var */ $composer: Composer?, $changed: Int) {
                                      { // BLOCK
                                        sourceInformationMarkerStart(composer = $composer, key = -736946167, sourceInformation = "C693@37527L363:TradingChart2.kt#x6l30d")
                                        // COMPOSITE {
                                        Text(text = { // BLOCK
                                          val tmp2_elvis_lhs: String? = { // BLOCK
                                            val tmp1_safe_receiver: Float? = { // BLOCK
                                              val tmp0_safe_receiver: SymbolQuote? = <get-currentLiveQuote>()
                                              when {
                                                EQEQ(arg0 = tmp0_safe_receiver, arg1 = null) -> null
                                                else -> tmp0_safe_receiver.<get-ask>()
                                              }
                                            }
                                            when {
                                              EQEQ(arg0 = tmp1_safe_receiver, arg1 = null) -> null
                                              else -> tmp1_safe_receiver.toString()
                                            }
                                          }
                                          when {
                                            EQEQ(arg0 = tmp2_elvis_lhs, arg1 = null) -> "0.00"
                                            else -> tmp2_elvis_lhs
                                          }
                                        }, modifier = // COMPOSITE {
                                        null
                                        // }, color = Companion.<get-White>(), fontSize = <get-sp>(/* <this> = 13 */), fontStyle = // COMPOSITE {
                                        null
                                        // }, fontWeight = Companion.<get-Bold>(), fontFamily = // COMPOSITE {
                                        null
                                        // }, letterSpacing = // COMPOSITE {
                                        <unsafe-coerce><Long, TextUnit>(v = 0L)
                                        // }, textDecoration = // COMPOSITE {
                                        null
                                        // }, textAlign = Companion.<get-Center>(), lineHeight = // COMPOSITE {
                                        <unsafe-coerce><Long, TextUnit>(v = 0L)
                                        // }, overflow = // COMPOSITE {
                                        <unsafe-coerce><Int, TextOverflow>(v = 0)
                                        // }, softWrap = // COMPOSITE {
                                        false
                                        // }, maxLines = 1, minLines = // COMPOSITE {
                                        0
                                        // }, onTextLayout = // COMPOSITE {
                                        null
                                        // }, style = // COMPOSITE {
                                        null
                                        // }, $composer = $composer, $changed = 200064, $changed1 = 3072, $default = 122322)
                                        // }
                                        sourceInformationMarkerEnd(composer = $composer)
                                      }
                                    }

                                    ::<anonymous>
                                  }, $composer = $composer, $changed = 48, $default = 4)
                                  Box(modifier = padding(/* <this> = clickable(/* <this> = clip(/* <this> = padding(/* <this> = Companion, */ start = <get-dp>(/* <this> = 4 */), end = <get-dp>(/* <this> = 2 */)), */ shape = RoundedCornerShape(size = <get-dp>(/* <this> = 4 */))), */ onClick = { // BLOCK
                                    { // BLOCK
                                      $composer.startReplaceableGroup(key = -1746271574)
                                      sourceInformation(composer = $composer, sourceInformation = "CC(remember):TradingChart2.kt#9igjgp")
                                    }
                                    val tmp2_group: Function0<Unit> = cache<Function0<Unit>>(/* <this> = $composer, */ invalid = false, block = { // BLOCK
                                      local fun <anonymous>(): Function0<Unit> {
                                        return { // BLOCK
                                          local fun <anonymous>(): Unit? {
                                            resetInactivityTimer()
                                            <set-showModifyModal>(<set-?> = true)
                                          }

                                          <jvm-indy-lambda-metafactory><Function0<Unit>>(samMethodType = &error("") /* ERROR: unsupported element type: IrRawFunctionReferenceImpl */
, implMethodReference = TradingChart2Kt::<anonymous>, instantiatedMethodType = &error("") /* ERROR: unsupported element type: IrRawFunctionReferenceImpl */
, extraOverriddenMethodTypes = [], shouldBeSerializable = false)
                                        }
                                      }

                                      TradingChart2Kt::<anonymous>
                                    })
                                    $composer.endReplaceableGroup()
                                    tmp2_group
                                  }), */ all = <get-dp>(/* <this> = 2 */)), contentAlignment = // COMPOSITE {
                                  null
                                  // }, propagateMinConstraints = // COMPOSITE {
                                  false
                                  // }, content = { // BLOCK
                                    @Composable
                                    @ComposableTarget(applier = "androidx.compose.ui.UiComposable")
                                    local fun BoxScope.<anonymous>(/* var */ $composer: Composer?, $changed: Int) {
                                      { // BLOCK
                                        sourceInformationMarkerStart(composer = $composer, key = 1357122580, sourceInformation = "C714@38415L255:TradingChart2.kt#x6l30d")
                                        // COMPOSITE {
                                        { // BLOCK
                                          val tmp0_imageVector: ImageVector = <get-MoreHoriz>(/* <this> = Icons.<get-Default>() */)
                                          val tmp1_tint: Color = Color(color = 4291941596L)
                                          val tmp2_modifier: Modifier = size(/* <this> = Companion, */ size = <get-dp>(/* <this> = 20 */))
                                          Icon(imageVector = tmp0_imageVector, contentDescription = "More", modifier = tmp2_modifier, tint = tmp1_tint, $composer = $composer, $changed = 3504, $default = 0)
                                        }
                                        // }
                                        sourceInformationMarkerEnd(composer = $composer)
                                      }
                                    }

                                    ::<anonymous>
                                  }, $composer = $composer, $changed = 0, $default = 6)
                                  // }
                                  sourceInformationMarkerEnd(composer = $composer)
                                }
                              }

                              ::<anonymous>
                            }, $composer = $composer, $changed = 390, $default = 2)
                          }
                          // }
                          sourceInformationMarkerEnd(composer = $composer)
                        }
                      }

                      ::<anonymous>
                    }, $composer = $composer, $changed = 0, $default = 6)
                  }
                  $composer.endReplaceableGroup()
                }
                else -> { // BLOCK
                  $composer.startReplaceableGroup(key = -1808502795)
                  $composer.endReplaceableGroup()
                  { // BLOCK
                  }
                }
              }
              when {
                <get-showModifyModal>() -> { // BLOCK
                  { // BLOCK
                    $composer.startReplaceableGroup(key = -1769968555)
                    sourceInformation(composer = $composer, sourceInformation = "737@39307L201,743@39537L27,727@38834L744")
                  }
                  { // BLOCK
                    ModifyTpSlModal(symbol = symbol, qty = <get-lotSize>(), entryPrice = { // BLOCK
                      val tmp1_elvis_lhs: Float? = { // BLOCK
                        val tmp0_safe_receiver: SymbolQuote? = <get-currentLiveQuote>()
                        when {
                          EQEQ(arg0 = tmp0_safe_receiver, arg1 = null) -> null
                          else -> tmp0_safe_receiver.<get-lastPrice>()
                        }
                      }
                      when {
                        EQEQ(arg0 = tmp1_elvis_lhs, arg1 = null) -> 0.0F
                        else -> tmp1_elvis_lhs
                      }
                    }, lastTradedPrice = { // BLOCK
                      val tmp3_elvis_lhs: Float? = { // BLOCK
                        val tmp2_safe_receiver: SymbolQuote? = <get-currentLiveQuote>()
                        when {
                          EQEQ(arg0 = tmp2_safe_receiver, arg1 = null) -> null
                          else -> tmp2_safe_receiver.<get-lastPrice>()
                        }
                      }
                      when {
                        EQEQ(arg0 = tmp3_elvis_lhs, arg1 = null) -> 0.0F
                        else -> tmp3_elvis_lhs
                      }
                    }, isBuy = true, initialTp = <get-tpPrice>(), initialSl = <get-slPrice>(), initialPartialOrders = <get-pendingPartialOrders>(), currentPrice = { // BLOCK
                      val tmp5_elvis_lhs: Float? = { // BLOCK
                        val tmp4_safe_receiver: SymbolQuote? = <get-currentLiveQuote>()
                        when {
                          EQEQ(arg0 = tmp4_safe_receiver, arg1 = null) -> null
                          else -> tmp4_safe_receiver.<get-lastPrice>()
                        }
                      }
                      when {
                        EQEQ(arg0 = tmp5_elvis_lhs, arg1 = null) -> 0.0F
                        else -> tmp5_elvis_lhs
                      }
                    }, onConfirm = { // BLOCK
                      { // BLOCK
                        $composer.startReplaceableGroup(key = -1224400529)
                        sourceInformation(composer = $composer, sourceInformation = "CC(remember):TradingChart2.kt#9igjgp")
                      }
                      val tmp2_group: Function3<Float?, Float?, List<PartialOrder>, Unit> = cache<Function3<Float?, Float?, List<PartialOrder>, Unit>>(/* <this> = $composer, */ invalid = false, block = { // BLOCK
                        local fun <anonymous>(): Function3<Float?, Float?, List<PartialOrder>, Unit> {
                          return { // BLOCK
                            local fun <anonymous>(tp: Float?, sl: Float?, partials: List<PartialOrder>): Unit? {
                              <set-tpPrice>(<set-?> = tp)
                              <set-slPrice>(<set-?> = sl)
                              <set-pendingPartialOrders>(<set-?> = partials)
                              <set-showModifyModal>(<set-?> = false)
                            }

                            <jvm-indy-lambda-metafactory><Function3<Float?, Float?, List<PartialOrder>, Unit>>(samMethodType = &error("") /* ERROR: unsupported element type: IrRawFunctionReferenceImpl */
, implMethodReference = TradingChart2Kt::<anonymous>, instantiatedMethodType = &error("") /* ERROR: unsupported element type: IrRawFunctionReferenceImpl */
, extraOverriddenMethodTypes = [], shouldBeSerializable = false)
                          }
                        }

                        TradingChart2Kt::<anonymous>
                      })
                      $composer.endReplaceableGroup()
                      tmp2_group
                    }, onCancel = { // BLOCK
                      { // BLOCK
                        $composer.startReplaceableGroup(key = 5004770)
                        sourceInformation(composer = $composer, sourceInformation = "CC(remember):TradingChart2.kt#9igjgp")
                      }
                      val tmp3_group: Function0<Unit> = cache<Function0<Unit>>(/* <this> = $composer, */ invalid = false, block = { // BLOCK
                        local fun <anonymous>(): Function0<Unit> {
                          return { // BLOCK
                            local fun <anonymous>(): Unit? {
                              <set-showModifyModal>(<set-?> = false)
                            }

                            <jvm-indy-lambda-metafactory><Function0<Unit>>(samMethodType = &error("") /* ERROR: unsupported element type: IrRawFunctionReferenceImpl */
, implMethodReference = TradingChart2Kt::<anonymous>, instantiatedMethodType = &error("") /* ERROR: unsupported element type: IrRawFunctionReferenceImpl */
, extraOverriddenMethodTypes = [], shouldBeSerializable = false)
                          }
                        }

                        TradingChart2Kt::<anonymous>
                      })
                      $composer.endReplaceableGroup()
                      tmp3_group
                    }, $composer = $composer, $changed = 805330944.or(other = 14.and(other = $dirty)), $changed1 = 6, $default = 0)
                  }
                  $composer.endReplaceableGroup()
                }
                else -> { // BLOCK
                  $composer.startReplaceableGroup(key = -1808502795)
                  $composer.endReplaceableGroup()
                  { // BLOCK
                  }
                }
              }
              when {
                EQEQ(arg0 = <get-selectedPositionToModify>(), arg1 = null).not() -> { // BLOCK
                  { // BLOCK
                    $composer.startReplaceableGroup(key = -1769067261)
                    sourceInformation(composer = $composer, sourceInformation = "760@40267L1399,789@41695L35,750@39751L1993")
                  }
                  { // BLOCK
                    val pos: Position = CHECK_NOT_NULL<Position>(arg0 = <get-selectedPositionToModify>())
                    ModifyTpSlModal(symbol = pos.<get-symbol>(), qty = pos.<get-volume>().toString(), entryPrice = pos.<get-entryPrice>(), lastTradedPrice = { // BLOCK
                      val tmp7_elvis_lhs: Float? = { // BLOCK
                        val tmp6_safe_receiver: SymbolQuote? = <get-currentLiveQuote>()
                        when {
                          EQEQ(arg0 = tmp6_safe_receiver, arg1 = null) -> null
                          else -> tmp6_safe_receiver.<get-lastPrice>()
                        }
                      }
                      when {
                        EQEQ(arg0 = tmp7_elvis_lhs, arg1 = null) -> pos.<get-entryPrice>()
                        else -> tmp7_elvis_lhs
                      }
                    }, isBuy = equals(/* <this> = pos.<get-type>(), */ other = "buy", ignoreCase = true), initialTp = pos.<get-tp>(), initialSl = pos.<get-sl>(), initialPartialOrders = pos.<get-partialOrders>(), currentPrice = { // BLOCK
                      val tmp9_elvis_lhs: Float? = { // BLOCK
                        val tmp8_safe_receiver: SymbolQuote? = <get-currentLiveQuote>()
                        when {
                          EQEQ(arg0 = tmp8_safe_receiver, arg1 = null) -> null
                          else -> tmp8_safe_receiver.<get-lastPrice>()
                        }
                      }
                      when {
                        EQEQ(arg0 = tmp9_elvis_lhs, arg1 = null) -> 0.0F
                        else -> tmp9_elvis_lhs
                      }
                    }, onConfirm = { // BLOCK
                      { // BLOCK
                        $composer.startReplaceableGroup(key = -1224400529)
                        sourceInformation(composer = $composer, sourceInformation = "CC(remember):TradingChart2.kt#9igjgp")
                      }
                      val tmp4_group: Function3<Float?, Float?, List<PartialOrder>, Unit> = cache<Function3<Float?, Float?, List<PartialOrder>, Unit>>(/* <this> = $composer, */ invalid = $composer.changedInstance(value = pos).or(other = EQEQ(arg0 = $dirty6.and(other = 112), arg1 = 32)).or(other = EQEQ(arg0 = $dirty8.and(other = 14), arg1 = 4)), block = { // BLOCK
                        local fun <anonymous>(): Function3<Float?, Float?, List<PartialOrder>, Unit> {
                          return { // BLOCK
                            local fun <anonymous>(tp: Float?, sl: Float?, partials: List<PartialOrder>): Unit? {
                              val oldTp: Float? = pos.<get-tp>()
                              val oldSl: Float? = pos.<get-sl>()
                              onPositionUpdate.invoke(p1 = pos.copy(tp = tp, sl = sl, partialOrders = partials))
                              when {
                                when {
                                  EQEQ(arg0 = tp, arg1 = null).not() -> ieee754equals(arg0 = tp, arg1 = oldTp).not()
                                  else -> false
                                } -> { // BLOCK
                                  val notification: TradeNotification = TradeNotification(symbol = pos.<get-symbol>(), volume = pos.<get-volume>(), price = tp, isBuy = equals(/* <this> = pos.<get-type>(), */ other = "buy", ignoreCase = true), type = "tp_placed")
                                  onTradeNotification /*as Function1<TradeNotification, Unit> */.invoke(p1 = notification)
                                  tradeNotifications.add(element = notification)
                                } /*~> Unit */
                              }
                              when {
                                when {
                                  EQEQ(arg0 = sl, arg1 = null).not() -> ieee754equals(arg0 = sl, arg1 = oldSl).not()
                                  else -> false
                                } -> { // BLOCK
                                  val notification: TradeNotification = TradeNotification(symbol = pos.<get-symbol>(), volume = pos.<get-volume>(), price = sl, isBuy = equals(/* <this> = pos.<get-type>(), */ other = "buy", ignoreCase = true), type = "sl_placed")
                                  onTradeNotification /*as Function1<TradeNotification, Unit> */.invoke(p1 = notification)
                                  tradeNotifications.add(element = notification)
                                } /*~> Unit */
                              }
                              <set-selectedPositionToModify>(<set-?> = null)
                            }

                            <jvm-indy-lambda-metafactory><Function3<Float?, Float?, List<PartialOrder>, Unit>>(samMethodType = &error("") /* ERROR: unsupported element type: IrRawFunctionReferenceImpl */
, implMethodReference = TradingChart2Kt::<anonymous>, instantiatedMethodType = &error("") /* ERROR: unsupported element type: IrRawFunctionReferenceImpl */
, extraOverriddenMethodTypes = [], shouldBeSerializable = false)
                          }
                        }

                        TradingChart2Kt::<anonymous>
                      })
                      $composer.endReplaceableGroup()
                      tmp4_group
                    }, onCancel = { // BLOCK
                      { // BLOCK
                        $composer.startReplaceableGroup(key = 5004770)
                        sourceInformation(composer = $composer, sourceInformation = "CC(remember):TradingChart2.kt#9igjgp")
                      }
                      val tmp5_group: Function0<Unit> = cache<Function0<Unit>>(/* <this> = $composer, */ invalid = false, block = { // BLOCK
                        local fun <anonymous>(): Function0<Unit> {
                          return { // BLOCK
                            local fun <anonymous>(): Unit? {
                              <set-selectedPositionToModify>(<set-?> = null)
                            }

                            <jvm-indy-lambda-metafactory><Function0<Unit>>(samMethodType = &error("") /* ERROR: unsupported element type: IrRawFunctionReferenceImpl */
, implMethodReference = TradingChart2Kt::<anonymous>, instantiatedMethodType = &error("") /* ERROR: unsupported element type: IrRawFunctionReferenceImpl */
, extraOverriddenMethodTypes = [], shouldBeSerializable = false)
                          }
                        }

                        TradingChart2Kt::<anonymous>
                      })
                      $composer.endReplaceableGroup()
                      tmp5_group
                    }, $composer = $composer, $changed = 0, $changed1 = 6, $default = 0)
                  }
                  $composer.endReplaceableGroup()
                }
                else -> { // BLOCK
                  $composer.startReplaceableGroup(key = -1808502795)
                  $composer.endReplaceableGroup()
                  { // BLOCK
                  }
                }
              }
              Box(modifier = padding(/* <this> = fillMaxSize(/* <this> = Companion */), */ bottom = <get-dp>(/* <this> = 40 */)), contentAlignment = Companion.<get-BottomStart>(), propagateMinConstraints = // COMPOSITE {
              false
              // }, content = { // BLOCK
                @Composable
                @ComposableTarget(applier = "androidx.compose.ui.UiComposable")
                local fun BoxScope.<anonymous>(/* var */ $composer: Composer?, $changed: Int) {
                  { // BLOCK
                    sourceInformationMarkerStart(composer = $composer, key = 1200656760, sourceInformation = "C800@42007L3544:TradingChart2.kt#x6l30d")
                    // COMPOSITE {
                    { // BLOCK
                      val tmp0_modifier: Modifier = padding(/* <this> = fillMaxWidth(/* <this> = Companion */), */ horizontal = <get-dp>(/* <this> = 8 */), vertical = <get-dp>(/* <this> = 8 */))
                      val tmp1_horizontalAlignment: Horizontal = Companion.<get-Start>()
                      val tmp2_verticalArrangement: HorizontalOrVertical = Arrangement.spacedBy(space = <get-dp>(/* <this> = 4 */))
                      Column(modifier = tmp0_modifier, verticalArrangement = tmp2_verticalArrangement, horizontalAlignment = tmp1_horizontalAlignment, content = { // BLOCK
                        @Composable
                        @ComposableTarget(applier = "androidx.compose.ui.UiComposable")
                        local fun ColumnScope.<anonymous>(/* var */ $composer: Composer?, $changed: Int) {
                          { // BLOCK
                            sourceInformationMarkerStart(composer = $composer, key = -966437638, sourceInformation = "C:TradingChart2.kt#x6l30d")
                            // COMPOSITE {
                            when {
                              isNotEmpty<TradeNotification>(/* <this> = tradeNotifications */) -> { // BLOCK
                                { // BLOCK
                                  $composer.startReplaceableGroup(key = -966420868)
                                  sourceInformation(composer = $composer, sourceInformation = "815@42721L229,809@42406L2507")
                                }
                                { // BLOCK
                                  Row(modifier = padding(/* <this> = clickable(/* <this> = background(/* <this> = clip(/* <this> = padding(/* <this> = $this$Column.align(/* <this> = Companion, */ alignment = Companion.<get-End>()), */ horizontal = <get-dp>(/* <this> = 12 */)), */ shape = RoundedCornerShape(size = <get-dp>(/* <this> = 12 */))), */ color = Color(color = 4280624421L)), */ onClick = { // BLOCK
                                    { // BLOCK
                                      $composer.startReplaceableGroup(key = -1633490746)
                                      sourceInformation(composer = $composer, sourceInformation = "CC(remember):TradingChart2.kt#9igjgp")
                                    }
                                    val tmp0_group: Function0<Unit> = cache<Function0<Unit>>(/* <this> = $composer, */ invalid = false, block = { // BLOCK
                                      local fun <anonymous>(): Function0<Unit> {
                                        return { // BLOCK
                                          local fun <anonymous>(): Unit? {
                                            when {
                                              isNotEmpty<TradeNotification>(/* <this> = tradeNotifications */) -> { // BLOCK
                                                notificationsToDismiss.add(element = last<TradeNotification>(/* <this> = tradeNotifications */).<get-id>())
                                              } /*~> Unit */
                                            }
                                          }

                                          <jvm-indy-lambda-metafactory><Function0<Unit>>(samMethodType = &error("") /* ERROR: unsupported element type: IrRawFunctionReferenceImpl */
, implMethodReference = TradingChart2Kt::<anonymous>, instantiatedMethodType = &error("") /* ERROR: unsupported element type: IrRawFunctionReferenceImpl */
, extraOverriddenMethodTypes = [], shouldBeSerializable = false)
                                        }
                                      }

                                      TradingChart2Kt::<anonymous>
                                    })
                                    $composer.endReplaceableGroup()
                                    tmp0_group
                                  }), */ horizontal = <get-dp>(/* <this> = 10 */), vertical = <get-dp>(/* <this> = 6 */)), horizontalArrangement = // COMPOSITE {
                                  null
                                  // }, verticalAlignment = Companion.<get-CenterVertically>(), content = { // BLOCK
                                    @Composable
                                    @ComposableTarget(applier = "androidx.compose.ui.UiComposable")
                                    local fun RowScope.<anonymous>(/* var */ $composer: Composer?, $changed: Int) {
                                      { // BLOCK
                                        sourceInformationMarkerStart(composer = $composer, key = 1640885353, sourceInformation = "C823@43145L233,829@43403L39,830@43467L633,844@44125L39,846@44239L229,845@44189L702:TradingChart2.kt#x6l30d")
                                        // COMPOSITE {
                                        Text(text = "Show less", modifier = // COMPOSITE {
                                        null
                                        // }, color = Companion.<get-White>(), fontSize = <get-sp>(/* <this> = 12 */), fontStyle = // COMPOSITE {
                                        null
                                        // }, fontWeight = Companion.<get-Medium>(), fontFamily = // COMPOSITE {
                                        null
                                        // }, letterSpacing = // COMPOSITE {
                                        <unsafe-coerce><Long, TextUnit>(v = 0L)
                                        // }, textDecoration = // COMPOSITE {
                                        null
                                        // }, textAlign = // COMPOSITE {
                                        null
                                        // }, lineHeight = // COMPOSITE {
                                        <unsafe-coerce><Long, TextUnit>(v = 0L)
                                        // }, overflow = // COMPOSITE {
                                        <unsafe-coerce><Int, TextOverflow>(v = 0)
                                        // }, softWrap = // COMPOSITE {
                                        false
                                        // }, maxLines = // COMPOSITE {
                                        0
                                        // }, minLines = // COMPOSITE {
                                        0
                                        // }, onTextLayout = // COMPOSITE {
                                        null
                                        // }, style = // COMPOSITE {
                                        null
                                        // }, $composer = $composer, $changed = 200070, $changed1 = 0, $default = 131026)
                                        Spacer(modifier = width(/* <this> = Companion, */ width = <get-dp>(/* <this> = 6 */)), $composer = $composer, $changed = 6)
                                        Box(modifier = background(/* <this> = clip(/* <this> = size(/* <this> = Companion, */ size = <get-dp>(/* <this> = 18 */)), */ shape = <get-CircleShape>()), */ color = Color(color = 4286086022L)), contentAlignment = Companion.<get-Center>(), propagateMinConstraints = // COMPOSITE {
                                        false
                                        // }, content = { // BLOCK
                                          @Composable
                                          @ComposableTarget(applier = "androidx.compose.ui.UiComposable")
                                          local fun BoxScope.<anonymous>(/* var */ $composer: Composer?, $changed: Int) {
                                            { // BLOCK
                                              sourceInformationMarkerStart(composer = $composer, key = -2021839133, sourceInformation = "C837@43800L274:TradingChart2.kt#x6l30d")
                                              // COMPOSITE {
                                              Text(text = tradeNotifications.<get-size>().toString(), modifier = // COMPOSITE {
                                              null
                                              // }, color = Companion.<get-White>(), fontSize = <get-sp>(/* <this> = 10 */), fontStyle = // COMPOSITE {
                                              null
                                              // }, fontWeight = Companion.<get-Bold>(), fontFamily = // COMPOSITE {
                                              null
                                              // }, letterSpacing = // COMPOSITE {
                                              <unsafe-coerce><Long, TextUnit>(v = 0L)
                                              // }, textDecoration = // COMPOSITE {
                                              null
                                              // }, textAlign = // COMPOSITE {
                                              null
                                              // }, lineHeight = // COMPOSITE {
                                              <unsafe-coerce><Long, TextUnit>(v = 0L)
                                              // }, overflow = // COMPOSITE {
                                              <unsafe-coerce><Int, TextOverflow>(v = 0)
                                              // }, softWrap = // COMPOSITE {
                                              false
                                              // }, maxLines = // COMPOSITE {
                                              0
                                              // }, minLines = // COMPOSITE {
                                              0
                                              // }, onTextLayout = // COMPOSITE {
                                              null
                                              // }, style = // COMPOSITE {
                                              null
                                              // }, $composer = $composer, $changed = 200064, $changed1 = 0, $default = 131026)
                                              // }
                                              sourceInformationMarkerEnd(composer = $composer)
                                            }
                                          }

                                          ::<anonymous>
                                        }, $composer = $composer, $changed = 48, $default = 4)
                                        Spacer(modifier = width(/* <this> = Companion, */ width = <get-dp>(/* <this> = 8 */)), $composer = $composer, $changed = 6)
                                        IconButton(onClick = { // BLOCK
                                          { // BLOCK
                                            $composer.startReplaceableGroup(key = -1633490746)
                                            sourceInformation(composer = $composer, sourceInformation = "CC(remember):TradingChart2.kt#9igjgp")
                                          }
                                          val tmp0_group: Function0<Unit> = cache<Function0<Unit>>(/* <this> = $composer, */ invalid = false, block = { // BLOCK
                                            local fun <anonymous>(): Function0<Unit> {
                                              return { // BLOCK
                                                local fun <anonymous>(): Unit? {
                                                  when {
                                                    isNotEmpty<TradeNotification>(/* <this> = tradeNotifications */) -> { // BLOCK
                                                      notificationsToDismiss.add(element = last<TradeNotification>(/* <this> = tradeNotifications */).<get-id>())
                                                    } /*~> Unit */
                                                  }
                                                }

                                                <jvm-indy-lambda-metafactory><Function0<Unit>>(samMethodType = &error("") /* ERROR: unsupported element type: IrRawFunctionReferenceImpl */
, implMethodReference = TradingChart2Kt::<anonymous>, instantiatedMethodType = &error("") /* ERROR: unsupported element type: IrRawFunctionReferenceImpl */
, extraOverriddenMethodTypes = [], shouldBeSerializable = false)
                                              }
                                            }

                                            TradingChart2Kt::<anonymous>
                                          })
                                          $composer.endReplaceableGroup()
                                          tmp0_group
                                        }, modifier = size(/* <this> = Companion, */ size = <get-dp>(/* <this> = 20 */)), enabled = // COMPOSITE {
                                        false
                                        // }, colors = // COMPOSITE {
                                        null
                                        // }, interactionSource = // COMPOSITE {
                                        null
                                        // }, content = ComposableSingletons$TradingChart2Kt.<get-lambda$483632165>(), $composer = $composer, $changed = 196662, $default = 28)
                                        // }
                                        sourceInformationMarkerEnd(composer = $composer)
                                      }
                                    }

                                    ::<anonymous>
                                  }, $composer = $composer, $changed = 384, $default = 2)
                                }
                                $composer.endReplaceableGroup()
                              }
                              else -> { // BLOCK
                                $composer.startReplaceableGroup(key = -1008505383)
                                $composer.endReplaceableGroup()
                                { // BLOCK
                                }
                              }
                            }
                            { // BLOCK
                              // COMPOSITE {
                              { // BLOCK
                                $composer.startReplaceableGroup(key = 800191479)
                                sourceInformation(composer = $composer, sourceInformation = "")
                              }
                              // }
                              forEach<TradeNotification>(/* <this> = reversed<TradeNotification>(/* <this> = tradeNotifications */), */ action = { // BLOCK
                                local fun <anonymous>(notification: TradeNotification) {
                                  { // BLOCK
                                    // COMPOSITE {
                                    // }
                                    { // BLOCK
                                      $composer.startMovableGroup(key = 1443093711, dataKey = notification.<get-id>())
                                      sourceInformation(composer = $composer, sourceInformation = "868@45288L183,865@45072L425")
                                    }
                                    // COMPOSITE {
                                    TradeNotificationPopup(notification = notification, modifier = // COMPOSITE {
                                    null
                                    // }, dismissTrigger = notificationsToDismiss.contains(element = notification.<get-id>()), onDismiss = { // BLOCK
                                      { // BLOCK
                                        $composer.startReplaceableGroup(key = -1746271574)
                                        sourceInformation(composer = $composer, sourceInformation = "CC(remember):TradingChart2.kt#9igjgp")
                                      }
                                      val tmp0_group: Function0<Unit> = cache<Function0<Unit>>(/* <this> = $composer, */ invalid = $composer.changed(value = notification), block = { // BLOCK
                                        local fun <anonymous>(): Function0<Unit> {
                                          return { // BLOCK
                                            local fun <anonymous>(): Unit? {
                                              tradeNotifications.remove(element = notification) /*~> Unit */
                                              notificationsToDismiss.remove(element = notification.<get-id>()) /*~> Unit */
                                            }

                                            <jvm-indy-lambda-metafactory><Function0<Unit>>(samMethodType = &error("") /* ERROR: unsupported element type: IrRawFunctionReferenceImpl */
, implMethodReference = TradingChart2Kt::<anonymous>, instantiatedMethodType = &error("") /* ERROR: unsupported element type: IrRawFunctionReferenceImpl */
, extraOverriddenMethodTypes = [], shouldBeSerializable = false)
                                          }
                                        }

                                        TradingChart2Kt::<anonymous>
                                      })
                                      $composer.endReplaceableGroup()
                                      tmp0_group
                                    }, $composer = $composer, $changed = 0, $default = 2)
                                    // }
                                    $composer.endMovableGroup()
                                    // COMPOSITE {
                                    // }
                                  }
                                }

                                TradingChart2Kt::<anonymous>
                              })
                              // COMPOSITE {
                              $composer.endReplaceableGroup()
                              // }
                            }
                            // }
                            sourceInformationMarkerEnd(composer = $composer)
                          }
                        }

                        ::<anonymous>
                      }, $composer = $composer, $changed = 438, $default = 0)
                    }
                    // }
                    sourceInformationMarkerEnd(composer = $composer)
                  }
                }

                ::<anonymous>
              }, $composer = $composer, $changed = 54, $default = 4)
              // }
              sourceInformationMarkerEnd(composer = $composer)
            }
          }

          ::<anonymous>
        }, $composer = $composer, $changed = 6, $default = 6)
        when {
          isTraceInProgress() -> traceEventEnd()
        }
      }
      else -> $composer.skipToGroupEnd()
    }
    { // BLOCK
      { // BLOCK
        val tmp46_safe_receiver: ScopeUpdateScope? = $composer.endRestartGroup()
        when {
          EQEQ(arg0 = tmp46_safe_receiver, arg1 = null) -> null
          else -> tmp46_safe_receiver.updateScope(block = { // BLOCK
            local fun <anonymous>($composer: Composer?, $force: Int): Unit? {
              return TradingChart2(symbol = symbol, timeframe = timeframe, style = style, chartSettings = chartSettings, drawings = drawings, onDrawingUpdate = onDrawingUpdate, activeTool = activeTool, onToolReset = onToolReset, showRsi = showRsi, rsiPeriod = rsiPeriod, showEma10 = showEma10, ema10Period = ema10Period, showEma20 = showEma20, ema20Period = ema20Period, showSma1 = showSma1, sma1Period = sma1Period, showSma2 = showSma2, sma2Period = sma2Period, showVwap = showVwap, showBb = showBb, bbPeriod = bbPeriod, bbStdDev = bbStdDev, showAtr = showAtr, atrPeriod = atrPeriod, showMacd = showMacd, macdFast = macdFast, macdSlow = macdSlow, macdSignal = macdSignal, showVolume = showVolume, showVolumeMa = showVolumeMa, volumeMaLength = volumeMaLength, volumeMaColor = volumeMaColor, volumeGrowingColor = volumeGrowingColor, volumeFallingColor = volumeFallingColor, volumeColorBasedOnPreviousClose = volumeColorBasedOnPreviousClose, isCrosshairActive = isCrosshairActive, onCrosshairToggle = onCrosshairToggle, onVolumeToggle = onVolumeToggle, onIndicatorSettingsClick = onIndicatorSettingsClick, chartFeedType = chartFeedType, binanceMarketType = binanceMarketType, providerChartData = providerChartData, isMagnetEnabled = isMagnetEnabled, isLocked = isLocked, isVisible = isVisible, selectedCurrency = selectedCurrency, onCurrencyClick = onCurrencyClick, isFullscreen = isFullscreen, onFullscreenExit = onFullscreenExit, scrollToTimestamp = scrollToTimestamp, onScrollDone = onScrollDone, onLongPress = onLongPress, onSettingsClick = onSettingsClick, showCurrencySelector = showCurrencySelector, showSettingsButton = showSettingsButton, onDataLoaded = onDataLoaded, selectedTimeZone = selectedTimeZone, onQuoteUpdate = onQuoteUpdate, onAnyQuoteUpdate = onAnyQuoteUpdate, watchlistSymbols = watchlistSymbols, positions = positions, onPositionUpdate = onPositionUpdate, onPositionDelete = onPositionDelete, onAccountUpdate = onAccountUpdate, onPlaceOrder = onPlaceOrder, onPositionsUpdate = onPositionsUpdate, orders = orders, onOrdersUpdate = onOrdersUpdate, onHistoryOrdersUpdate = onHistoryOrdersUpdate, onBalanceHistoryUpdate = onBalanceHistoryUpdate, onCalendarUpdate = onCalendarUpdate, isCalendarVisible = isCalendarVisible, calendarRequestDateIso = calendarRequestDateIso, calendarRequestVersion = calendarRequestVersion, isNewsVisible = isNewsVisible, onNewsUpdate = onNewsUpdate, onSymbolsUpdate = onSymbolsUpdate, isTradingBarVisible = isTradingBarVisible, reverseBridge = reverseBridge, cTraderService = cTraderService, onTradeNotification = onTradeNotification, onRsiToggle = onRsiToggle, onEma10Toggle = onEma10Toggle, onEma20Toggle = onEma20Toggle, onSma1Toggle = onSma1Toggle, onSma2Toggle = onSma2Toggle, onVwapToggle = onVwapToggle, onBbToggle = onBbToggle, onAtrToggle = onAtrToggle, onMacdToggle = onMacdToggle, rsiShowLabels = rsiShowLabels, rsiShowLines = rsiShowLines, ema10ShowLabels = ema10ShowLabels, ema10ShowLines = ema10ShowLines, ema20ShowLabels = ema20ShowLabels, ema20ShowLines = ema20ShowLines, sma1ShowLabels = sma1ShowLabels, sma1ShowLines = sma1ShowLines, sma2ShowLabels = sma2ShowLabels, sma2ShowLines = sma2ShowLines, vwapShowLabels = vwapShowLabels, vwapShowLines = vwapShowLines, bbShowLabels = bbShowLabels, bbShowLines = bbShowLines, atrShowLabels = atrShowLabels, atrShowLines = atrShowLines, macdShowLabels = macdShowLabels, macdShowLines = macdShowLines, volumeShowLabels = volumeShowLabels, volumeShowLines = volumeShowLines, selectedIndicatorId = selectedIndicatorId, onSelectedIndicatorIdChange = onSelectedIndicatorIdChange, onIndicatorDataUpdate = onIndicatorDataUpdate, $composer = $composer, $changed = updateChangedFlags(flags = $changed.or(other = 1)), $changed1 = updateChangedFlags(flags = $changed1), $changed2 = updateChangedFlags(flags = $changed2), $changed3 = updateChangedFlags(flags = $changed3), $changed4 = updateChangedFlags(flags = $changed4), $changed5 = updateChangedFlags(flags = $changed5), $changed6 = updateChangedFlags(flags = $changed6), $changed7 = updateChangedFlags(flags = $changed7), $changed8 = updateChangedFlags(flags = $changed8), $changed9 = updateChangedFlags(flags = $changed9), $changed10 = updateChangedFlags(flags = $changed10), $changed11 = updateChangedFlags(flags = $changed11), $default = $default, $default1 = $default1, $default2 = $default2, $default3 = $default3)
            }

            <jvm-indy-lambda-metafactory><Function2<Composer?, Int, Unit>>(samMethodType = &error("") /* ERROR: unsupported element type: IrRawFunctionReferenceImpl */
, implMethodReference = TradingChart2Kt::<anonymous>, instantiatedMethodType = &error("") /* ERROR: unsupported element type: IrRawFunctionReferenceImpl */
, extraOverriddenMethodTypes = [], shouldBeSerializable = false)
          })
        }
      }
    }
  }

  @OptIn(markerClass = [ExperimentalMaterial3Api::class])
  @Composable
  @ComposableTarget(applier = "androidx.compose.ui.UiComposable")
  /* static */ fun ModifyTpSlModal(symbol: String, qty: String, entryPrice: Float, lastTradedPrice: Float, /* var */ isBuy: Boolean, /* var */ initialTp: Float?, /* var */ initialSl: Float?, /* var */ initialPartialOrders: List<PartialOrder>?, /* var */ currentPrice: Float, onConfirm: Function3<Float?, Float?, List<PartialOrder>, Unit>, onCancel: Function0<Unit>, /* var */ $composer: Composer?, $changed: Int, $changed1: Int, $default: Int) {
    { // BLOCK
      $composer = $composer.startRestartGroup(key = -829347863)
      sourceInformation(composer = $composer, sourceInformation = "C(ModifyTpSlModal)P(10,9,1,6,5,4,3,2!1,8)895@46022L46,901@46355L74,902@46456L74,903@46558L36,904@46622L36,905@46693L34,906@46762L34,908@46826L86,911@46996L34,912@47057L42,913@47122L36,914@47185L31,915@47243L31,924@47548L59,958@49020L23915:TradingChart2.kt#x6l30d")
    }
    val $dirty: Int = $changed
    val $dirty1: Int = $changed1
    when {
      EQEQ(arg0 = $changed.and(other = 6), arg1 = 0) -> $dirty = $dirty.or(other = when {
        $composer.changed(value = symbol) -> 4
        else -> 2
      })
    }
    when {
      EQEQ(arg0 = $changed.and(other = 48), arg1 = 0) -> $dirty = $dirty.or(other = when {
        $composer.changed(value = qty) -> 32
        else -> 16
      })
    }
    when {
      EQEQ(arg0 = $changed.and(other = 384), arg1 = 0) -> $dirty = $dirty.or(other = when {
        $composer.changed(value = entryPrice) -> 256
        else -> 128
      })
    }
    when {
      EQEQ(arg0 = $changed.and(other = 3072), arg1 = 0) -> $dirty = $dirty.or(other = when {
        $composer.changed(value = lastTradedPrice) -> 2048
        else -> 1024
      })
    }
    when {
      EQEQ(arg0 = $default.and(other = 16), arg1 = 0).not() -> $dirty = $dirty.or(other = 24576)
      EQEQ(arg0 = $changed.and(other = 24576), arg1 = 0) -> $dirty = $dirty.or(other = when {
        $composer.changed(value = isBuy) -> 16384
        else -> 8192
      })
    }
    when {
      EQEQ(arg0 = $default.and(other = 32), arg1 = 0).not() -> $dirty = $dirty.or(other = 196608)
      EQEQ(arg0 = $changed.and(other = 196608), arg1 = 0) -> $dirty = $dirty.or(other = when {
        $composer.changed(value = initialTp) -> 131072
        else -> 65536
      })
    }
    when {
      EQEQ(arg0 = $default.and(other = 64), arg1 = 0).not() -> $dirty = $dirty.or(other = 1572864)
      EQEQ(arg0 = $changed.and(other = 1572864), arg1 = 0) -> $dirty = $dirty.or(other = when {
        $composer.changed(value = initialSl) -> 1048576
        else -> 524288
      })
    }
    when {
      EQEQ(arg0 = $default.and(other = 128), arg1 = 0).not() -> $dirty = $dirty.or(other = 12582912)
      EQEQ(arg0 = $changed.and(other = 12582912), arg1 = 0) -> $dirty = $dirty.or(other = when {
        $composer.changedInstance(value = initialPartialOrders) -> 8388608
        else -> 4194304
      })
    }
    when {
      EQEQ(arg0 = $default.and(other = 256), arg1 = 0).not() -> $dirty = $dirty.or(other = 100663296)
      EQEQ(arg0 = $changed.and(other = 100663296), arg1 = 0) -> $dirty = $dirty.or(other = when {
        $composer.changed(value = currentPrice) -> 67108864
        else -> 33554432
      })
    }
    when {
      EQEQ(arg0 = $changed.and(other = 805306368), arg1 = 0) -> $dirty = $dirty.or(other = when {
        $composer.changedInstance(value = onConfirm) -> 536870912
        else -> 268435456
      })
    }
    when {
      EQEQ(arg0 = $changed1.and(other = 6), arg1 = 0) -> $dirty1 = $dirty1.or(other = when {
        $composer.changedInstance(value = onCancel) -> 4
        else -> 2
      })
    }
    when {
      when {
        when {
          EQEQ(arg0 = $dirty.and(other = 306783379), arg1 = 306783378).not() -> true
          else -> EQEQ(arg0 = $dirty1.and(other = 3), arg1 = 2).not()
        } -> true
        else -> $composer.<get-skipping>().not()
      } -> { // BLOCK
        when {
          EQEQ(arg0 = $default.and(other = 16), arg1 = 0).not() -> isBuy = true
        }
        when {
          EQEQ(arg0 = $default.and(other = 32), arg1 = 0).not() -> initialTp = null
        }
        when {
          EQEQ(arg0 = $default.and(other = 64), arg1 = 0).not() -> initialSl = null
        }
        when {
          EQEQ(arg0 = $default.and(other = 128), arg1 = 0).not() -> initialPartialOrders = emptyList<PartialOrder>()
        }
        when {
          EQEQ(arg0 = $default.and(other = 256), arg1 = 0).not() -> currentPrice = 0.0F
        }
        when {
          isTraceInProgress() -> traceEventStart(key = -829347863, dirty1 = $dirty, dirty2 = $dirty1, info = "com.trading.app.components.ModifyTpSlModal (TradingChart2.kt:894)")
        }
        var selectedTab: String
          val selectedTab$delegate: MutableState<String> = { // BLOCK
            { // BLOCK
              $composer.startReplaceableGroup(key = 1849434622)
              sourceInformation(composer = $composer, sourceInformation = "CC(remember):TradingChart2.kt#9igjgp")
            }
            val tmp0_group: MutableState<String> = cache<MutableState<String>>(/* <this> = $composer, */ invalid = false, block = { // BLOCK
              local fun <anonymous>(): MutableState<String> {
                return mutableStateOf<String>(value = "Modify Position")
              }

              TradingChart2Kt::<anonymous>
            })
            $composer.endReplaceableGroup()
            tmp0_group
          }
          local get(): String {
            return getValue<String>(/* <this> = selectedTab$delegate, */ thisObj = null, property = null)
          }
          local set(<set-?>: String) {
            return setValue<String>(/* <this> = selectedTab$delegate, */ thisObj = null, property = null, value = <set-?>)
          }

        val tickSize: Float = when {
          contains(/* <this> = uppercase(/* <this> = symbol */), */ other = "BTC") -> 0.1F
          else -> 1.0E-5F
        }
        val precision: Int = when {
          contains(/* <this> = uppercase(/* <this> = symbol */), */ other = "BTC") -> 1
          else -> 5
        }
        local fun formatPriceValue(price: Float): String {
          return replace(/* <this> = format(/* <this> = Companion, */ format = "%." + precision + "f", args = { // BLOCK
            val tmp0: Array<out Any?> = arrayOfNulls<Any?>(size = 1)
            tmp0.set(index = 0, value = price)
            tmp0
          }), */ oldValue = ",", newValue = ".")
        }

        var tpTriggerPrice: String
          val tpTriggerPrice$delegate: MutableState<String> = { // BLOCK
            { // BLOCK
              $composer.startReplaceableGroup(key = 1849434622)
              sourceInformation(composer = $composer, sourceInformation = "CC(remember):TradingChart2.kt#9igjgp")
            }
            val tmp1_group: MutableState<String> = cache<MutableState<String>>(/* <this> = $composer, */ invalid = false, block = { // BLOCK
              local fun <anonymous>(): MutableState<String> {
                return mutableStateOf<String>(value = { // BLOCK
                  val tmp1_elvis_lhs: String? = { // BLOCK
                    val tmp0_safe_receiver: Float? = initialTp
                    when {
                      EQEQ(arg0 = tmp0_safe_receiver, arg1 = null) -> null
                      else -> let<Float, String>(/* <this> = tmp0_safe_receiver, */ block = { // BLOCK
                        local fun <anonymous>(it: Float): String {
                          return formatPriceValue(price = it)
                        }

                        TradingChart2Kt::<anonymous>
                      })
                    }
                  }
                  when {
                    EQEQ(arg0 = tmp1_elvis_lhs, arg1 = null) -> ""
                    else -> tmp1_elvis_lhs
                  }
                })
              }

              TradingChart2Kt::<anonymous>
            })
            $composer.endReplaceableGroup()
            tmp1_group
          }
          local get(): String {
            return getValue<String>(/* <this> = tpTriggerPrice$delegate, */ thisObj = null, property = null)
          }
          local set(<set-?>: String) {
            return setValue<String>(/* <this> = tpTriggerPrice$delegate, */ thisObj = null, property = null, value = <set-?>)
          }

        var slTriggerPrice: String
          val slTriggerPrice$delegate: MutableState<String> = { // BLOCK
            { // BLOCK
              $composer.startReplaceableGroup(key = 1849434622)
              sourceInformation(composer = $composer, sourceInformation = "CC(remember):TradingChart2.kt#9igjgp")
            }
            val tmp2_group: MutableState<String> = cache<MutableState<String>>(/* <this> = $composer, */ invalid = false, block = { // BLOCK
              local fun <anonymous>(): MutableState<String> {
                return mutableStateOf<String>(value = { // BLOCK
                  val tmp1_elvis_lhs: String? = { // BLOCK
                    val tmp0_safe_receiver: Float? = initialSl
                    when {
                      EQEQ(arg0 = tmp0_safe_receiver, arg1 = null) -> null
                      else -> let<Float, String>(/* <this> = tmp0_safe_receiver, */ block = { // BLOCK
                        local fun <anonymous>(it: Float): String {
                          return formatPriceValue(price = it)
                        }

                        TradingChart2Kt::<anonymous>
                      })
                    }
                  }
                  when {
                    EQEQ(arg0 = tmp1_elvis_lhs, arg1 = null) -> ""
                    else -> tmp1_elvis_lhs
                  }
                })
              }

              TradingChart2Kt::<anonymous>
            })
            $composer.endReplaceableGroup()
            tmp2_group
          }
          local get(): String {
            return getValue<String>(/* <this> = slTriggerPrice$delegate, */ thisObj = null, property = null)
          }
          local set(<set-?>: String) {
            return setValue<String>(/* <this> = slTriggerPrice$delegate, */ thisObj = null, property = null, value = <set-?>)
          }

        var tpSecondaryMode: String
          val tpSecondaryMode$delegate: MutableState<String> = { // BLOCK
            { // BLOCK
              $composer.startReplaceableGroup(key = 1849434622)
              sourceInformation(composer = $composer, sourceInformation = "CC(remember):TradingChart2.kt#9igjgp")
            }
            val tmp3_group: MutableState<String> = cache<MutableState<String>>(/* <this> = $composer, */ invalid = false, block = { // BLOCK
              local fun <anonymous>(): MutableState<String> {
                return mutableStateOf<String>(value = "ticks")
              }

              TradingChart2Kt::<anonymous>
            })
            $composer.endReplaceableGroup()
            tmp3_group
          }
          local get(): String {
            return getValue<String>(/* <this> = tpSecondaryMode$delegate, */ thisObj = null, property = null)
          }
          local set(<set-?>: String) {
            return setValue<String>(/* <this> = tpSecondaryMode$delegate, */ thisObj = null, property = null, value = <set-?>)
          }

        var slSecondaryMode: String
          val slSecondaryMode$delegate: MutableState<String> = { // BLOCK
            { // BLOCK
              $composer.startReplaceableGroup(key = 1849434622)
              sourceInformation(composer = $composer, sourceInformation = "CC(remember):TradingChart2.kt#9igjgp")
            }
            val tmp4_group: MutableState<String> = cache<MutableState<String>>(/* <this> = $composer, */ invalid = false, block = { // BLOCK
              local fun <anonymous>(): MutableState<String> {
                return mutableStateOf<String>(value = "ticks")
              }

              TradingChart2Kt::<anonymous>
            })
            $composer.endReplaceableGroup()
            tmp4_group
          }
          local get(): String {
            return getValue<String>(/* <this> = slSecondaryMode$delegate, */ thisObj = null, property = null)
          }
          local set(<set-?>: String) {
            return setValue<String>(/* <this> = slSecondaryMode$delegate, */ thisObj = null, property = null, value = <set-?>)
          }

        var showTpSecondaryOptions: Boolean
          val showTpSecondaryOptions$delegate: MutableState<Boolean> = { // BLOCK
            { // BLOCK
              $composer.startReplaceableGroup(key = 1849434622)
              sourceInformation(composer = $composer, sourceInformation = "CC(remember):TradingChart2.kt#9igjgp")
            }
            val tmp5_group: MutableState<Boolean> = cache<MutableState<Boolean>>(/* <this> = $composer, */ invalid = false, block = { // BLOCK
              local fun <anonymous>(): MutableState<Boolean> {
                return mutableStateOf<Boolean>(value = false)
              }

              TradingChart2Kt::<anonymous>
            })
            $composer.endReplaceableGroup()
            tmp5_group
          }
          local get(): Boolean {
            return getValue<Boolean>(/* <this> = showTpSecondaryOptions$delegate, */ thisObj = null, property = null)
          }
          local set(<set-?>: Boolean) {
            return setValue<Boolean>(/* <this> = showTpSecondaryOptions$delegate, */ thisObj = null, property = null, value = <set-?>)
          }

        var showSlSecondaryOptions: Boolean
          val showSlSecondaryOptions$delegate: MutableState<Boolean> = { // BLOCK
            { // BLOCK
              $composer.startReplaceableGroup(key = 1849434622)
              sourceInformation(composer = $composer, sourceInformation = "CC(remember):TradingChart2.kt#9igjgp")
            }
            val tmp6_group: MutableState<Boolean> = cache<MutableState<Boolean>>(/* <this> = $composer, */ invalid = false, block = { // BLOCK
              local fun <anonymous>(): MutableState<Boolean> {
                return mutableStateOf<Boolean>(value = false)
              }

              TradingChart2Kt::<anonymous>
            })
            $composer.endReplaceableGroup()
            tmp6_group
          }
          local get(): Boolean {
            return getValue<Boolean>(/* <this> = showSlSecondaryOptions$delegate, */ thisObj = null, property = null)
          }
          local set(<set-?>: Boolean) {
            return setValue<Boolean>(/* <this> = showSlSecondaryOptions$delegate, */ thisObj = null, property = null, value = <set-?>)
          }

        val partialOrders: SnapshotStateList<PartialOrder> = { // BLOCK
          { // BLOCK
            $composer.startReplaceableGroup(key = 1849434622)
            sourceInformation(composer = $composer, sourceInformation = "CC(remember):TradingChart2.kt#9igjgp")
          }
          val tmp7_group: SnapshotStateList<PartialOrder> = cache<SnapshotStateList<PartialOrder>>(/* <this> = $composer, */ invalid = false, block = { // BLOCK
            local fun <anonymous>(): SnapshotStateList<PartialOrder> {
              return apply<SnapshotStateList<PartialOrder>>(/* <this> = mutableStateListOf<PartialOrder>(), */ block = { // BLOCK
                local fun SnapshotStateList<PartialOrder>.<anonymous>() {
                  $this$apply.addAll(elements = initialPartialOrders /*as List<PartialOrder> */) /*~> Unit */
                }

                ::<anonymous>
              })
            }

            TradingChart2Kt::<anonymous>
          })
          $composer.endReplaceableGroup()
          tmp7_group
        }
        var isEditingPartial: Boolean
          val isEditingPartial$delegate: MutableState<Boolean> = { // BLOCK
            { // BLOCK
              $composer.startReplaceableGroup(key = 1849434622)
              sourceInformation(composer = $composer, sourceInformation = "CC(remember):TradingChart2.kt#9igjgp")
            }
            val tmp8_group: MutableState<Boolean> = cache<MutableState<Boolean>>(/* <this> = $composer, */ invalid = false, block = { // BLOCK
              local fun <anonymous>(): MutableState<Boolean> {
                return mutableStateOf<Boolean>(value = false)
              }

              TradingChart2Kt::<anonymous>
            })
            $composer.endReplaceableGroup()
            tmp8_group
          }
          local get(): Boolean {
            return getValue<Boolean>(/* <this> = isEditingPartial$delegate, */ thisObj = null, property = null)
          }
          local set(<set-?>: Boolean) {
            return setValue<Boolean>(/* <this> = isEditingPartial$delegate, */ thisObj = null, property = null, value = <set-?>)
          }

        var partialOrderId: String?
          val partialOrderId$delegate: MutableState<String?> = { // BLOCK
            { // BLOCK
              $composer.startReplaceableGroup(key = 1849434622)
              sourceInformation(composer = $composer, sourceInformation = "CC(remember):TradingChart2.kt#9igjgp")
            }
            val tmp9_group: MutableState<String?> = cache<MutableState<String?>>(/* <this> = $composer, */ invalid = false, block = { // BLOCK
              local fun <anonymous>(): MutableState<String?> {
                return mutableStateOf<String?>(value = null)
              }

              TradingChart2Kt::<anonymous>
            })
            $composer.endReplaceableGroup()
            tmp9_group
          }
          local get(): String? {
            return getValue<String?>(/* <this> = partialOrderId$delegate, */ thisObj = null, property = null)
          }
          local set(<set-?>: String?) {
            return setValue<String?>(/* <this> = partialOrderId$delegate, */ thisObj = null, property = null, value = <set-?>)
          }

        var partialQty: String
          val partialQty$delegate: MutableState<String> = { // BLOCK
            { // BLOCK
              $composer.startReplaceableGroup(key = 1849434622)
              sourceInformation(composer = $composer, sourceInformation = "CC(remember):TradingChart2.kt#9igjgp")
            }
            val tmp10_group: MutableState<String> = cache<MutableState<String>>(/* <this> = $composer, */ invalid = false, block = { // BLOCK
              local fun <anonymous>(): MutableState<String> {
                return mutableStateOf<String>(value = "0.001")
              }

              TradingChart2Kt::<anonymous>
            })
            $composer.endReplaceableGroup()
            tmp10_group
          }
          local get(): String {
            return getValue<String>(/* <this> = partialQty$delegate, */ thisObj = null, property = null)
          }
          local set(<set-?>: String) {
            return setValue<String>(/* <this> = partialQty$delegate, */ thisObj = null, property = null, value = <set-?>)
          }

        var partialTpPrice: String
          val partialTpPrice$delegate: MutableState<String> = { // BLOCK
            { // BLOCK
              $composer.startReplaceableGroup(key = 1849434622)
              sourceInformation(composer = $composer, sourceInformation = "CC(remember):TradingChart2.kt#9igjgp")
            }
            val tmp11_group: MutableState<String> = cache<MutableState<String>>(/* <this> = $composer, */ invalid = false, block = { // BLOCK
              local fun <anonymous>(): MutableState<String> {
                return mutableStateOf<String>(value = "")
              }

              TradingChart2Kt::<anonymous>
            })
            $composer.endReplaceableGroup()
            tmp11_group
          }
          local get(): String {
            return getValue<String>(/* <this> = partialTpPrice$delegate, */ thisObj = null, property = null)
          }
          local set(<set-?>: String) {
            return setValue<String>(/* <this> = partialTpPrice$delegate, */ thisObj = null, property = null, value = <set-?>)
          }

        var partialSlPrice: String
          val partialSlPrice$delegate: MutableState<String> = { // BLOCK
            { // BLOCK
              $composer.startReplaceableGroup(key = 1849434622)
              sourceInformation(composer = $composer, sourceInformation = "CC(remember):TradingChart2.kt#9igjgp")
            }
            val tmp12_group: MutableState<String> = cache<MutableState<String>>(/* <this> = $composer, */ invalid = false, block = { // BLOCK
              local fun <anonymous>(): MutableState<String> {
                return mutableStateOf<String>(value = "")
              }

              TradingChart2Kt::<anonymous>
            })
            $composer.endReplaceableGroup()
            tmp12_group
          }
          local get(): String {
            return getValue<String>(/* <this> = partialSlPrice$delegate, */ thisObj = null, property = null)
          }
          local set(<set-?>: String) {
            return setValue<String>(/* <this> = partialSlPrice$delegate, */ thisObj = null, property = null, value = <set-?>)
          }

        val primaryColor: Color = Color(color = 4280902399L)
        val backgroundColor: Color = Companion.<get-Black>()
        val boxBorderColor: Color = Color(color = 4280954425L)
        val boxBackgroundColor: Color = Color(color = 4279374354L)
        val topSectionBackground: Color = Color(color = 4279374354L)
        val topSectionHeight: Dp = <get-dp>(/* <this> = 8 */)
        val sheetState: SheetState = rememberModalBottomSheetState(skipPartiallyExpanded = true, confirmValueChange = // COMPOSITE {
        null
        // }, $composer = $composer, $changed = 6, $default = 2)
        val referencePrice: Float = when {
          greater(arg0 = currentPrice, arg1 = 0.0F) -> currentPrice
          else -> lastTradedPrice
        }
        val quantityValue: Float = { // BLOCK
          val tmp0_elvis_lhs: Float? = toFloatOrNull(/* <this> = qty */)
          when {
            EQEQ(arg0 = tmp0_elvis_lhs, arg1 = null) -> 1.0F
            else -> tmp0_elvis_lhs
          }
        }
        val tpSecondaryOptions: List<Pair<String, String>> = listOf<Pair<String, String>>(elements = { // BLOCK
          val tmp0: Array<out Pair<String, String>> = arrayOfNulls<Pair<String, String>>(size = 4)
          tmp0.set(index = 0, value = to<String, String>(/* <this> = "Ticks", */ that = "ticks"))
          tmp0.set(index = 1, value = to<String, String>(/* <this> = "% price", */ that = "percent"))
          tmp0.set(index = 2, value = to<String, String>(/* <this> = "Reward, USD", */ that = "usd"))
          tmp0.set(index = 3, value = to<String, String>(/* <this> = "Reward, % balance", */ that = "balance_percent"))
          tmp0
        })
        val slSecondaryOptions: List<Pair<String, String>> = listOf<Pair<String, String>>(elements = { // BLOCK
          val tmp0: Array<out Pair<String, String>> = arrayOfNulls<Pair<String, String>>(size = 4)
          tmp0.set(index = 0, value = to<String, String>(/* <this> = "Ticks", */ that = "ticks"))
          tmp0.set(index = 1, value = to<String, String>(/* <this> = "% price", */ that = "percent"))
          tmp0.set(index = 2, value = to<String, String>(/* <this> = "Risk, USD", */ that = "usd"))
          tmp0.set(index = 3, value = to<String, String>(/* <this> = "Risk, % balance", */ that = "balance_percent"))
          tmp0
        })
        local fun secondaryValueText(mode: String, targetPrice: String): String {
          val targetValue: Float = { // BLOCK
            val tmp0_elvis_lhs: Float? = toFloatOrNull(/* <this> = targetPrice */)
            when {
              EQEQ(arg0 = tmp0_elvis_lhs, arg1 = null) -> referencePrice
              else -> tmp0_elvis_lhs
            }
          }
          val distance: Float = abs(x = targetValue.minus(other = entryPrice))
          val ticks: Int = when {
            greater(arg0 = tickSize, arg1 = 0.0F) -> roundToInt(/* <this> = distance.div(other = tickSize) */)
            else -> 0
          }
          val percent: Float = when {
            greater(arg0 = entryPrice, arg1 = 0.0F) -> distance.div(other = entryPrice).times(other = 100.0F)
            else -> 0.0F
          }
          val usd: Float = distance.times(other = quantityValue)
          return { // BLOCK
            val tmp1_subject: String = mode
            when {
              EQEQ(arg0 = tmp1_subject, arg1 = "ticks") -> ticks + " ticks"
              EQEQ(arg0 = tmp1_subject, arg1 = "percent") -> format(/* <this> = Companion, */ locale = super<Locale>.#US, format = "%.2f", args = { // BLOCK
                val tmp0: Array<out Any?> = arrayOfNulls<Any?>(size = 1)
                tmp0.set(index = 0, value = percent)
                tmp0
              }) + "%"
              EQEQ(arg0 = tmp1_subject, arg1 = "usd") -> format(/* <this> = Companion, */ locale = super<Locale>.#US, format = "%.2f", args = { // BLOCK
                val tmp0: Array<out Any?> = arrayOfNulls<Any?>(size = 1)
                tmp0.set(index = 0, value = usd)
                tmp0
              }) + " USD"
              EQEQ(arg0 = tmp1_subject, arg1 = "balance_percent") -> format(/* <this> = Companion, */ locale = super<Locale>.#US, format = "%.2f", args = { // BLOCK
                val tmp0: Array<out Any?> = arrayOfNulls<Any?>(size = 1)
                tmp0.set(index = 0, value = percent.div(other = 10.0F))
                tmp0
              }) + "%"
              else -> ticks + " ticks"
            }
          }
        }

        val tpSecondaryText: String = secondaryValueText(mode = <get-tpSecondaryMode>(), targetPrice = <get-tpTriggerPrice>())
        val slSecondaryText: String = secondaryValueText(mode = <get-slSecondaryMode>(), targetPrice = <get-slTriggerPrice>())
        { // BLOCK
          val tmp1_modifier: Modifier = padding(/* <this> = fillMaxWidth(/* <this> = Companion */), */ bottom = <get-AppBottomNavHeight>())
          val tmp2_scrimColor: Color = Companion.<get-Black>().copy(alpha = 0.5F)
          val tmp3_shape: RoundedCornerShape = RoundedCornerShape(topStart = <get-dp>(/* <this> = 16 */), topEnd = <get-dp>(/* <this> = 16 */))
          val tmp4_tonalElevation: Dp = <get-dp>(/* <this> = 0 */)
          val tmp5_windowInsets: WindowInsets = WindowInsets(left = 0)
          ModalBottomSheet(onDismissRequest = onCancel, modifier = tmp1_modifier, sheetState = sheetState, sheetMaxWidth = // COMPOSITE {
          <unsafe-coerce><Float, Dp>(v = 0.0F)
          // }, shape = tmp3_shape, containerColor = backgroundColor, contentColor = // COMPOSITE {
          <unsafe-coerce><Long, Color>(v = 0L)
          // }, tonalElevation = tmp4_tonalElevation, scrimColor = tmp2_scrimColor, dragHandle = composableLambda(composer = $composer, key = 350375404, tracked = true, block = { // BLOCK
            @Composable
            @ComposableTarget(applier = "androidx.compose.ui.UiComposable")
            local fun <anonymous>(/* var */ $composer: Composer?, $changed: Int): Unit? {
              sourceInformation(composer = $composer, sourceInformation = "C965@49250L517:TradingChart2.kt#x6l30d")
              when {
                when {
                  EQEQ(arg0 = $changed.and(other = 3), arg1 = 2).not() -> true
                  else -> $composer.<get-skipping>().not()
                } -> { // BLOCK
                  when {
                    isTraceInProgress() -> traceEventStart(key = 350375404, dirty1 = $changed, dirty2 = -1, info = "com.trading.app.components.ModifyTpSlModal.<anonymous> (TradingChart2.kt:965)")
                  }
                  Box(modifier = padding(/* <this> = background(/* <this> = fillMaxWidth(/* <this> = Companion */), */ color = topSectionBackground), */ top = <get-dp>(/* <this> = 4 */), bottom = <get-dp>(/* <this> = 4 */)), contentAlignment = Companion.<get-Center>(), propagateMinConstraints = // COMPOSITE {
                  false
                  // }, content = { // BLOCK
                    @Composable
                    @ComposableTarget(applier = "androidx.compose.ui.UiComposable")
                    local fun BoxScope.<anonymous>(/* var */ $composer: Composer?, $changed: Int) {
                      { // BLOCK
                        sourceInformationMarkerStart(composer = $composer, key = -1625569066, sourceInformation = "C972@49522L231:TradingChart2.kt#x6l30d")
                        // COMPOSITE {
                        Box(modifier = background(/* <this> = clip(/* <this> = size(/* <this> = Companion, */ width = <get-dp>(/* <this> = 40 */), height = <get-dp>(/* <this> = 4 */)), */ shape = RoundedCornerShape(percent = 50)), */ color = Color(color = 4286086022L)), $composer = $composer, $changed = 0)
                        // }
                        sourceInformationMarkerEnd(composer = $composer)
                      }
                    }

                    ::<anonymous>
                  }, $composer = $composer, $changed = 54, $default = 4)
                  when {
                    isTraceInProgress() -> traceEventEnd()
                  }
                }
                else -> $composer.skipToGroupEnd()
              }
            }

            <jvm-indy-lambda-metafactory><Function2<Composer, Int, Unit>>(samMethodType = &error("") /* ERROR: unsupported element type: IrRawFunctionReferenceImpl */
, implMethodReference = TradingChart2Kt::<anonymous>, instantiatedMethodType = &error("") /* ERROR: unsupported element type: IrRawFunctionReferenceImpl */
, extraOverriddenMethodTypes = [], shouldBeSerializable = false)
          }), windowInsets = tmp5_windowInsets, properties = // COMPOSITE {
          null
          // }, content = composableLambda(composer = $composer, key = -1720151252, tracked = true, block = { // BLOCK
            @Composable
            @ComposableTarget(applier = "androidx.compose.ui.UiComposable")
            local fun <anonymous>($this$ModalBottomSheet: ColumnScope, /* var */ $composer: Composer?, $changed: Int): Unit? {
              sourceInformation(composer = $composer, sourceInformation = "C986@50030L22899:TradingChart2.kt#x6l30d")
              when {
                when {
                  EQEQ(arg0 = $changed.and(other = 17), arg1 = 16).not() -> true
                  else -> $composer.<get-skipping>().not()
                } -> { // BLOCK
                  when {
                    isTraceInProgress() -> traceEventStart(key = -1720151252, dirty1 = $changed, dirty2 = -1, info = "com.trading.app.components.ModifyTpSlModal.<anonymous> (TradingChart2.kt:986)")
                  }
                  Box(modifier = fillMaxWidth(/* <this> = Companion */), contentAlignment = // COMPOSITE {
                  null
                  // }, propagateMinConstraints = // COMPOSITE {
                  false
                  // }, content = { // BLOCK
                    @Composable
                    @ComposableTarget(applier = "androidx.compose.ui.UiComposable")
                    local fun BoxScope.<anonymous>(/* var */ $composer: Composer?, $changed: Int) {
                      { // BLOCK
                        sourceInformationMarkerStart(composer = $composer, key = 1117982206, sourceInformation = "C987@50084L22835:TradingChart2.kt#x6l30d")
                        // COMPOSITE {
                        Column(modifier = fillMaxWidth(/* <this> = Companion */), verticalArrangement = // COMPOSITE {
                        null
                        // }, horizontalAlignment = // COMPOSITE {
                        null
                        // }, content = { // BLOCK
                          @Composable
                          @ComposableTarget(applier = "androidx.compose.ui.UiComposable")
                          local fun ColumnScope.<anonymous>(/* var */ $composer: Composer?, $changed: Int) {
                            { // BLOCK
                              sourceInformationMarkerStart(composer = $composer, key = 1594924467, sourceInformation = "C988@50145L210,995@50373L160,1001@50551L22354:TradingChart2.kt#x6l30d")
                              // COMPOSITE {
                              Box(modifier = height(/* <this> = background(/* <this> = fillMaxWidth(/* <this> = Companion */), */ color = topSectionBackground), */ height = topSectionHeight), $composer = $composer, $changed = 6)
                              { // BLOCK
                                val tmp0_modifier: Modifier = fillMaxWidth(/* <this> = Companion */)
                                val tmp1_color: Color = Companion.<get-White>()
                                val tmp2_thickness: Dp = <get-dp>(/* <this> = 1 */)
                                Divider(modifier = tmp0_modifier, thickness = tmp2_thickness, color = tmp1_color, $composer = $composer, $changed = 438, $default = 0)
                              }
                              Column(modifier = padding(/* <this> = padding(/* <this> = fillMaxWidth(/* <this> = Companion */), */ top = <get-dp>(/* <this> = 16 */), bottom = <get-dp>(/* <this> = 16 */)), */ horizontal = <get-dp>(/* <this> = 16 */)), verticalArrangement = // COMPOSITE {
                              null
                              // }, horizontalAlignment = // COMPOSITE {
                              null
                              // }, content = { // BLOCK
                                @Composable
                                @ComposableTarget(applier = "androidx.compose.ui.UiComposable")
                                local fun ColumnScope.<anonymous>(/* var */ $composer: Composer?, $changed: Int) {
                                  { // BLOCK
                                    sourceInformationMarkerStart(composer = $composer, key = 1257444605, sourceInformation = "C1003@50703L1551,1030@52272L41,1033@52360L512,1041@52890L41:TradingChart2.kt#x6l30d")
                                    // COMPOSITE {
                                    Row(modifier = fillMaxWidth(/* <this> = Companion */), horizontalArrangement = Arrangement.<get-SpaceBetween>(), verticalAlignment = Companion.<get-CenterVertically>(), content = { // BLOCK
                                      @Composable
                                      @ComposableTarget(applier = "androidx.compose.ui.UiComposable")
                                      local fun RowScope.<anonymous>(/* var */ $composer: Composer?, $changed: Int) {
                                        { // BLOCK
                                          sourceInformationMarkerStart(composer = $composer, key = -2012164526, sourceInformation = "C1025@52007L229:TradingChart2.kt#x6l30d")
                                          // COMPOSITE {
                                          when {
                                            <get-isEditingPartial>() -> { // BLOCK
                                              { // BLOCK
                                                $composer.startReplaceableGroup(key = -2012178353)
                                                sourceInformation(composer = $composer, sourceInformation = "1009@50989L97")
                                              }
                                              { // BLOCK
                                                Text(text = "Modify Partial Order", modifier = // COMPOSITE {
                                                null
                                                // }, color = Companion.<get-White>(), fontSize = <get-sp>(/* <this> = 18 */), fontStyle = // COMPOSITE {
                                                null
                                                // }, fontWeight = Companion.<get-Bold>(), fontFamily = // COMPOSITE {
                                                null
                                                // }, letterSpacing = // COMPOSITE {
                                                <unsafe-coerce><Long, TextUnit>(v = 0L)
                                                // }, textDecoration = // COMPOSITE {
                                                null
                                                // }, textAlign = // COMPOSITE {
                                                null
                                                // }, lineHeight = // COMPOSITE {
                                                <unsafe-coerce><Long, TextUnit>(v = 0L)
                                                // }, overflow = // COMPOSITE {
                                                <unsafe-coerce><Int, TextOverflow>(v = 0)
                                                // }, softWrap = // COMPOSITE {
                                                false
                                                // }, maxLines = // COMPOSITE {
                                                0
                                                // }, minLines = // COMPOSITE {
                                                0
                                                // }, onTextLayout = // COMPOSITE {
                                                null
                                                // }, style = // COMPOSITE {
                                                null
                                                // }, $composer = $composer, $changed = 200070, $changed1 = 0, $default = 131026)
                                              }
                                              $composer.endReplaceableGroup()
                                            }
                                            else -> { // BLOCK
                                              { // BLOCK
                                                $composer.startReplaceableGroup(key = -2012006024)
                                                sourceInformation(composer = $composer, sourceInformation = "1011@51140L824")
                                              }
                                              { // BLOCK
                                                Row(modifier = // COMPOSITE {
                                                null
                                                // }, horizontalArrangement = // COMPOSITE {
                                                null
                                                // }, verticalAlignment = Companion.<get-CenterVertically>(), content = { // BLOCK
                                                  @Composable
                                                  @ComposableTarget(applier = "androidx.compose.ui.UiComposable")
                                                  local fun RowScope.<anonymous>(/* var */ $composer: Composer?, $changed: Int) {
                                                    { // BLOCK
                                                      sourceInformationMarkerStart(composer = $composer, key = -378439891, sourceInformation = "C1021@51788L40,1022@51857L81:TradingChart2.kt#x6l30d")
                                                      // COMPOSITE {
                                                      val ticker: String = uppercase(/* <this> = symbol */)
                                                      when {
                                                        contains(/* <this> = ticker, */ other = "BTC") -> { // BLOCK
                                                          { // BLOCK
                                                            $composer.startReplaceableGroup(key = -378371940)
                                                            sourceInformation(composer = $composer, sourceInformation = "1014@51344L28")
                                                          }
                                                          { // BLOCK
                                                            CryptoLogo(ticker = "BTC", modifier = // COMPOSITE {
                                                            null
                                                            // }, size = 24, $composer = $composer, $changed = 390, $default = 2)
                                                          }
                                                          $composer.endReplaceableGroup()
                                                        }
                                                        contains(/* <this> = ticker, */ other = "ETH") -> { // BLOCK
                                                          { // BLOCK
                                                            $composer.startReplaceableGroup(key = -378246948)
                                                            sourceInformation(composer = $composer, sourceInformation = "1016@51470L28")
                                                          }
                                                          { // BLOCK
                                                            CryptoLogo(ticker = "ETH", modifier = // COMPOSITE {
                                                            null
                                                            // }, size = 24, $composer = $composer, $changed = 390, $default = 2)
                                                          }
                                                          $composer.endReplaceableGroup()
                                                        }
                                                        else -> { // BLOCK
                                                          { // BLOCK
                                                            $composer.startReplaceableGroup(key = -378145609)
                                                            sourceInformation(composer = $composer, sourceInformation = "1019@51666L63")
                                                          }
                                                          { // BLOCK
                                                            val flagCode: String = when {
                                                              greaterOrEqual(arg0 = ticker.<get-length>(), arg1 = 3) -> take(/* <this> = ticker, */ n = 3)
                                                              else -> ticker
                                                            }
                                                            FlagImage(currency = flagCode, modifier = size(/* <this> = Companion, */ size = <get-dp>(/* <this> = 24 */)), $composer = $composer, $changed = 48, $default = 0)
                                                          }
                                                          $composer.endReplaceableGroup()
                                                        }
                                                      }
                                                      Spacer(modifier = width(/* <this> = Companion, */ width = <get-dp>(/* <this> = 10 */)), $composer = $composer, $changed = 6)
                                                      Text(text = symbol, modifier = // COMPOSITE {
                                                      null
                                                      // }, color = Companion.<get-White>(), fontSize = <get-sp>(/* <this> = 18 */), fontStyle = // COMPOSITE {
                                                      null
                                                      // }, fontWeight = Companion.<get-Bold>(), fontFamily = // COMPOSITE {
                                                      null
                                                      // }, letterSpacing = // COMPOSITE {
                                                      <unsafe-coerce><Long, TextUnit>(v = 0L)
                                                      // }, textDecoration = // COMPOSITE {
                                                      null
                                                      // }, textAlign = // COMPOSITE {
                                                      null
                                                      // }, lineHeight = // COMPOSITE {
                                                      <unsafe-coerce><Long, TextUnit>(v = 0L)
                                                      // }, overflow = // COMPOSITE {
                                                      <unsafe-coerce><Int, TextOverflow>(v = 0)
                                                      // }, softWrap = // COMPOSITE {
                                                      false
                                                      // }, maxLines = // COMPOSITE {
                                                      0
                                                      // }, minLines = // COMPOSITE {
                                                      0
                                                      // }, onTextLayout = // COMPOSITE {
                                                      null
                                                      // }, style = // COMPOSITE {
                                                      null
                                                      // }, $composer = $composer, $changed = 200064, $changed1 = 0, $default = 131026)
                                                      // }
                                                      sourceInformationMarkerEnd(composer = $composer)
                                                    }
                                                  }

                                                  ::<anonymous>
                                                }, $composer = $composer, $changed = 384, $default = 3)
                                              }
                                              $composer.endReplaceableGroup()
                                            }
                                          }
                                          IconButton(onClick = when {
                                            <get-isEditingPartial>() -> { // BLOCK
                                              { // BLOCK
                                                $composer.startReplaceableGroup(key = -2011103552)
                                                sourceInformation(composer = $composer, sourceInformation = "1025@52052L28")
                                              }
                                              val tmp1_group: Function0<Unit> = { // BLOCK
                                                { // BLOCK
                                                  { // BLOCK
                                                    $composer.startReplaceableGroup(key = 5004770)
                                                    sourceInformation(composer = $composer, sourceInformation = "CC(remember):TradingChart2.kt#9igjgp")
                                                  }
                                                  val tmp0_group: Function0<Unit> = cache<Function0<Unit>>(/* <this> = $composer, */ invalid = false, block = { // BLOCK
                                                    local fun <anonymous>(): Function0<Unit> {
                                                      return { // BLOCK
                                                        local fun <anonymous>(): Unit? {
                                                          <set-isEditingPartial>(<set-?> = false)
                                                        }

                                                        <jvm-indy-lambda-metafactory><Function0<Unit>>(samMethodType = &error("") /* ERROR: unsupported element type: IrRawFunctionReferenceImpl */
, implMethodReference = TradingChart2Kt::<anonymous>, instantiatedMethodType = &error("") /* ERROR: unsupported element type: IrRawFunctionReferenceImpl */
, extraOverriddenMethodTypes = [], shouldBeSerializable = false)
                                                      }
                                                    }

                                                    TradingChart2Kt::<anonymous>
                                                  })
                                                  $composer.endReplaceableGroup()
                                                  tmp0_group
                                                }
                                              }
                                              $composer.endReplaceableGroup()
                                              tmp1_group
                                            }
                                            else -> { // BLOCK
                                              $composer.startReplaceableGroup(key = -2004535766)
                                              $composer.endReplaceableGroup()
                                              onCancel
                                            }
                                          }, modifier = size(/* <this> = Companion, */ size = <get-dp>(/* <this> = 24 */)), enabled = // COMPOSITE {
                                          false
                                          // }, colors = // COMPOSITE {
                                          null
                                          // }, interactionSource = // COMPOSITE {
                                          null
                                          // }, content = ComposableSingletons$TradingChart2Kt.<get-lambda$1397655391>(), $composer = $composer, $changed = 196656, $default = 28)
                                          // }
                                          sourceInformationMarkerEnd(composer = $composer)
                                        }
                                      }

                                      ::<anonymous>
                                    }, $composer = $composer, $changed = 438, $default = 0)
                                    Spacer(modifier = height(/* <this> = Companion, */ height = <get-dp>(/* <this> = 20 */)), $composer = $composer, $changed = 6)
                                    Row(modifier = fillMaxWidth(/* <this> = Companion */), horizontalArrangement = Arrangement.<get-SpaceBetween>(), verticalAlignment = // COMPOSITE {
                                    null
                                    // }, content = { // BLOCK
                                      @Composable
                                      @ComposableTarget(applier = "androidx.compose.ui.UiComposable")
                                      local fun RowScope.<anonymous>(/* var */ $composer: Composer?, $changed: Int) {
                                        { // BLOCK
                                          sourceInformationMarkerStart(composer = $composer, key = -600472596, sourceInformation = "C1034@52472L59,1035@52552L20,1036@52593L70,1038@52771L83:TradingChart2.kt#x6l30d")
                                          // COMPOSITE {
                                          StatItem(label = "Entry Price", value = format(/* <this> = Companion, */ format = "%,.2f", args = { // BLOCK
                                            val tmp0: Array<out Any?> = arrayOfNulls<Any?>(size = 1)
                                            tmp0.set(index = 0, value = entryPrice)
                                            tmp0
                                          }), color = // COMPOSITE {
                                          <unsafe-coerce><Long, Color>(v = 0L)
                                          // }, $composer = $composer, $changed = 6, $default = 4)
                                          StatItem(label = "Qty", value = qty, color = // COMPOSITE {
                                          <unsafe-coerce><Long, Color>(v = 0L)
                                          // }, $composer = $composer, $changed = 6, $default = 4)
                                          StatItem(label = "Last Traded Price", value = format(/* <this> = Companion, */ format = "%,.2f", args = { // BLOCK
                                            val tmp0: Array<out Any?> = arrayOfNulls<Any?>(size = 1)
                                            tmp0.set(index = 0, value = lastTradedPrice)
                                            tmp0
                                          }), color = // COMPOSITE {
                                          <unsafe-coerce><Long, Color>(v = 0L)
                                          // }, $composer = $composer, $changed = 6, $default = 4)
                                          val liqPrice: Float = when {
                                            isBuy -> entryPrice.times(other = 0.8F)
                                            else -> entryPrice.times(other = 1.2F)
                                          }
                                          StatItem(label = "Liq. Price", value = format(/* <this> = Companion, */ format = "%,.1f", args = { // BLOCK
                                            val tmp0: Array<out Any?> = arrayOfNulls<Any?>(size = 1)
                                            tmp0.set(index = 0, value = liqPrice)
                                            tmp0
                                          }), color = Color(color = 4294092076L), $composer = $composer, $changed = 390, $default = 0)
                                          // }
                                          sourceInformationMarkerEnd(composer = $composer)
                                        }
                                      }

                                      ::<anonymous>
                                    }, $composer = $composer, $changed = 54, $default = 4)
                                    Spacer(modifier = height(/* <this> = Companion, */ height = <get-dp>(/* <this> = 24 */)), $composer = $composer, $changed = 6)
                                    when {
                                      <get-isEditingPartial>().not() -> { // BLOCK
                                        { // BLOCK
                                          $composer.startReplaceableGroup(key = 1259448444)
                                          sourceInformation(composer = $composer, sourceInformation = "1045@53022L647,1053@53691L41")
                                        }
                                        { // BLOCK
                                          Row(modifier = fillMaxWidth(/* <this> = Companion */), horizontalArrangement = // COMPOSITE {
                                          null
                                          // }, verticalAlignment = Companion.<get-CenterVertically>(), content = { // BLOCK
                                            @Composable
                                            @ComposableTarget(applier = "androidx.compose.ui.UiComposable")
                                            local fun RowScope.<anonymous>(/* var */ $composer: Composer?, $changed: Int) {
                                              { // BLOCK
                                                sourceInformationMarkerStart(composer = $composer, key = 1322590567, sourceInformation = "C1046@53211L35,1046@53136L110,1047@53271L40,1048@53427L36,1048@53336L127,1049@53488L38,1050@53551L96:TradingChart2.kt#x6l30d")
                                                // COMPOSITE {
                                                TabItem(label = "Modify Position", isSelected = EQEQ(arg0 = <get-selectedTab>(), arg1 = "Modify Position"), primaryColor = primaryColor, isNew = // COMPOSITE {
                                                false
                                                // }, onClick = { // BLOCK
                                                  { // BLOCK
                                                    $composer.startReplaceableGroup(key = 5004770)
                                                    sourceInformation(composer = $composer, sourceInformation = "CC(remember):TradingChart2.kt#9igjgp")
                                                  }
                                                  val tmp0_group: Function0<Unit> = cache<Function0<Unit>>(/* <this> = $composer, */ invalid = false, block = { // BLOCK
                                                    local fun <anonymous>(): Function0<Unit> {
                                                      return { // BLOCK
                                                        local fun <anonymous>(): Unit? {
                                                          <set-selectedTab>(<set-?> = "Modify Position")
                                                        }

                                                        <jvm-indy-lambda-metafactory><Function0<Unit>>(samMethodType = &error("") /* ERROR: unsupported element type: IrRawFunctionReferenceImpl */
, implMethodReference = TradingChart2Kt::<anonymous>, instantiatedMethodType = &error("") /* ERROR: unsupported element type: IrRawFunctionReferenceImpl */
, extraOverriddenMethodTypes = [], shouldBeSerializable = false)
                                                      }
                                                    }

                                                    TradingChart2Kt::<anonymous>
                                                  })
                                                  $composer.endReplaceableGroup()
                                                  tmp0_group
                                                }, $composer = $composer, $changed = 24966, $default = 8)
                                                Spacer(modifier = width(/* <this> = Companion, */ width = <get-dp>(/* <this> = 16 */)), $composer = $composer, $changed = 6)
                                                TabItem(label = "Partial Position", isSelected = EQEQ(arg0 = <get-selectedTab>(), arg1 = "Partial Position"), primaryColor = primaryColor, isNew = true, onClick = { // BLOCK
                                                  { // BLOCK
                                                    $composer.startReplaceableGroup(key = 5004770)
                                                    sourceInformation(composer = $composer, sourceInformation = "CC(remember):TradingChart2.kt#9igjgp")
                                                  }
                                                  val tmp1_group: Function0<Unit> = cache<Function0<Unit>>(/* <this> = $composer, */ invalid = false, block = { // BLOCK
                                                    local fun <anonymous>(): Function0<Unit> {
                                                      return { // BLOCK
                                                        local fun <anonymous>(): Unit? {
                                                          <set-selectedTab>(<set-?> = "Partial Position")
                                                        }

                                                        <jvm-indy-lambda-metafactory><Function0<Unit>>(samMethodType = &error("") /* ERROR: unsupported element type: IrRawFunctionReferenceImpl */
, implMethodReference = TradingChart2Kt::<anonymous>, instantiatedMethodType = &error("") /* ERROR: unsupported element type: IrRawFunctionReferenceImpl */
, extraOverriddenMethodTypes = [], shouldBeSerializable = false)
                                                      }
                                                    }

                                                    TradingChart2Kt::<anonymous>
                                                  })
                                                  $composer.endReplaceableGroup()
                                                  tmp1_group
                                                }, $composer = $composer, $changed = 28038, $default = 0)
                                                Spacer(modifier = $this$Row.weight(/* <this> = Companion, */ weight = 1.0F), $composer = $composer, $changed = 0)
                                                { // BLOCK
                                                  val tmp0_imageVector: ImageVector = <get-HelpOutline>(/* <this> = Icons.<get-Default>() */)
                                                  val tmp1_tint: Color = Color(color = 4286086022L)
                                                  val tmp2_modifier: Modifier = size(/* <this> = Companion, */ size = <get-dp>(/* <this> = 16 */))
                                                  Icon(imageVector = tmp0_imageVector, contentDescription = null, modifier = tmp2_modifier, tint = tmp1_tint, $composer = $composer, $changed = 3504, $default = 0)
                                                }
                                                // }
                                                sourceInformationMarkerEnd(composer = $composer)
                                              }
                                            }

                                            ::<anonymous>
                                          }, $composer = $composer, $changed = 390, $default = 2)
                                          Spacer(modifier = height(/* <this> = Companion, */ height = <get-dp>(/* <this> = 24 */)), $composer = $composer, $changed = 6)
                                          { // BLOCK
                                            val tmp0_subject: String = <get-selectedTab>()
                                            when {
                                              EQEQ(arg0 = tmp0_subject, arg1 = "Modify Position") -> { // BLOCK
                                                { // BLOCK
                                                  $composer.startReplaceableGroup(key = 1259981303)
                                                  sourceInformation(composer = $composer, sourceInformation = "1062@54265L81,1063@54375L40,1066@54578L23,1069@54802L31,1071@54956L34,1064@54444L708,1076@55210L40,1080@55481L235,1077@55279L438,1085@55747L41,1086@55817L105,1088@55952L41,1095@56436L79,1096@56544L40,1099@56747L23,1102@56971L31,1104@57125L34,1097@56613L708,1109@57351L40,1113@57622L235,1110@57420L438,1118@57888L41,1119@57958L104")
                                                }
                                                { // BLOCK
                                                  val tpVal: Float? = toFloatOrNull(/* <this> = <get-tpTriggerPrice>() */)
                                                  val tpPnl: Float? = { // BLOCK
                                                    val tmp1_safe_receiver: Float? = tpVal
                                                    when {
                                                      EQEQ(arg0 = tmp1_safe_receiver, arg1 = null) -> null
                                                      else -> let<Float, Float>(/* <this> = tmp1_safe_receiver, */ block = { // BLOCK
                                                        local fun <anonymous>(it: Float): Float {
                                                          { // BLOCK
                                                            val tmp0_return: Float = when {
                                                              isBuy -> it.minus(other = entryPrice).times(other = { // BLOCK
                                                                val tmp0_elvis_lhs: Float? = toFloatOrNull(/* <this> = qty */)
                                                                when {
                                                                  EQEQ(arg0 = tmp0_elvis_lhs, arg1 = null) -> 1.0F
                                                                  else -> tmp0_elvis_lhs
                                                                }
                                                              })
                                                              else -> entryPrice.minus(other = it).times(other = { // BLOCK
                                                                val tmp1_elvis_lhs: Float? = toFloatOrNull(/* <this> = qty */)
                                                                when {
                                                                  EQEQ(arg0 = tmp1_elvis_lhs, arg1 = null) -> 1.0F
                                                                  else -> tmp1_elvis_lhs
                                                                }
                                                              })
                                                            }
                                                            // COMPOSITE {
                                                            // }
                                                            return tmp0_return
                                                          }
                                                        }

                                                        TradingChart2Kt::<anonymous>
                                                      })
                                                    }
                                                  }
                                                  val tpPnlText: String = { // BLOCK
                                                    val tmp3_elvis_lhs: String? = { // BLOCK
                                                      val tmp2_safe_receiver: Float? = tpPnl
                                                      when {
                                                        EQEQ(arg0 = tmp2_safe_receiver, arg1 = null) -> null
                                                        else -> let<Float, String>(/* <this> = tmp2_safe_receiver, */ block = { // BLOCK
                                                          local fun <anonymous>(it: Float): String {
                                                            { // BLOCK
                                                              val tmp0_return: String = " (" + when {
                                                                greaterOrEqual(arg0 = it, arg1 = 0.0F) -> "+"
                                                                else -> ""
                                                              } + format(/* <this> = Companion, */ format = "%.2f", args = { // BLOCK
                                                                val tmp0: Array<out Any?> = arrayOfNulls<Any?>(size = 1)
                                                                tmp0.set(index = 0, value = it)
                                                                tmp0
                                                              }) + ")"
                                                              // COMPOSITE {
                                                              // }
                                                              return tmp0_return
                                                            }
                                                          }

                                                          TradingChart2Kt::<anonymous>
                                                        })
                                                      }
                                                    }
                                                    when {
                                                      EQEQ(arg0 = tmp3_elvis_lhs, arg1 = null) -> ""
                                                      else -> tmp3_elvis_lhs
                                                    }
                                                  }
                                                  Text(text = "Take profit, price" + tpPnlText, modifier = // COMPOSITE {
                                                  null
                                                  // }, color = Color(color = 4286086022L), fontSize = <get-sp>(/* <this> = 14 */), fontStyle = // COMPOSITE {
                                                  null
                                                  // }, fontWeight = // COMPOSITE {
                                                  null
                                                  // }, fontFamily = // COMPOSITE {
                                                  null
                                                  // }, letterSpacing = // COMPOSITE {
                                                  <unsafe-coerce><Long, TextUnit>(v = 0L)
                                                  // }, textDecoration = // COMPOSITE {
                                                  null
                                                  // }, textAlign = // COMPOSITE {
                                                  null
                                                  // }, lineHeight = // COMPOSITE {
                                                  <unsafe-coerce><Long, TextUnit>(v = 0L)
                                                  // }, overflow = // COMPOSITE {
                                                  <unsafe-coerce><Int, TextOverflow>(v = 0)
                                                  // }, softWrap = // COMPOSITE {
                                                  false
                                                  // }, maxLines = // COMPOSITE {
                                                  0
                                                  // }, minLines = // COMPOSITE {
                                                  0
                                                  // }, onTextLayout = // COMPOSITE {
                                                  null
                                                  // }, style = // COMPOSITE {
                                                  null
                                                  // }, $composer = $composer, $changed = 3456, $changed1 = 0, $default = 131058)
                                                  Spacer(modifier = height(/* <this> = Companion, */ height = <get-dp>(/* <this> = 8 */)), $composer = $composer, $changed = 6)
                                                  SimpleOrderStyleExitInputRow(value = <get-tpTriggerPrice>(), onValueChange = { // BLOCK
                                                    { // BLOCK
                                                      $composer.startReplaceableGroup(key = 5004770)
                                                      sourceInformation(composer = $composer, sourceInformation = "CC(remember):TradingChart2.kt#9igjgp")
                                                    }
                                                    val tmp0_group: Function1<String, Unit> = cache<Function1<String, Unit>>(/* <this> = $composer, */ invalid = false, block = { // BLOCK
                                                      local fun <anonymous>(): Function1<String, Unit> {
                                                        return { // BLOCK
                                                          local fun <anonymous>(it: String): Unit? {
                                                            <set-tpTriggerPrice>(<set-?> = it)
                                                          }

                                                          <jvm-indy-lambda-metafactory><Function1<String, Unit>>(samMethodType = &error("") /* ERROR: unsupported element type: IrRawFunctionReferenceImpl */
, implMethodReference = TradingChart2Kt::<anonymous>, instantiatedMethodType = &error("") /* ERROR: unsupported element type: IrRawFunctionReferenceImpl */
, extraOverriddenMethodTypes = [], shouldBeSerializable = false)
                                                        }
                                                      }

                                                      TradingChart2Kt::<anonymous>
                                                    })
                                                    $composer.endReplaceableGroup()
                                                    tmp0_group
                                                  }, secondaryText = tpSecondaryText, dropdownExpanded = <get-showTpSecondaryOptions>(), onDropdownExpandedChange = { // BLOCK
                                                    { // BLOCK
                                                      $composer.startReplaceableGroup(key = 5004770)
                                                      sourceInformation(composer = $composer, sourceInformation = "CC(remember):TradingChart2.kt#9igjgp")
                                                    }
                                                    val tmp1_group: Function1<Boolean, Unit> = cache<Function1<Boolean, Unit>>(/* <this> = $composer, */ invalid = false, block = { // BLOCK
                                                      local fun <anonymous>(): Function1<Boolean, Unit> {
                                                        return { // BLOCK
                                                          local fun <anonymous>(it: Boolean): Unit? {
                                                            <set-showTpSecondaryOptions>(<set-?> = it)
                                                          }

                                                          <jvm-indy-lambda-metafactory><Function1<Boolean, Unit>>(samMethodType = &error("") /* ERROR: unsupported element type: IrRawFunctionReferenceImpl */
, implMethodReference = TradingChart2Kt::<anonymous>, instantiatedMethodType = &error("") /* ERROR: unsupported element type: IrRawFunctionReferenceImpl */
, extraOverriddenMethodTypes = [], shouldBeSerializable = false)
                                                        }
                                                      }

                                                      TradingChart2Kt::<anonymous>
                                                    })
                                                    $composer.endReplaceableGroup()
                                                    tmp1_group
                                                  }, dropdownOptions = tpSecondaryOptions, onOptionSelected = { // BLOCK
                                                    { // BLOCK
                                                      $composer.startReplaceableGroup(key = 5004770)
                                                      sourceInformation(composer = $composer, sourceInformation = "CC(remember):TradingChart2.kt#9igjgp")
                                                    }
                                                    val tmp2_group: Function1<String, Unit> = cache<Function1<String, Unit>>(/* <this> = $composer, */ invalid = false, block = { // BLOCK
                                                      local fun <anonymous>(): Function1<String, Unit> {
                                                        return { // BLOCK
                                                          local fun <anonymous>(mode: String): Unit? {
                                                            <set-tpSecondaryMode>(<set-?> = mode)
                                                          }

                                                          <jvm-indy-lambda-metafactory><Function1<String, Unit>>(samMethodType = &error("") /* ERROR: unsupported element type: IrRawFunctionReferenceImpl */
, implMethodReference = TradingChart2Kt::<anonymous>, instantiatedMethodType = &error("") /* ERROR: unsupported element type: IrRawFunctionReferenceImpl */
, extraOverriddenMethodTypes = [], shouldBeSerializable = false)
                                                        }
                                                      }

                                                      TradingChart2Kt::<anonymous>
                                                    })
                                                    $composer.endReplaceableGroup()
                                                    tmp2_group
                                                  }, borderColor = boxBorderColor, backgroundColor = boxBackgroundColor, $composer = $composer, $changed = 115040304)
                                                  Spacer(modifier = height(/* <this> = Companion, */ height = <get-dp>(/* <this> = 8 */)), $composer = $composer, $changed = 6)
                                                  PercentageSelector(borderColor = boxBorderColor, backgroundColor = boxBackgroundColor, onPercentSelect = { // BLOCK
                                                    { // BLOCK
                                                      $composer.startReplaceableGroup(key = -1224400529)
                                                      sourceInformation(composer = $composer, sourceInformation = "CC(remember):TradingChart2.kt#9igjgp")
                                                    }
                                                    val tmp3_group: Function1<Int, Unit> = cache<Function1<Int, Unit>>(/* <this> = $composer, */ invalid = $composer.changed(value = isBuy).or(other = $composer.changed(value = entryPrice)).or(other = $composer.changed(value = precision)), block = { // BLOCK
                                                      local fun <anonymous>(): Function1<Int, Unit> {
                                                        return { // BLOCK
                                                          local fun <anonymous>(pct: Int): Unit? {
                                                            val target: Float = when {
                                                              isBuy -> entryPrice.times(other = 1.0F.plus(other = pct.div(other = 100.0F)))
                                                              else -> entryPrice.times(other = 1.0F.minus(other = pct.div(other = 100.0F)))
                                                            }
                                                            <set-tpTriggerPrice>(<set-?> = formatPriceValue(price = target))
                                                          }

                                                          <jvm-indy-lambda-metafactory><Function1<Int, Unit>>(samMethodType = &error("") /* ERROR: unsupported element type: IrRawFunctionReferenceImpl */
, implMethodReference = TradingChart2Kt::<anonymous>, instantiatedMethodType = &error("") /* ERROR: unsupported element type: IrRawFunctionReferenceImpl */
, extraOverriddenMethodTypes = [], shouldBeSerializable = false)
                                                        }
                                                      }

                                                      TradingChart2Kt::<anonymous>
                                                    })
                                                    $composer.endReplaceableGroup()
                                                    tmp3_group
                                                  }, $composer = $composer, $changed = 54)
                                                  Spacer(modifier = height(/* <this> = Companion, */ height = <get-dp>(/* <this> = 12 */)), $composer = $composer, $changed = 6)
                                                  SummaryText(type = "Take Profit", targetPrice = <get-tpTriggerPrice>(), entryPrice = entryPrice, volume = { // BLOCK
                                                    val tmp4_elvis_lhs: Float? = toFloatOrNull(/* <this> = qty */)
                                                    when {
                                                      EQEQ(arg0 = tmp4_elvis_lhs, arg1 = null) -> 1.0F
                                                      else -> tmp4_elvis_lhs
                                                    }
                                                  }, isBuy = isBuy, isProfit = true, $composer = $composer, $changed = 196614)
                                                  Spacer(modifier = height(/* <this> = Companion, */ height = <get-dp>(/* <this> = 24 */)), $composer = $composer, $changed = 6)
                                                  val slVal: Float? = toFloatOrNull(/* <this> = <get-slTriggerPrice>() */)
                                                  val slPnl: Float? = { // BLOCK
                                                    val tmp5_safe_receiver: Float? = slVal
                                                    when {
                                                      EQEQ(arg0 = tmp5_safe_receiver, arg1 = null) -> null
                                                      else -> let<Float, Float>(/* <this> = tmp5_safe_receiver, */ block = { // BLOCK
                                                        local fun <anonymous>(it: Float): Float {
                                                          { // BLOCK
                                                            val tmp0_return: Float = when {
                                                              isBuy -> it.minus(other = entryPrice).times(other = { // BLOCK
                                                                val tmp0_elvis_lhs: Float? = toFloatOrNull(/* <this> = qty */)
                                                                when {
                                                                  EQEQ(arg0 = tmp0_elvis_lhs, arg1 = null) -> 1.0F
                                                                  else -> tmp0_elvis_lhs
                                                                }
                                                              })
                                                              else -> entryPrice.minus(other = it).times(other = { // BLOCK
                                                                val tmp1_elvis_lhs: Float? = toFloatOrNull(/* <this> = qty */)
                                                                when {
                                                                  EQEQ(arg0 = tmp1_elvis_lhs, arg1 = null) -> 1.0F
                                                                  else -> tmp1_elvis_lhs
                                                                }
                                                              })
                                                            }
                                                            // COMPOSITE {
                                                            // }
                                                            return tmp0_return
                                                          }
                                                        }

                                                        TradingChart2Kt::<anonymous>
                                                      })
                                                    }
                                                  }
                                                  val slPnlText: String = { // BLOCK
                                                    val tmp7_elvis_lhs: String? = { // BLOCK
                                                      val tmp6_safe_receiver: Float? = slPnl
                                                      when {
                                                        EQEQ(arg0 = tmp6_safe_receiver, arg1 = null) -> null
                                                        else -> let<Float, String>(/* <this> = tmp6_safe_receiver, */ block = { // BLOCK
                                                          local fun <anonymous>(it: Float): String {
                                                            { // BLOCK
                                                              val tmp0_return: String = " (" + when {
                                                                greaterOrEqual(arg0 = it, arg1 = 0.0F) -> "+"
                                                                else -> ""
                                                              } + format(/* <this> = Companion, */ format = "%.2f", args = { // BLOCK
                                                                val tmp0: Array<out Any?> = arrayOfNulls<Any?>(size = 1)
                                                                tmp0.set(index = 0, value = it)
                                                                tmp0
                                                              }) + ")"
                                                              // COMPOSITE {
                                                              // }
                                                              return tmp0_return
                                                            }
                                                          }

                                                          TradingChart2Kt::<anonymous>
                                                        })
                                                      }
                                                    }
                                                    when {
                                                      EQEQ(arg0 = tmp7_elvis_lhs, arg1 = null) -> ""
                                                      else -> tmp7_elvis_lhs
                                                    }
                                                  }
                                                  Text(text = "Stop loss, price" + slPnlText, modifier = // COMPOSITE {
                                                  null
                                                  // }, color = Color(color = 4286086022L), fontSize = <get-sp>(/* <this> = 14 */), fontStyle = // COMPOSITE {
                                                  null
                                                  // }, fontWeight = // COMPOSITE {
                                                  null
                                                  // }, fontFamily = // COMPOSITE {
                                                  null
                                                  // }, letterSpacing = // COMPOSITE {
                                                  <unsafe-coerce><Long, TextUnit>(v = 0L)
                                                  // }, textDecoration = // COMPOSITE {
                                                  null
                                                  // }, textAlign = // COMPOSITE {
                                                  null
                                                  // }, lineHeight = // COMPOSITE {
                                                  <unsafe-coerce><Long, TextUnit>(v = 0L)
                                                  // }, overflow = // COMPOSITE {
                                                  <unsafe-coerce><Int, TextOverflow>(v = 0)
                                                  // }, softWrap = // COMPOSITE {
                                                  false
                                                  // }, maxLines = // COMPOSITE {
                                                  0
                                                  // }, minLines = // COMPOSITE {
                                                  0
                                                  // }, onTextLayout = // COMPOSITE {
                                                  null
                                                  // }, style = // COMPOSITE {
                                                  null
                                                  // }, $composer = $composer, $changed = 3456, $changed1 = 0, $default = 131058)
                                                  Spacer(modifier = height(/* <this> = Companion, */ height = <get-dp>(/* <this> = 8 */)), $composer = $composer, $changed = 6)
                                                  SimpleOrderStyleExitInputRow(value = <get-slTriggerPrice>(), onValueChange = { // BLOCK
                                                    { // BLOCK
                                                      $composer.startReplaceableGroup(key = 5004770)
                                                      sourceInformation(composer = $composer, sourceInformation = "CC(remember):TradingChart2.kt#9igjgp")
                                                    }
                                                    val tmp4_group: Function1<String, Unit> = cache<Function1<String, Unit>>(/* <this> = $composer, */ invalid = false, block = { // BLOCK
                                                      local fun <anonymous>(): Function1<String, Unit> {
                                                        return { // BLOCK
                                                          local fun <anonymous>(it: String): Unit? {
                                                            <set-slTriggerPrice>(<set-?> = it)
                                                          }

                                                          <jvm-indy-lambda-metafactory><Function1<String, Unit>>(samMethodType = &error("") /* ERROR: unsupported element type: IrRawFunctionReferenceImpl */
, implMethodReference = TradingChart2Kt::<anonymous>, instantiatedMethodType = &error("") /* ERROR: unsupported element type: IrRawFunctionReferenceImpl */
, extraOverriddenMethodTypes = [], shouldBeSerializable = false)
                                                        }
                                                      }

                                                      TradingChart2Kt::<anonymous>
                                                    })
                                                    $composer.endReplaceableGroup()
                                                    tmp4_group
                                                  }, secondaryText = slSecondaryText, dropdownExpanded = <get-showSlSecondaryOptions>(), onDropdownExpandedChange = { // BLOCK
                                                    { // BLOCK
                                                      $composer.startReplaceableGroup(key = 5004770)
                                                      sourceInformation(composer = $composer, sourceInformation = "CC(remember):TradingChart2.kt#9igjgp")
                                                    }
                                                    val tmp5_group: Function1<Boolean, Unit> = cache<Function1<Boolean, Unit>>(/* <this> = $composer, */ invalid = false, block = { // BLOCK
                                                      local fun <anonymous>(): Function1<Boolean, Unit> {
                                                        return { // BLOCK
                                                          local fun <anonymous>(it: Boolean): Unit? {
                                                            <set-showSlSecondaryOptions>(<set-?> = it)
                                                          }

                                                          <jvm-indy-lambda-metafactory><Function1<Boolean, Unit>>(samMethodType = &error("") /* ERROR: unsupported element type: IrRawFunctionReferenceImpl */
, implMethodReference = TradingChart2Kt::<anonymous>, instantiatedMethodType = &error("") /* ERROR: unsupported element type: IrRawFunctionReferenceImpl */
, extraOverriddenMethodTypes = [], shouldBeSerializable = false)
                                                        }
                                                      }

                                                      TradingChart2Kt::<anonymous>
                                                    })
                                                    $composer.endReplaceableGroup()
                                                    tmp5_group
                                                  }, dropdownOptions = slSecondaryOptions, onOptionSelected = { // BLOCK
                                                    { // BLOCK
                                                      $composer.startReplaceableGroup(key = 5004770)
                                                      sourceInformation(composer = $composer, sourceInformation = "CC(remember):TradingChart2.kt#9igjgp")
                                                    }
                                                    val tmp6_group: Function1<String, Unit> = cache<Function1<String, Unit>>(/* <this> = $composer, */ invalid = false, block = { // BLOCK
                                                      local fun <anonymous>(): Function1<String, Unit> {
                                                        return { // BLOCK
                                                          local fun <anonymous>(mode: String): Unit? {
                                                            <set-slSecondaryMode>(<set-?> = mode)
                                                          }

                                                          <jvm-indy-lambda-metafactory><Function1<String, Unit>>(samMethodType = &error("") /* ERROR: unsupported element type: IrRawFunctionReferenceImpl */
, implMethodReference = TradingChart2Kt::<anonymous>, instantiatedMethodType = &error("") /* ERROR: unsupported element type: IrRawFunctionReferenceImpl */
, extraOverriddenMethodTypes = [], shouldBeSerializable = false)
                                                        }
                                                      }

                                                      TradingChart2Kt::<anonymous>
                                                    })
                                                    $composer.endReplaceableGroup()
                                                    tmp6_group
                                                  }, borderColor = boxBorderColor, backgroundColor = boxBackgroundColor, $composer = $composer, $changed = 115040304)
                                                  Spacer(modifier = height(/* <this> = Companion, */ height = <get-dp>(/* <this> = 8 */)), $composer = $composer, $changed = 6)
                                                  PercentageSelector(borderColor = boxBorderColor, backgroundColor = boxBackgroundColor, onPercentSelect = { // BLOCK
                                                    { // BLOCK
                                                      $composer.startReplaceableGroup(key = -1224400529)
                                                      sourceInformation(composer = $composer, sourceInformation = "CC(remember):TradingChart2.kt#9igjgp")
                                                    }
                                                    val tmp7_group: Function1<Int, Unit> = cache<Function1<Int, Unit>>(/* <this> = $composer, */ invalid = $composer.changed(value = isBuy).or(other = $composer.changed(value = entryPrice)).or(other = $composer.changed(value = precision)), block = { // BLOCK
                                                      local fun <anonymous>(): Function1<Int, Unit> {
                                                        return { // BLOCK
                                                          local fun <anonymous>(pct: Int): Unit? {
                                                            val target: Float = when {
                                                              isBuy -> entryPrice.times(other = 1.0F.minus(other = pct.div(other = 100.0F)))
                                                              else -> entryPrice.times(other = 1.0F.plus(other = pct.div(other = 100.0F)))
                                                            }
                                                            <set-slTriggerPrice>(<set-?> = formatPriceValue(price = target))
                                                          }

                                                          <jvm-indy-lambda-metafactory><Function1<Int, Unit>>(samMethodType = &error("") /* ERROR: unsupported element type: IrRawFunctionReferenceImpl */
, implMethodReference = TradingChart2Kt::<anonymous>, instantiatedMethodType = &error("") /* ERROR: unsupported element type: IrRawFunctionReferenceImpl */
, extraOverriddenMethodTypes = [], shouldBeSerializable = false)
                                                        }
                                                      }

                                                      TradingChart2Kt::<anonymous>
                                                    })
                                                    $composer.endReplaceableGroup()
                                                    tmp7_group
                                                  }, $composer = $composer, $changed = 54)
                                                  Spacer(modifier = height(/* <this> = Companion, */ height = <get-dp>(/* <this> = 12 */)), $composer = $composer, $changed = 6)
                                                  SummaryText(type = "Stop Loss", targetPrice = <get-slTriggerPrice>(), entryPrice = entryPrice, volume = { // BLOCK
                                                    val tmp8_elvis_lhs: Float? = toFloatOrNull(/* <this> = qty */)
                                                    when {
                                                      EQEQ(arg0 = tmp8_elvis_lhs, arg1 = null) -> 1.0F
                                                      else -> tmp8_elvis_lhs
                                                    }
                                                  }, isBuy = isBuy, isProfit = false, $composer = $composer, $changed = 196614)
                                                }
                                                $composer.endReplaceableGroup()
                                              }
                                              EQEQ(arg0 = tmp0_subject, arg1 = "Partial Position") -> { // BLOCK
                                                { // BLOCK
                                                  $composer.startReplaceableGroup(key = 1264409808)
                                                  sourceInformation(composer = $composer, sourceInformation = "1123@58166L8956")
                                                }
                                                { // BLOCK
                                                  Column(modifier = fillMaxWidth(/* <this> = Companion */), verticalArrangement = // COMPOSITE {
                                                  null
                                                  // }, horizontalAlignment = // COMPOSITE {
                                                  null
                                                  // }, content = { // BLOCK
                                                    @Composable
                                                    @ComposableTarget(applier = "androidx.compose.ui.UiComposable")
                                                    local fun ColumnScope.<anonymous>(/* var */ $composer: Composer?, $changed: Int) {
                                                      { // BLOCK
                                                        sourceInformationMarkerStart(composer = $composer, key = -2112582462, sourceInformation = "C1124@58243L2247,1151@60556L41,1153@60663L391,1157@61087L554,1163@61707L31,1165@61874L5218,1165@61804L5288:TradingChart2.kt#x6l30d")
                                                        // COMPOSITE {
                                                        Row(modifier = fillMaxWidth(/* <this> = Companion */), horizontalArrangement = Arrangement.<get-SpaceBetween>(), verticalAlignment = Companion.<get-CenterVertically>(), content = { // BLOCK
                                                          @Composable
                                                          @ComposableTarget(applier = "androidx.compose.ui.UiComposable")
                                                          local fun RowScope.<anonymous>(/* var */ $composer: Composer?, $changed: Int) {
                                                            { // BLOCK
                                                              sourceInformationMarkerStart(composer = $composer, key = 837233018, sourceInformation = "C1125@58419L346,1129@58802L1654:TradingChart2.kt#x6l30d")
                                                              // COMPOSITE {
                                                              Row(modifier = // COMPOSITE {
                                                              null
                                                              // }, horizontalArrangement = // COMPOSITE {
                                                              null
                                                              // }, verticalAlignment = Companion.<get-CenterVertically>(), content = { // BLOCK
                                                                @Composable
                                                                @ComposableTarget(applier = "androidx.compose.ui.UiComposable")
                                                                local fun RowScope.<anonymous>(/* var */ $composer: Composer?, $changed: Int) {
                                                                  { // BLOCK
                                                                    sourceInformationMarkerStart(composer = $composer, key = -940715691, sourceInformation = "C1126@58513L71,1127@58625L102:TradingChart2.kt#x6l30d")
                                                                    // COMPOSITE {
                                                                    Text(text = "Sort by Order Time", modifier = // COMPOSITE {
                                                                    null
                                                                    // }, color = Color(color = 4286086022L), fontSize = <get-sp>(/* <this> = 14 */), fontStyle = // COMPOSITE {
                                                                    null
                                                                    // }, fontWeight = // COMPOSITE {
                                                                    null
                                                                    // }, fontFamily = // COMPOSITE {
                                                                    null
                                                                    // }, letterSpacing = // COMPOSITE {
                                                                    <unsafe-coerce><Long, TextUnit>(v = 0L)
                                                                    // }, textDecoration = // COMPOSITE {
                                                                    null
                                                                    // }, textAlign = // COMPOSITE {
                                                                    null
                                                                    // }, lineHeight = // COMPOSITE {
                                                                    <unsafe-coerce><Long, TextUnit>(v = 0L)
                                                                    // }, overflow = // COMPOSITE {
                                                                    <unsafe-coerce><Int, TextOverflow>(v = 0)
                                                                    // }, softWrap = // COMPOSITE {
                                                                    false
                                                                    // }, maxLines = // COMPOSITE {
                                                                    0
                                                                    // }, minLines = // COMPOSITE {
                                                                    0
                                                                    // }, onTextLayout = // COMPOSITE {
                                                                    null
                                                                    // }, style = // COMPOSITE {
                                                                    null
                                                                    // }, $composer = $composer, $changed = 3462, $changed1 = 0, $default = 131058)
                                                                    { // BLOCK
                                                                      val tmp0_imageVector: ImageVector = <get-KeyboardArrowDown>(/* <this> = Icons.<get-Default>() */)
                                                                      val tmp1_tint: Color = Color(color = 4286086022L)
                                                                      val tmp2_modifier: Modifier = size(/* <this> = Companion, */ size = <get-dp>(/* <this> = 16 */))
                                                                      Icon(imageVector = tmp0_imageVector, contentDescription = null, modifier = tmp2_modifier, tint = tmp1_tint, $composer = $composer, $changed = 3504, $default = 0)
                                                                    }
                                                                    // }
                                                                    sourceInformationMarkerEnd(composer = $composer)
                                                                  }
                                                                }

                                                                ::<anonymous>
                                                              }, $composer = $composer, $changed = 384, $default = 3)
                                                              Row(modifier = // COMPOSITE {
                                                              null
                                                              // }, horizontalArrangement = // COMPOSITE {
                                                              null
                                                              // }, verticalAlignment = // COMPOSITE {
                                                              null
                                                              // }, content = { // BLOCK
                                                                @Composable
                                                                @ComposableTarget(applier = "androidx.compose.ui.UiComposable")
                                                                local fun RowScope.<anonymous>(/* var */ $composer: Composer?, $changed: Int) {
                                                                  { // BLOCK
                                                                    sourceInformationMarkerStart(composer = $composer, key = -829383566, sourceInformation = "C1130@58916L48,1130@58865L25,1130@58848L366,1133@59255L39,1142@60001L43,1135@59397L533,1134@59335L1083:TradingChart2.kt#x6l30d")
                                                                    // COMPOSITE {
                                                                    { // BLOCK
                                                                      val tmp0_colors: ButtonColors = ButtonDefaults.buttonColors(containerColor = Color(color = 4280954425L), contentColor = // COMPOSITE {
                                                                      <unsafe-coerce><Long, Color>(v = 0L)
                                                                      // }, disabledContainerColor = // COMPOSITE {
                                                                      <unsafe-coerce><Long, Color>(v = 0L)
                                                                      // }, disabledContentColor = // COMPOSITE {
                                                                      <unsafe-coerce><Long, Color>(v = 0L)
                                                                      // }, $composer = $composer, $changed = 6.or(other = #$stable.shl(bitCount = 12)), $default = 14)
                                                                      val tmp1_shape: RoundedCornerShape = RoundedCornerShape(size = <get-dp>(/* <this> = 4 */))
                                                                      val tmp2_contentPadding: PaddingValues = PaddingValues(horizontal = <get-dp>(/* <this> = 12 */), vertical = <get-dp>(/* <this> = 4 */))
                                                                      Button(onClick = { // BLOCK
                                                                        { // BLOCK
                                                                          $composer.startReplaceableGroup(key = 5004770)
                                                                          sourceInformation(composer = $composer, sourceInformation = "CC(remember):TradingChart2.kt#9igjgp")
                                                                        }
                                                                        val tmp0_group: Function0<Unit> = cache<Function0<Unit>>(/* <this> = $composer, */ invalid = false, block = { // BLOCK
                                                                          local fun <anonymous>(): Function0<Unit> {
                                                                            return { // BLOCK
                                                                              local fun <anonymous>(): Unit? {
                                                                                partialOrders.clear()
                                                                              }

                                                                              <jvm-indy-lambda-metafactory><Function0<Unit>>(samMethodType = &error("") /* ERROR: unsupported element type: IrRawFunctionReferenceImpl */
, implMethodReference = TradingChart2Kt::<anonymous>, instantiatedMethodType = &error("") /* ERROR: unsupported element type: IrRawFunctionReferenceImpl */
, extraOverriddenMethodTypes = [], shouldBeSerializable = false)
                                                                            }
                                                                          }

                                                                          TradingChart2Kt::<anonymous>
                                                                        })
                                                                        $composer.endReplaceableGroup()
                                                                        tmp0_group
                                                                      }, modifier = // COMPOSITE {
                                                                      null
                                                                      // }, enabled = // COMPOSITE {
                                                                      false
                                                                      // }, shape = tmp1_shape, colors = tmp0_colors, elevation = // COMPOSITE {
                                                                      null
                                                                      // }, border = // COMPOSITE {
                                                                      null
                                                                      // }, contentPadding = tmp2_contentPadding, interactionSource = // COMPOSITE {
                                                                      null
                                                                      // }, content = ComposableSingletons$TradingChart2Kt.<get-lambda$573038079>(), $composer = $composer, $changed = 817889286, $default = 358)
                                                                    }
                                                                    Spacer(modifier = width(/* <this> = Companion, */ width = <get-dp>(/* <this> = 8 */)), $composer = $composer, $changed = 6)
                                                                    { // BLOCK
                                                                      val tmp3_colors: ButtonColors = ButtonDefaults.buttonColors(containerColor = primaryColor, contentColor = // COMPOSITE {
                                                                      <unsafe-coerce><Long, Color>(v = 0L)
                                                                      // }, disabledContainerColor = // COMPOSITE {
                                                                      <unsafe-coerce><Long, Color>(v = 0L)
                                                                      // }, disabledContentColor = // COMPOSITE {
                                                                      <unsafe-coerce><Long, Color>(v = 0L)
                                                                      // }, $composer = $composer, $changed = 6.or(other = #$stable.shl(bitCount = 12)), $default = 14)
                                                                      val tmp4_shape: RoundedCornerShape = RoundedCornerShape(size = <get-dp>(/* <this> = 4 */))
                                                                      val tmp5_contentPadding: PaddingValues = PaddingValues(horizontal = <get-dp>(/* <this> = 12 */), vertical = <get-dp>(/* <this> = 4 */))
                                                                      Button(onClick = { // BLOCK
                                                                        { // BLOCK
                                                                          $composer.startReplaceableGroup(key = -1224400529)
                                                                          sourceInformation(composer = $composer, sourceInformation = "CC(remember):TradingChart2.kt#9igjgp")
                                                                        }
                                                                        val tmp1_group: Function0<Unit> = cache<Function0<Unit>>(/* <this> = $composer, */ invalid = $composer.changed(value = precision).or(other = $composer.changed(value = isBuy)).or(other = $composer.changed(value = entryPrice)), block = { // BLOCK
                                                                          local fun <anonymous>(): Function0<Unit> {
                                                                            return { // BLOCK
                                                                              local fun <anonymous>(): Unit? {
                                                                                <set-partialOrderId>(<set-?> = null)
                                                                                <set-partialQty>(<set-?> = "0.001")
                                                                                <set-partialTpPrice>(<set-?> = formatPriceValue(price = when {
                                                                                  isBuy -> entryPrice.times(other = 1.05F)
                                                                                  else -> entryPrice.times(other = 0.95F)
                                                                                }))
                                                                                <set-partialSlPrice>(<set-?> = formatPriceValue(price = when {
                                                                                  isBuy -> entryPrice.times(other = 0.95F)
                                                                                  else -> entryPrice.times(other = 1.05F)
                                                                                }))
                                                                                <set-isEditingPartial>(<set-?> = true)
                                                                              }

                                                                              <jvm-indy-lambda-metafactory><Function0<Unit>>(samMethodType = &error("") /* ERROR: unsupported element type: IrRawFunctionReferenceImpl */
, implMethodReference = TradingChart2Kt::<anonymous>, instantiatedMethodType = &error("") /* ERROR: unsupported element type: IrRawFunctionReferenceImpl */
, extraOverriddenMethodTypes = [], shouldBeSerializable = false)
                                                                            }
                                                                          }

                                                                          TradingChart2Kt::<anonymous>
                                                                        })
                                                                        $composer.endReplaceableGroup()
                                                                        tmp1_group
                                                                      }, modifier = // COMPOSITE {
                                                                      null
                                                                      // }, enabled = // COMPOSITE {
                                                                      false
                                                                      // }, shape = tmp4_shape, colors = tmp3_colors, elevation = // COMPOSITE {
                                                                      null
                                                                      // }, border = // COMPOSITE {
                                                                      null
                                                                      // }, contentPadding = tmp5_contentPadding, interactionSource = // COMPOSITE {
                                                                      null
                                                                      // }, content = ComposableSingletons$TradingChart2Kt.<get-lambda$648129206>(), $composer = $composer, $changed = 817889280, $default = 358)
                                                                    }
                                                                    // }
                                                                    sourceInformationMarkerEnd(composer = $composer)
                                                                  }
                                                                }

                                                                ::<anonymous>
                                                              }, $composer = $composer, $changed = 0, $default = 7)
                                                              // }
                                                              sourceInformationMarkerEnd(composer = $composer)
                                                            }
                                                          }

                                                          ::<anonymous>
                                                        }, $composer = $composer, $changed = 438, $default = 0)
                                                        Spacer(modifier = height(/* <this> = Companion, */ height = <get-dp>(/* <this> = 16 */)), $composer = $composer, $changed = 6)
                                                        Row(modifier = padding(/* <this> = fillMaxWidth(/* <this> = Companion */), */ vertical = <get-dp>(/* <this> = 4 */)), horizontalArrangement = // COMPOSITE {
                                                        null
                                                        // }, verticalAlignment = // COMPOSITE {
                                                        null
                                                        // }, content = { // BLOCK
                                                          @Composable
                                                          @ComposableTarget(applier = "androidx.compose.ui.UiComposable")
                                                          local fun RowScope.<anonymous>(/* var */ $composer: Composer?, $changed: Int) {
                                                            { // BLOCK
                                                              sourceInformationMarkerStart(composer = $composer, key = -110643142, sourceInformation = "C1154@60766L96,1155@60899L121:TradingChart2.kt#x6l30d")
                                                              // COMPOSITE {
                                                              { // BLOCK
                                                                val tmp0_color: Color = Color(color = 4286086022L)
                                                                val tmp1_fontSize: TextUnit = <get-sp>(/* <this> = 11 */)
                                                                val tmp2_modifier: Modifier = $this$Row.weight(/* <this> = Companion, */ weight = 1.0F)
                                                                Text(text = "Take Profit", modifier = tmp2_modifier, color = tmp0_color, fontSize = tmp1_fontSize, fontStyle = // COMPOSITE {
                                                                null
                                                                // }, fontWeight = // COMPOSITE {
                                                                null
                                                                // }, fontFamily = // COMPOSITE {
                                                                null
                                                                // }, letterSpacing = // COMPOSITE {
                                                                <unsafe-coerce><Long, TextUnit>(v = 0L)
                                                                // }, textDecoration = // COMPOSITE {
                                                                null
                                                                // }, textAlign = // COMPOSITE {
                                                                null
                                                                // }, lineHeight = // COMPOSITE {
                                                                <unsafe-coerce><Long, TextUnit>(v = 0L)
                                                                // }, overflow = // COMPOSITE {
                                                                <unsafe-coerce><Int, TextOverflow>(v = 0)
                                                                // }, softWrap = // COMPOSITE {
                                                                false
                                                                // }, maxLines = // COMPOSITE {
                                                                0
                                                                // }, minLines = // COMPOSITE {
                                                                0
                                                                // }, onTextLayout = // COMPOSITE {
                                                                null
                                                                // }, style = // COMPOSITE {
                                                                null
                                                                // }, $composer = $composer, $changed = 3462, $changed1 = 0, $default = 131056)
                                                              }
                                                              { // BLOCK
                                                                val tmp3_color: Color = Color(color = 4286086022L)
                                                                val tmp4_fontSize: TextUnit = <get-sp>(/* <this> = 11 */)
                                                                val tmp5_modifier: Modifier = $this$Row.weight(/* <this> = Companion, */ weight = 1.0F)
                                                                val tmp6_textAlign: TextAlign = Companion.<get-End>()
                                                                Text(text = "Stop Loss", modifier = tmp5_modifier, color = tmp3_color, fontSize = tmp4_fontSize, fontStyle = // COMPOSITE {
                                                                null
                                                                // }, fontWeight = // COMPOSITE {
                                                                null
                                                                // }, fontFamily = // COMPOSITE {
                                                                null
                                                                // }, letterSpacing = // COMPOSITE {
                                                                <unsafe-coerce><Long, TextUnit>(v = 0L)
                                                                // }, textDecoration = // COMPOSITE {
                                                                null
                                                                // }, textAlign = tmp6_textAlign, lineHeight = // COMPOSITE {
                                                                <unsafe-coerce><Long, TextUnit>(v = 0L)
                                                                // }, overflow = // COMPOSITE {
                                                                <unsafe-coerce><Int, TextOverflow>(v = 0)
                                                                // }, softWrap = // COMPOSITE {
                                                                false
                                                                // }, maxLines = // COMPOSITE {
                                                                0
                                                                // }, minLines = // COMPOSITE {
                                                                0
                                                                // }, onTextLayout = // COMPOSITE {
                                                                null
                                                                // }, style = // COMPOSITE {
                                                                null
                                                                // }, $composer = $composer, $changed = 3462, $changed1 = 0, $default = 130544)
                                                              }
                                                              // }
                                                              sourceInformationMarkerEnd(composer = $composer)
                                                            }
                                                          }

                                                          ::<anonymous>
                                                        }, $composer = $composer, $changed = 6, $default = 6)
                                                        Row(modifier = padding(/* <this> = fillMaxWidth(/* <this> = Companion */), */ bottom = <get-dp>(/* <this> = 8 */)), horizontalArrangement = // COMPOSITE {
                                                        null
                                                        // }, verticalAlignment = // COMPOSITE {
                                                        null
                                                        // }, content = { // BLOCK
                                                          @Composable
                                                          @ComposableTarget(applier = "androidx.compose.ui.UiComposable")
                                                          local fun RowScope.<anonymous>(/* var */ $composer: Composer?, $changed: Int) {
                                                            { // BLOCK
                                                              sourceInformationMarkerStart(composer = $composer, key = 1697775636, sourceInformation = "C1158@61188L99,1159@61324L120,1160@61481L126:TradingChart2.kt#x6l30d")
                                                              // COMPOSITE {
                                                              { // BLOCK
                                                                val tmp0_color: Color = Color(color = 4286086022L)
                                                                val tmp1_fontSize: TextUnit = <get-sp>(/* <this> = 11 */)
                                                                val tmp2_modifier: Modifier = $this$Row.weight(/* <this> = Companion, */ weight = 1.0F)
                                                                Text(text = "TP Order Price", modifier = tmp2_modifier, color = tmp0_color, fontSize = tmp1_fontSize, fontStyle = // COMPOSITE {
                                                                null
                                                                // }, fontWeight = // COMPOSITE {
                                                                null
                                                                // }, fontFamily = // COMPOSITE {
                                                                null
                                                                // }, letterSpacing = // COMPOSITE {
                                                                <unsafe-coerce><Long, TextUnit>(v = 0L)
                                                                // }, textDecoration = // COMPOSITE {
                                                                null
                                                                // }, textAlign = // COMPOSITE {
                                                                null
                                                                // }, lineHeight = // COMPOSITE {
                                                                <unsafe-coerce><Long, TextUnit>(v = 0L)
                                                                // }, overflow = // COMPOSITE {
                                                                <unsafe-coerce><Int, TextOverflow>(v = 0)
                                                                // }, softWrap = // COMPOSITE {
                                                                false
                                                                // }, maxLines = // COMPOSITE {
                                                                0
                                                                // }, minLines = // COMPOSITE {
                                                                0
                                                                // }, onTextLayout = // COMPOSITE {
                                                                null
                                                                // }, style = // COMPOSITE {
                                                                null
                                                                // }, $composer = $composer, $changed = 3462, $changed1 = 0, $default = 131056)
                                                              }
                                                              { // BLOCK
                                                                val tmp3_color: Color = Color(color = 4286086022L)
                                                                val tmp4_fontSize: TextUnit = <get-sp>(/* <this> = 11 */)
                                                                val tmp5_modifier: Modifier = width(/* <this> = Companion, */ width = <get-dp>(/* <this> = 60 */))
                                                                val tmp6_textAlign: TextAlign = Companion.<get-Center>()
                                                                Text(text = "Qty", modifier = tmp5_modifier, color = tmp3_color, fontSize = tmp4_fontSize, fontStyle = // COMPOSITE {
                                                                null
                                                                // }, fontWeight = // COMPOSITE {
                                                                null
                                                                // }, fontFamily = // COMPOSITE {
                                                                null
                                                                // }, letterSpacing = // COMPOSITE {
                                                                <unsafe-coerce><Long, TextUnit>(v = 0L)
                                                                // }, textDecoration = // COMPOSITE {
                                                                null
                                                                // }, textAlign = tmp6_textAlign, lineHeight = // COMPOSITE {
                                                                <unsafe-coerce><Long, TextUnit>(v = 0L)
                                                                // }, overflow = // COMPOSITE {
                                                                <unsafe-coerce><Int, TextOverflow>(v = 0)
                                                                // }, softWrap = // COMPOSITE {
                                                                false
                                                                // }, maxLines = // COMPOSITE {
                                                                0
                                                                // }, minLines = // COMPOSITE {
                                                                0
                                                                // }, onTextLayout = // COMPOSITE {
                                                                null
                                                                // }, style = // COMPOSITE {
                                                                null
                                                                // }, $composer = $composer, $changed = 3510, $changed1 = 0, $default = 130544)
                                                              }
                                                              { // BLOCK
                                                                val tmp7_color: Color = Color(color = 4286086022L)
                                                                val tmp8_fontSize: TextUnit = <get-sp>(/* <this> = 11 */)
                                                                val tmp9_modifier: Modifier = $this$Row.weight(/* <this> = Companion, */ weight = 1.0F)
                                                                val tmp10_textAlign: TextAlign = Companion.<get-End>()
                                                                Text(text = "SL Order Price", modifier = tmp9_modifier, color = tmp7_color, fontSize = tmp8_fontSize, fontStyle = // COMPOSITE {
                                                                null
                                                                // }, fontWeight = // COMPOSITE {
                                                                null
                                                                // }, fontFamily = // COMPOSITE {
                                                                null
                                                                // }, letterSpacing = // COMPOSITE {
                                                                <unsafe-coerce><Long, TextUnit>(v = 0L)
                                                                // }, textDecoration = // COMPOSITE {
                                                                null
                                                                // }, textAlign = tmp10_textAlign, lineHeight = // COMPOSITE {
                                                                <unsafe-coerce><Long, TextUnit>(v = 0L)
                                                                // }, overflow = // COMPOSITE {
                                                                <unsafe-coerce><Int, TextOverflow>(v = 0)
                                                                // }, softWrap = // COMPOSITE {
                                                                false
                                                                // }, maxLines = // COMPOSITE {
                                                                0
                                                                // }, minLines = // COMPOSITE {
                                                                0
                                                                // }, onTextLayout = // COMPOSITE {
                                                                null
                                                                // }, style = // COMPOSITE {
                                                                null
                                                                // }, $composer = $composer, $changed = 3462, $changed1 = 0, $default = 130544)
                                                              }
                                                              // }
                                                              sourceInformationMarkerEnd(composer = $composer)
                                                            }
                                                          }

                                                          ::<anonymous>
                                                        }, $composer = $composer, $changed = 6, $default = 6)
                                                        Divider(modifier = // COMPOSITE {
                                                        null
                                                        // }, thickness = // COMPOSITE {
                                                        <unsafe-coerce><Float, Dp>(v = 0.0F)
                                                        // }, color = boxBorderColor, $composer = $composer, $changed = 384, $default = 3)
                                                        LazyColumn(modifier = heightIn(/* <this> = fillMaxWidth(/* <this> = Companion */), */ max = <get-dp>(/* <this> = 200 */)), state = // COMPOSITE {
                                                        null
                                                        // }, contentPadding = // COMPOSITE {
                                                        null
                                                        // }, reverseLayout = // COMPOSITE {
                                                        false
                                                        // }, verticalArrangement = // COMPOSITE {
                                                        null
                                                        // }, horizontalAlignment = // COMPOSITE {
                                                        null
                                                        // }, flingBehavior = // COMPOSITE {
                                                        null
                                                        // }, userScrollEnabled = // COMPOSITE {
                                                        false
                                                        // }, content = { // BLOCK
                                                          { // BLOCK
                                                            $composer.startReplaceableGroup(key = -1224400529)
                                                            sourceInformation(composer = $composer, sourceInformation = "CC(remember):TradingChart2.kt#9igjgp")
                                                          }
                                                          val tmp0_group: @ExtensionFunctionType Function1<LazyListScope, Unit> = cache<@ExtensionFunctionType Function1<LazyListScope, Unit>>(/* <this> = $composer, */ invalid = $composer.changed(value = isBuy).or(other = $composer.changed(value = entryPrice)).or(other = $composer.changed(value = precision)), block = { // BLOCK
                                                            local fun <anonymous>(): @ExtensionFunctionType Function1<LazyListScope, Unit> {
                                                              return { // BLOCK
                                                                local fun <anonymous>($this$LazyColumn: LazyListScope): Unit? {
                                                                  items<PartialOrder>(/* <this> = $this$LazyColumn, */ items = partialOrders, itemContent = { // BLOCK
                                                                    @Composable
                                                                    @ComposableTarget(applier = "androidx.compose.ui.UiComposable")
                                                                    local fun LazyItemScope.<anonymous>(order: PartialOrder, /* var */ $composer: Composer?, $changed: Int) {
                                                                      { // BLOCK
                                                                        { // BLOCK
                                                                          $composer.startReplaceableGroup(key = -1484599660)
                                                                          sourceInformation(composer = $composer, sourceInformation = "C*1167@61984L4964,1222@66989L31:TradingChart2.kt#x6l30d")
                                                                        }
                                                                        // COMPOSITE {
                                                                        Column(modifier = padding(/* <this> = fillMaxWidth(/* <this> = Companion */), */ vertical = <get-dp>(/* <this> = 12 */)), verticalArrangement = // COMPOSITE {
                                                                        null
                                                                        // }, horizontalAlignment = // COMPOSITE {
                                                                        null
                                                                        // }, content = { // BLOCK
                                                                          @Composable
                                                                          @ComposableTarget(applier = "androidx.compose.ui.UiComposable")
                                                                          local fun ColumnScope.<anonymous>(/* var */ $composer: Composer?, $changed: Int) {
                                                                            { // BLOCK
                                                                              sourceInformationMarkerStart(composer = $composer, key = -1064435473, sourceInformation = "C1168@62099L1743,1188@63887L40,1189@63972L631,1194@64648L40,1195@64733L2173:TradingChart2.kt#x6l30d")
                                                                              // COMPOSITE {
                                                                              Row(modifier = fillMaxWidth(/* <this> = Companion */), horizontalArrangement = // COMPOSITE {
                                                                              null
                                                                              // }, verticalAlignment = // COMPOSITE {
                                                                              null
                                                                              // }, content = { // BLOCK
                                                                                @Composable
                                                                                @ComposableTarget(applier = "androidx.compose.ui.UiComposable")
                                                                                local fun RowScope.<anonymous>(/* var */ $composer: Composer?, $changed: Int) {
                                                                                  { // BLOCK
                                                                                    sourceInformationMarkerStart(composer = $composer, key = -1054246061, sourceInformation = "C1172@62510L579,1179@63138L658:TradingChart2.kt#x6l30d")
                                                                                    // COMPOSITE {
                                                                                    val tpPnl: Float? = { // BLOCK
                                                                                      val tmp0_safe_receiver: Float? = order.<get-tp>()
                                                                                      when {
                                                                                        EQEQ(arg0 = tmp0_safe_receiver, arg1 = null) -> null
                                                                                        else -> let<Float, Float>(/* <this> = tmp0_safe_receiver, */ block = { // BLOCK
                                                                                          local fun <anonymous>(it: Float): Float {
                                                                                            { // BLOCK
                                                                                              val tmp0_return: Float = when {
                                                                                                isBuy -> it.minus(other = entryPrice).times(other = order.<get-volume>())
                                                                                                else -> entryPrice.minus(other = it).times(other = order.<get-volume>())
                                                                                              }
                                                                                              // COMPOSITE {
                                                                                              // }
                                                                                              return tmp0_return
                                                                                            }
                                                                                          }

                                                                                          TradingChart2Kt::<anonymous>
                                                                                        })
                                                                                      }
                                                                                    }
                                                                                    val slPnl: Float? = { // BLOCK
                                                                                      val tmp1_safe_receiver: Float? = order.<get-sl>()
                                                                                      when {
                                                                                        EQEQ(arg0 = tmp1_safe_receiver, arg1 = null) -> null
                                                                                        else -> let<Float, Float>(/* <this> = tmp1_safe_receiver, */ block = { // BLOCK
                                                                                          local fun <anonymous>(it: Float): Float {
                                                                                            { // BLOCK
                                                                                              val tmp0_return: Float = when {
                                                                                                isBuy -> it.minus(other = entryPrice).times(other = order.<get-volume>())
                                                                                                else -> entryPrice.minus(other = it).times(other = order.<get-volume>())
                                                                                              }
                                                                                              // COMPOSITE {
                                                                                              // }
                                                                                              return tmp0_return
                                                                                            }
                                                                                          }

                                                                                          TradingChart2Kt::<anonymous>
                                                                                        })
                                                                                      }
                                                                                    }
                                                                                    { // BLOCK
                                                                                      val tmp4_text: String = { // BLOCK
                                                                                        val tmp3_elvis_lhs: String? = { // BLOCK
                                                                                          val tmp2_safe_receiver: Float? = order.<get-tp>()
                                                                                          when {
                                                                                            EQEQ(arg0 = tmp2_safe_receiver, arg1 = null) -> null
                                                                                            else -> let<Float, String>(/* <this> = tmp2_safe_receiver, */ block = { // BLOCK
                                                                                              local fun <anonymous>(it: Float): String {
                                                                                                { // BLOCK
                                                                                                  val tmp0_return: String = format(/* <this> = Companion, */ format = "%,.1f(Last)%s", args = { // BLOCK
                                                                                                    val tmp0: Array<out Any?> = arrayOfNulls<Any?>(size = 2)
                                                                                                    tmp0.set(index = 0, value = it)
                                                                                                    tmp0.set(index = 1, value = { // BLOCK
                                                                                                      val tmp1_elvis_lhs: String? = { // BLOCK
                                                                                                        val tmp0_safe_receiver: Float? = tpPnl
                                                                                                        when {
                                                                                                          EQEQ(arg0 = tmp0_safe_receiver, arg1 = null) -> null
                                                                                                          else -> let<Float, String>(/* <this> = tmp0_safe_receiver, */ block = { // BLOCK
                                                                                                            local fun <anonymous>(pnl: Float): String {
                                                                                                              { // BLOCK
                                                                                                                val tmp0_return: String = " (" + when {
                                                                                                                  greaterOrEqual(arg0 = pnl, arg1 = 0.0F) -> "+"
                                                                                                                  else -> ""
                                                                                                                } + format(/* <this> = Companion, */ format = "%.2f", args = { // BLOCK
                                                                                                                  val tmp0: Array<out Any?> = arrayOfNulls<Any?>(size = 1)
                                                                                                                  tmp0.set(index = 0, value = pnl)
                                                                                                                  tmp0
                                                                                                                }) + ")"
                                                                                                                // COMPOSITE {
                                                                                                                // }
                                                                                                                return tmp0_return
                                                                                                              }
                                                                                                            }

                                                                                                            TradingChart2Kt::<anonymous>
                                                                                                          })
                                                                                                        }
                                                                                                      }
                                                                                                      when {
                                                                                                        EQEQ(arg0 = tmp1_elvis_lhs, arg1 = null) -> ""
                                                                                                        else -> tmp1_elvis_lhs
                                                                                                      }
                                                                                                    })
                                                                                                    tmp0
                                                                                                  })
                                                                                                  // COMPOSITE {
                                                                                                  // }
                                                                                                  return tmp0_return
                                                                                                }
                                                                                              }

                                                                                              TradingChart2Kt::<anonymous>
                                                                                            })
                                                                                          }
                                                                                        }
                                                                                        when {
                                                                                          EQEQ(arg0 = tmp3_elvis_lhs, arg1 = null) -> "--"
                                                                                          else -> tmp3_elvis_lhs
                                                                                        }
                                                                                      }
                                                                                      val tmp5_color: Color = Color(color = 4278753665L)
                                                                                      val tmp6_fontSize: TextUnit = <get-sp>(/* <this> = 14 */)
                                                                                      val tmp7_fontWeight: FontWeight = Companion.<get-Bold>()
                                                                                      val tmp8_modifier: Modifier = $this$Row.weight(/* <this> = Companion, */ weight = 1.0F)
                                                                                      Text(text = tmp4_text, modifier = tmp8_modifier, color = tmp5_color, fontSize = tmp6_fontSize, fontStyle = // COMPOSITE {
                                                                                      null
                                                                                      // }, fontWeight = tmp7_fontWeight, fontFamily = // COMPOSITE {
                                                                                      null
                                                                                      // }, letterSpacing = // COMPOSITE {
                                                                                      <unsafe-coerce><Long, TextUnit>(v = 0L)
                                                                                      // }, textDecoration = // COMPOSITE {
                                                                                      null
                                                                                      // }, textAlign = // COMPOSITE {
                                                                                      null
                                                                                      // }, lineHeight = // COMPOSITE {
                                                                                      <unsafe-coerce><Long, TextUnit>(v = 0L)
                                                                                      // }, overflow = // COMPOSITE {
                                                                                      <unsafe-coerce><Int, TextOverflow>(v = 0)
                                                                                      // }, softWrap = // COMPOSITE {
                                                                                      false
                                                                                      // }, maxLines = // COMPOSITE {
                                                                                      0
                                                                                      // }, minLines = // COMPOSITE {
                                                                                      0
                                                                                      // }, onTextLayout = // COMPOSITE {
                                                                                      null
                                                                                      // }, style = // COMPOSITE {
                                                                                      null
                                                                                      // }, $composer = $composer, $changed = 200064, $changed1 = 0, $default = 131024)
                                                                                    }
                                                                                    { // BLOCK
                                                                                      val tmp11_text: String = { // BLOCK
                                                                                        val tmp10_elvis_lhs: String? = { // BLOCK
                                                                                          val tmp9_safe_receiver: Float? = order.<get-sl>()
                                                                                          when {
                                                                                            EQEQ(arg0 = tmp9_safe_receiver, arg1 = null) -> null
                                                                                            else -> let<Float, String>(/* <this> = tmp9_safe_receiver, */ block = { // BLOCK
                                                                                              local fun <anonymous>(it: Float): String {
                                                                                                { // BLOCK
                                                                                                  val tmp0_return: String = format(/* <this> = Companion, */ format = "%s%,.1f(Last)", args = { // BLOCK
                                                                                                    val tmp0: Array<out Any?> = arrayOfNulls<Any?>(size = 2)
                                                                                                    tmp0.set(index = 0, value = { // BLOCK
                                                                                                      val tmp1_elvis_lhs: String? = { // BLOCK
                                                                                                        val tmp0_safe_receiver: Float? = slPnl
                                                                                                        when {
                                                                                                          EQEQ(arg0 = tmp0_safe_receiver, arg1 = null) -> null
                                                                                                          else -> let<Float, String>(/* <this> = tmp0_safe_receiver, */ block = { // BLOCK
                                                                                                            local fun <anonymous>(pnl: Float): String {
                                                                                                              { // BLOCK
                                                                                                                val tmp0_return: String = "(" + when {
                                                                                                                  greaterOrEqual(arg0 = pnl, arg1 = 0.0F) -> "+"
                                                                                                                  else -> ""
                                                                                                                } + format(/* <this> = Companion, */ format = "%.2f", args = { // BLOCK
                                                                                                                  val tmp0: Array<out Any?> = arrayOfNulls<Any?>(size = 1)
                                                                                                                  tmp0.set(index = 0, value = pnl)
                                                                                                                  tmp0
                                                                                                                }) + ") "
                                                                                                                // COMPOSITE {
                                                                                                                // }
                                                                                                                return tmp0_return
                                                                                                              }
                                                                                                            }

                                                                                                            TradingChart2Kt::<anonymous>
                                                                                                          })
                                                                                                        }
                                                                                                      }
                                                                                                      when {
                                                                                                        EQEQ(arg0 = tmp1_elvis_lhs, arg1 = null) -> ""
                                                                                                        else -> tmp1_elvis_lhs
                                                                                                      }
                                                                                                    })
                                                                                                    tmp0.set(index = 1, value = it)
                                                                                                    tmp0
                                                                                                  })
                                                                                                  // COMPOSITE {
                                                                                                  // }
                                                                                                  return tmp0_return
                                                                                                }
                                                                                              }

                                                                                              TradingChart2Kt::<anonymous>
                                                                                            })
                                                                                          }
                                                                                        }
                                                                                        when {
                                                                                          EQEQ(arg0 = tmp10_elvis_lhs, arg1 = null) -> "--"
                                                                                          else -> tmp10_elvis_lhs
                                                                                        }
                                                                                      }
                                                                                      val tmp12_color: Color = Color(color = 4294063685L)
                                                                                      val tmp13_fontSize: TextUnit = <get-sp>(/* <this> = 14 */)
                                                                                      val tmp14_fontWeight: FontWeight = Companion.<get-Bold>()
                                                                                      val tmp15_modifier: Modifier = $this$Row.weight(/* <this> = Companion, */ weight = 1.0F)
                                                                                      val tmp16_textAlign: TextAlign = Companion.<get-End>()
                                                                                      Text(text = tmp11_text, modifier = tmp15_modifier, color = tmp12_color, fontSize = tmp13_fontSize, fontStyle = // COMPOSITE {
                                                                                      null
                                                                                      // }, fontWeight = tmp14_fontWeight, fontFamily = // COMPOSITE {
                                                                                      null
                                                                                      // }, letterSpacing = // COMPOSITE {
                                                                                      <unsafe-coerce><Long, TextUnit>(v = 0L)
                                                                                      // }, textDecoration = // COMPOSITE {
                                                                                      null
                                                                                      // }, textAlign = tmp16_textAlign, lineHeight = // COMPOSITE {
                                                                                      <unsafe-coerce><Long, TextUnit>(v = 0L)
                                                                                      // }, overflow = // COMPOSITE {
                                                                                      <unsafe-coerce><Int, TextOverflow>(v = 0)
                                                                                      // }, softWrap = // COMPOSITE {
                                                                                      false
                                                                                      // }, maxLines = // COMPOSITE {
                                                                                      0
                                                                                      // }, minLines = // COMPOSITE {
                                                                                      0
                                                                                      // }, onTextLayout = // COMPOSITE {
                                                                                      null
                                                                                      // }, style = // COMPOSITE {
                                                                                      null
                                                                                      // }, $composer = $composer, $changed = 200064, $changed1 = 0, $default = 130512)
                                                                                    }
                                                                                    // }
                                                                                    sourceInformationMarkerEnd(composer = $composer)
                                                                                  }
                                                                                }

                                                                                ::<anonymous>
                                                                              }, $composer = $composer, $changed = 6, $default = 6)
                                                                              Spacer(modifier = height(/* <this> = Companion, */ height = <get-dp>(/* <this> = 4 */)), $composer = $composer, $changed = 6)
                                                                              Row(modifier = fillMaxWidth(/* <this> = Companion */), horizontalArrangement = // COMPOSITE {
                                                                              null
                                                                              // }, verticalAlignment = Companion.<get-CenterVertically>(), content = { // BLOCK
                                                                                @Composable
                                                                                @ComposableTarget(applier = "androidx.compose.ui.UiComposable")
                                                                                local fun RowScope.<anonymous>(/* var */ $composer: Composer?, $changed: Int) {
                                                                                  { // BLOCK
                                                                                    sourceInformationMarkerStart(composer = $composer, key = 460403986, sourceInformation = "C1190@64110L95,1191@64254L132,1192@64435L122:TradingChart2.kt#x6l30d")
                                                                                    // COMPOSITE {
                                                                                    { // BLOCK
                                                                                      val tmp0_text: String = order.<get-tpOrderPrice>()
                                                                                      val tmp1_color: Color = Companion.<get-White>()
                                                                                      val tmp2_fontSize: TextUnit = <get-sp>(/* <this> = 13 */)
                                                                                      val tmp3_modifier: Modifier = $this$Row.weight(/* <this> = Companion, */ weight = 1.0F)
                                                                                      Text(text = tmp0_text, modifier = tmp3_modifier, color = tmp1_color, fontSize = tmp2_fontSize, fontStyle = // COMPOSITE {
                                                                                      null
                                                                                      // }, fontWeight = // COMPOSITE {
                                                                                      null
                                                                                      // }, fontFamily = // COMPOSITE {
                                                                                      null
                                                                                      // }, letterSpacing = // COMPOSITE {
                                                                                      <unsafe-coerce><Long, TextUnit>(v = 0L)
                                                                                      // }, textDecoration = // COMPOSITE {
                                                                                      null
                                                                                      // }, textAlign = // COMPOSITE {
                                                                                      null
                                                                                      // }, lineHeight = // COMPOSITE {
                                                                                      <unsafe-coerce><Long, TextUnit>(v = 0L)
                                                                                      // }, overflow = // COMPOSITE {
                                                                                      <unsafe-coerce><Int, TextOverflow>(v = 0)
                                                                                      // }, softWrap = // COMPOSITE {
                                                                                      false
                                                                                      // }, maxLines = // COMPOSITE {
                                                                                      0
                                                                                      // }, minLines = // COMPOSITE {
                                                                                      0
                                                                                      // }, onTextLayout = // COMPOSITE {
                                                                                      null
                                                                                      // }, style = // COMPOSITE {
                                                                                      null
                                                                                      // }, $composer = $composer, $changed = 3456, $changed1 = 0, $default = 131056)
                                                                                    }
                                                                                    { // BLOCK
                                                                                      val tmp4_text: String = order.<get-volume>().toString()
                                                                                      val tmp5_color: Color = Companion.<get-White>()
                                                                                      val tmp6_fontSize: TextUnit = <get-sp>(/* <this> = 13 */)
                                                                                      val tmp7_modifier: Modifier = width(/* <this> = Companion, */ width = <get-dp>(/* <this> = 60 */))
                                                                                      val tmp8_textAlign: TextAlign = Companion.<get-Center>()
                                                                                      Text(text = tmp4_text, modifier = tmp7_modifier, color = tmp5_color, fontSize = tmp6_fontSize, fontStyle = // COMPOSITE {
                                                                                      null
                                                                                      // }, fontWeight = // COMPOSITE {
                                                                                      null
                                                                                      // }, fontFamily = // COMPOSITE {
                                                                                      null
                                                                                      // }, letterSpacing = // COMPOSITE {
                                                                                      <unsafe-coerce><Long, TextUnit>(v = 0L)
                                                                                      // }, textDecoration = // COMPOSITE {
                                                                                      null
                                                                                      // }, textAlign = tmp8_textAlign, lineHeight = // COMPOSITE {
                                                                                      <unsafe-coerce><Long, TextUnit>(v = 0L)
                                                                                      // }, overflow = // COMPOSITE {
                                                                                      <unsafe-coerce><Int, TextOverflow>(v = 0)
                                                                                      // }, softWrap = // COMPOSITE {
                                                                                      false
                                                                                      // }, maxLines = // COMPOSITE {
                                                                                      0
                                                                                      // }, minLines = // COMPOSITE {
                                                                                      0
                                                                                      // }, onTextLayout = // COMPOSITE {
                                                                                      null
                                                                                      // }, style = // COMPOSITE {
                                                                                      null
                                                                                      // }, $composer = $composer, $changed = 3504, $changed1 = 0, $default = 130544)
                                                                                    }
                                                                                    { // BLOCK
                                                                                      val tmp9_text: String = order.<get-slOrderPrice>()
                                                                                      val tmp10_color: Color = Companion.<get-White>()
                                                                                      val tmp11_fontSize: TextUnit = <get-sp>(/* <this> = 13 */)
                                                                                      val tmp12_modifier: Modifier = $this$Row.weight(/* <this> = Companion, */ weight = 1.0F)
                                                                                      val tmp13_textAlign: TextAlign = Companion.<get-End>()
                                                                                      Text(text = tmp9_text, modifier = tmp12_modifier, color = tmp10_color, fontSize = tmp11_fontSize, fontStyle = // COMPOSITE {
                                                                                      null
                                                                                      // }, fontWeight = // COMPOSITE {
                                                                                      null
                                                                                      // }, fontFamily = // COMPOSITE {
                                                                                      null
                                                                                      // }, letterSpacing = // COMPOSITE {
                                                                                      <unsafe-coerce><Long, TextUnit>(v = 0L)
                                                                                      // }, textDecoration = // COMPOSITE {
                                                                                      null
                                                                                      // }, textAlign = tmp13_textAlign, lineHeight = // COMPOSITE {
                                                                                      <unsafe-coerce><Long, TextUnit>(v = 0L)
                                                                                      // }, overflow = // COMPOSITE {
                                                                                      <unsafe-coerce><Int, TextOverflow>(v = 0)
                                                                                      // }, softWrap = // COMPOSITE {
                                                                                      false
                                                                                      // }, maxLines = // COMPOSITE {
                                                                                      0
                                                                                      // }, minLines = // COMPOSITE {
                                                                                      0
                                                                                      // }, onTextLayout = // COMPOSITE {
                                                                                      null
                                                                                      // }, style = // COMPOSITE {
                                                                                      null
                                                                                      // }, $composer = $composer, $changed = 3456, $changed1 = 0, $default = 130544)
                                                                                    }
                                                                                    // }
                                                                                    sourceInformationMarkerEnd(composer = $composer)
                                                                                  }
                                                                                }

                                                                                ::<anonymous>
                                                                              }, $composer = $composer, $changed = 390, $default = 2)
                                                                              Spacer(modifier = height(/* <this> = Companion, */ height = <get-dp>(/* <this> = 8 */)), $composer = $composer, $changed = 6)
                                                                              Row(modifier = fillMaxWidth(/* <this> = Companion */), horizontalArrangement = Arrangement.spacedBy(space = <get-dp>(/* <this> = 8 */)), verticalAlignment = // COMPOSITE {
                                                                              null
                                                                              // }, content = { // BLOCK
                                                                                @Composable
                                                                                @ComposableTarget(applier = "androidx.compose.ui.UiComposable")
                                                                                local fun RowScope.<anonymous>(/* var */ $composer: Composer?, $changed: Int) {
                                                                                  { // BLOCK
                                                                                    sourceInformationMarkerStart(composer = $composer, key = 516246929, sourceInformation = "C1205@65669L48,1197@64945L547,1196@64875L1226,1214@66428L48,1212@66220L31,1211@66150L710:TradingChart2.kt#x6l30d")
                                                                                    // COMPOSITE {
                                                                                    { // BLOCK
                                                                                      val tmp0_modifier: Modifier = height(/* <this> = $this$Row.weight(/* <this> = Companion, */ weight = 1.0F), */ height = <get-dp>(/* <this> = 32 */))
                                                                                      val tmp1_colors: ButtonColors = ButtonDefaults.buttonColors(containerColor = Color(color = 4280954425L), contentColor = // COMPOSITE {
                                                                                      <unsafe-coerce><Long, Color>(v = 0L)
                                                                                      // }, disabledContainerColor = // COMPOSITE {
                                                                                      <unsafe-coerce><Long, Color>(v = 0L)
                                                                                      // }, disabledContentColor = // COMPOSITE {
                                                                                      <unsafe-coerce><Long, Color>(v = 0L)
                                                                                      // }, $composer = $composer, $changed = 6.or(other = #$stable.shl(bitCount = 12)), $default = 14)
                                                                                      val tmp2_shape: RoundedCornerShape = RoundedCornerShape(size = <get-dp>(/* <this> = 4 */))
                                                                                      val tmp3_contentPadding: PaddingValues = PaddingValues(all = <get-dp>(/* <this> = 0 */))
                                                                                      Button(onClick = { // BLOCK
                                                                                        { // BLOCK
                                                                                          $composer.startReplaceableGroup(key = -1224400529)
                                                                                          sourceInformation(composer = $composer, sourceInformation = "CC(remember):TradingChart2.kt#9igjgp")
                                                                                        }
                                                                                        val tmp0_group: Function0<Unit> = cache<Function0<Unit>>(/* <this> = $composer, */ invalid = when {
                                                                                          when {
                                                                                            greater(arg0 = $changed.and(other = 112).xor(other = 48), arg1 = 32) -> $composer.changed(value = order)
                                                                                            else -> false
                                                                                          } -> true
                                                                                          else -> EQEQ(arg0 = $changed.and(other = 48), arg1 = 32)
                                                                                        }.or(other = $composer.changed(value = precision)), block = { // BLOCK
                                                                                          local fun <anonymous>(): Function0<Unit> {
                                                                                            return { // BLOCK
                                                                                              local class <no name provided> : Function0<Unit> {
                                                                                                constructor() /* primary */ {
                                                                                                  super/*Any*/()
                                                                                                  /* <init>() */

                                                                                                }

                                                                                                override fun invoke() {
                                                                                                  <set-partialOrderId>(<set-?> = order.<get-id>())
                                                                                                  <set-partialQty>(<set-?> = order.<get-volume>().toString())
                                                                                                  <set-partialTpPrice>(<set-?> = { // BLOCK
                                                                                                    val tmp1_elvis_lhs: String? = { // BLOCK
                                                                                                      val tmp0_safe_receiver: Float? = order.<get-tp>()
                                                                                                      when {
                                                                                                        EQEQ(arg0 = tmp0_safe_receiver, arg1 = null) -> null
                                                                                                        else -> let<Float, String>(/* <this> = tmp0_safe_receiver, */ block = { // BLOCK
                                                                                                          local fun <anonymous>(it: Float): String {
                                                                                                            return formatPriceValue(price = it)
                                                                                                          }

                                                                                                          <no name provided>::<anonymous>
                                                                                                        })
                                                                                                      }
                                                                                                    }
                                                                                                    when {
                                                                                                      EQEQ(arg0 = tmp1_elvis_lhs, arg1 = null) -> ""
                                                                                                      else -> tmp1_elvis_lhs
                                                                                                    }
                                                                                                  })
                                                                                                  <set-partialSlPrice>(<set-?> = { // BLOCK
                                                                                                    val tmp3_elvis_lhs: String? = { // BLOCK
                                                                                                      val tmp2_safe_receiver: Float? = order.<get-sl>()
                                                                                                      when {
                                                                                                        EQEQ(arg0 = tmp2_safe_receiver, arg1 = null) -> null
                                                                                                        else -> let<Float, String>(/* <this> = tmp2_safe_receiver, */ block = { // BLOCK
                                                                                                          local fun <anonymous>(it: Float): String {
                                                                                                            return formatPriceValue(price = it)
                                                                                                          }

                                                                                                          <no name provided>::<anonymous>
                                                                                                        })
                                                                                                      }
                                                                                                    }
                                                                                                    when {
                                                                                                      EQEQ(arg0 = tmp3_elvis_lhs, arg1 = null) -> ""
                                                                                                      else -> tmp3_elvis_lhs
                                                                                                    }
                                                                                                  })
                                                                                                  <set-isEditingPartial>(<set-?> = true)
                                                                                                }

                                                                                              }

                                                                                              <no name provided>()
                                                                                            }
                                                                                          }

                                                                                          TradingChart2Kt::<anonymous>
                                                                                        })
                                                                                        $composer.endReplaceableGroup()
                                                                                        tmp0_group
                                                                                      }, modifier = tmp0_modifier, enabled = // COMPOSITE {
                                                                                      false
                                                                                      // }, shape = tmp2_shape, colors = tmp1_colors, elevation = // COMPOSITE {
                                                                                      null
                                                                                      // }, border = // COMPOSITE {
                                                                                      null
                                                                                      // }, contentPadding = tmp3_contentPadding, interactionSource = // COMPOSITE {
                                                                                      null
                                                                                      // }, content = ComposableSingletons$TradingChart2Kt.<get-lambda$-1713592063>(), $composer = $composer, $changed = 817889280, $default = 356)
                                                                                    }
                                                                                    { // BLOCK
                                                                                      val tmp4_modifier: Modifier = height(/* <this> = $this$Row.weight(/* <this> = Companion, */ weight = 1.0F), */ height = <get-dp>(/* <this> = 32 */))
                                                                                      val tmp5_colors: ButtonColors = ButtonDefaults.buttonColors(containerColor = Color(color = 4280954425L), contentColor = // COMPOSITE {
                                                                                      <unsafe-coerce><Long, Color>(v = 0L)
                                                                                      // }, disabledContainerColor = // COMPOSITE {
                                                                                      <unsafe-coerce><Long, Color>(v = 0L)
                                                                                      // }, disabledContentColor = // COMPOSITE {
                                                                                      <unsafe-coerce><Long, Color>(v = 0L)
                                                                                      // }, $composer = $composer, $changed = 6.or(other = #$stable.shl(bitCount = 12)), $default = 14)
                                                                                      val tmp6_shape: RoundedCornerShape = RoundedCornerShape(size = <get-dp>(/* <this> = 4 */))
                                                                                      val tmp7_contentPadding: PaddingValues = PaddingValues(all = <get-dp>(/* <this> = 0 */))
                                                                                      Button(onClick = { // BLOCK
                                                                                        { // BLOCK
                                                                                          $composer.startReplaceableGroup(key = -1633490746)
                                                                                          sourceInformation(composer = $composer, sourceInformation = "CC(remember):TradingChart2.kt#9igjgp")
                                                                                        }
                                                                                        val tmp1_group: Function0<Unit> = cache<Function0<Unit>>(/* <this> = $composer, */ invalid = when {
                                                                                          when {
                                                                                            greater(arg0 = $changed.and(other = 112).xor(other = 48), arg1 = 32) -> $composer.changed(value = order)
                                                                                            else -> false
                                                                                          } -> true
                                                                                          else -> EQEQ(arg0 = $changed.and(other = 48), arg1 = 32)
                                                                                        }, block = { // BLOCK
                                                                                          local fun <anonymous>(): Function0<Unit> {
                                                                                            return { // BLOCK
                                                                                              local class <no name provided> : Function0<Unit> {
                                                                                                constructor() /* primary */ {
                                                                                                  super/*Any*/()
                                                                                                  /* <init>() */

                                                                                                }

                                                                                                override fun invoke() {
                                                                                                  partialOrders.remove(element = order) /*~> Unit */
                                                                                                }

                                                                                              }

                                                                                              <no name provided>()
                                                                                            }
                                                                                          }

                                                                                          TradingChart2Kt::<anonymous>
                                                                                        })
                                                                                        $composer.endReplaceableGroup()
                                                                                        tmp1_group
                                                                                      }, modifier = tmp4_modifier, enabled = // COMPOSITE {
                                                                                      false
                                                                                      // }, shape = tmp6_shape, colors = tmp5_colors, elevation = // COMPOSITE {
                                                                                      null
                                                                                      // }, border = // COMPOSITE {
                                                                                      null
                                                                                      // }, contentPadding = tmp7_contentPadding, interactionSource = // COMPOSITE {
                                                                                      null
                                                                                      // }, content = ComposableSingletons$TradingChart2Kt.<get-lambda$1469113130>(), $composer = $composer, $changed = 817889280, $default = 356)
                                                                                    }
                                                                                    // }
                                                                                    sourceInformationMarkerEnd(composer = $composer)
                                                                                  }
                                                                                }

                                                                                ::<anonymous>
                                                                              }, $composer = $composer, $changed = 54, $default = 4)
                                                                              // }
                                                                              sourceInformationMarkerEnd(composer = $composer)
                                                                            }
                                                                          }

                                                                          ::<anonymous>
                                                                        }, $composer = $composer, $changed = 6, $default = 6)
                                                                        Divider(modifier = // COMPOSITE {
                                                                        null
                                                                        // }, thickness = // COMPOSITE {
                                                                        <unsafe-coerce><Float, Dp>(v = 0.0F)
                                                                        // }, color = boxBorderColor, $composer = $composer, $changed = 384, $default = 3)
                                                                        // }
                                                                        $composer.endReplaceableGroup()
                                                                      }
                                                                    }

                                                                    ::<anonymous>
                                                                  })
                                                                }

                                                                <jvm-indy-lambda-metafactory><@ExtensionFunctionType Function1<LazyListScope, Unit>>(samMethodType = &error("") /* ERROR: unsupported element type: IrRawFunctionReferenceImpl */
, implMethodReference = TradingChart2Kt::<anonymous>, instantiatedMethodType = &error("") /* ERROR: unsupported element type: IrRawFunctionReferenceImpl */
, extraOverriddenMethodTypes = [], shouldBeSerializable = false)
                                                              }
                                                            }

                                                            TradingChart2Kt::<anonymous>
                                                          })
                                                          $composer.endReplaceableGroup()
                                                          tmp0_group
                                                        }, $composer = $composer, $changed = 6, $default = 254)
                                                        // }
                                                        sourceInformationMarkerEnd(composer = $composer)
                                                      }
                                                    }

                                                    ::<anonymous>
                                                  }, $composer = $composer, $changed = 6, $default = 6)
                                                }
                                                $composer.endReplaceableGroup()
                                              }
                                              else -> { // BLOCK
                                                $composer.startReplaceableGroup(key = 1206458532)
                                                $composer.endReplaceableGroup()
                                                { // BLOCK
                                                }
                                              }
                                            }
                                          }
                                        }
                                        $composer.endReplaceableGroup()
                                      }
                                      else -> { // BLOCK
                                        { // BLOCK
                                          $composer.startReplaceableGroup(key = 1273243258)
                                          sourceInformation(composer = $composer, sourceInformation = "1229@67216L4066")
                                        }
                                        { // BLOCK
                                          Column(modifier = fillMaxWidth(/* <this> = Companion */), verticalArrangement = // COMPOSITE {
                                          null
                                          // }, horizontalAlignment = // COMPOSITE {
                                          null
                                          // }, content = { // BLOCK
                                            @Composable
                                            @ComposableTarget(applier = "androidx.compose.ui.UiComposable")
                                            local fun ColumnScope.<anonymous>(/* var */ $composer: Composer?, $changed: Int) {
                                              { // BLOCK
                                                sourceInformationMarkerStart(composer = $composer, key = -573940380, sourceInformation = "C1230@67285L56,1231@67366L486,1235@67902L41,1236@67968L70,1237@68117L23,1237@68156L96,1237@68268L96,1237@68408L2,1237@68063L445,1239@68558L41,1240@68624L68,1241@68771L23,1241@68810L96,1241@68922L96,1241@69062L2,1241@68717L445,1243@69212L41,1244@69278L1982:TradingChart2.kt#x6l30d")
                                                // COMPOSITE {
                                                Text(text = "Qty", modifier = // COMPOSITE {
                                                null
                                                // }, color = Color(color = 4286086022L), fontSize = <get-sp>(/* <this> = 14 */), fontStyle = // COMPOSITE {
                                                null
                                                // }, fontWeight = // COMPOSITE {
                                                null
                                                // }, fontFamily = // COMPOSITE {
                                                null
                                                // }, letterSpacing = // COMPOSITE {
                                                <unsafe-coerce><Long, TextUnit>(v = 0L)
                                                // }, textDecoration = // COMPOSITE {
                                                null
                                                // }, textAlign = // COMPOSITE {
                                                null
                                                // }, lineHeight = // COMPOSITE {
                                                <unsafe-coerce><Long, TextUnit>(v = 0L)
                                                // }, overflow = // COMPOSITE {
                                                <unsafe-coerce><Int, TextOverflow>(v = 0)
                                                // }, softWrap = // COMPOSITE {
                                                false
                                                // }, maxLines = // COMPOSITE {
                                                0
                                                // }, minLines = // COMPOSITE {
                                                0
                                                // }, onTextLayout = // COMPOSITE {
                                                null
                                                // }, style = // COMPOSITE {
                                                null
                                                // }, $composer = $composer, $changed = 3462, $changed1 = 0, $default = 131058)
                                                Box(modifier = padding(/* <this> = border(/* <this> = background(/* <this> = padding(/* <this> = height(/* <this> = fillMaxWidth(/* <this> = Companion */), */ height = <get-dp>(/* <this> = 48 */)), */ vertical = <get-dp>(/* <this> = 4 */)), */ color = boxBackgroundColor, shape = RoundedCornerShape(size = <get-dp>(/* <this> = 4 */))), */ width = <get-dp>(/* <this> = 1 */), color = boxBorderColor, shape = RoundedCornerShape(size = <get-dp>(/* <this> = 4 */))), */ horizontal = <get-dp>(/* <this> = 12 */)), contentAlignment = Companion.<get-CenterStart>(), propagateMinConstraints = // COMPOSITE {
                                                false
                                                // }, content = { // BLOCK
                                                  @Composable
                                                  @ComposableTarget(applier = "androidx.compose.ui.UiComposable")
                                                  local fun BoxScope.<anonymous>(/* var */ $composer: Composer?, $changed: Int) {
                                                    { // BLOCK
                                                      sourceInformationMarkerStart(composer = $composer, key = -2102488388, sourceInformation = "C1232@67708L19,1232@67657L169:TradingChart2.kt#x6l30d")
                                                      // COMPOSITE {
                                                      { // BLOCK
                                                        val tmp0_value: String = <get-partialQty>()
                                                        val tmp1_textStyle: TextStyle = TextStyle(color = Companion.<get-White>(), fontSize = <get-sp>(/* <this> = 16 */))
                                                        val tmp2_modifier: Modifier = fillMaxWidth(/* <this> = Companion */)
                                                        BasicTextField(value = tmp0_value, onValueChange = { // BLOCK
                                                          { // BLOCK
                                                            $composer.startReplaceableGroup(key = 5004770)
                                                            sourceInformation(composer = $composer, sourceInformation = "CC(remember):TradingChart2.kt#9igjgp")
                                                          }
                                                          val tmp0_group: Function1<String, Unit> = cache<Function1<String, Unit>>(/* <this> = $composer, */ invalid = false, block = { // BLOCK
                                                            local fun <anonymous>(): Function1<String, Unit> {
                                                              return { // BLOCK
                                                                local fun <anonymous>(it: String): Unit? {
                                                                  <set-partialQty>(<set-?> = it)
                                                                }

                                                                <jvm-indy-lambda-metafactory><Function1<String, Unit>>(samMethodType = &error("") /* ERROR: unsupported element type: IrRawFunctionReferenceImpl */
, implMethodReference = TradingChart2Kt::<anonymous>, instantiatedMethodType = &error("") /* ERROR: unsupported element type: IrRawFunctionReferenceImpl */
, extraOverriddenMethodTypes = [], shouldBeSerializable = false)
                                                              }
                                                            }

                                                            TradingChart2Kt::<anonymous>
                                                          })
                                                          $composer.endReplaceableGroup()
                                                          tmp0_group
                                                        }, modifier = tmp2_modifier, enabled = // COMPOSITE {
                                                        false
                                                        // }, readOnly = // COMPOSITE {
                                                        false
                                                        // }, textStyle = tmp1_textStyle, keyboardOptions = // COMPOSITE {
                                                        null
                                                        // }, keyboardActions = // COMPOSITE {
                                                        null
                                                        // }, singleLine = // COMPOSITE {
                                                        false
                                                        // }, maxLines = // COMPOSITE {
                                                        0
                                                        // }, minLines = // COMPOSITE {
                                                        0
                                                        // }, visualTransformation = // COMPOSITE {
                                                        null
                                                        // }, onTextLayout = // COMPOSITE {
                                                        null
                                                        // }, interactionSource = // COMPOSITE {
                                                        null
                                                        // }, cursorBrush = // COMPOSITE {
                                                        null
                                                        // }, decorationBox = // COMPOSITE {
                                                        null
                                                        // }, $composer = $composer, $changed = 197040, $changed1 = 0, $default = 65496)
                                                      }
                                                      // }
                                                      sourceInformationMarkerEnd(composer = $composer)
                                                    }
                                                  }

                                                  ::<anonymous>
                                                }, $composer = $composer, $changed = 48, $default = 4)
                                                Spacer(modifier = height(/* <this> = Companion, */ height = <get-dp>(/* <this> = 16 */)), $composer = $composer, $changed = 6)
                                                Text(text = "Take Profit Price", modifier = // COMPOSITE {
                                                null
                                                // }, color = Color(color = 4286086022L), fontSize = <get-sp>(/* <this> = 14 */), fontStyle = // COMPOSITE {
                                                null
                                                // }, fontWeight = // COMPOSITE {
                                                null
                                                // }, fontFamily = // COMPOSITE {
                                                null
                                                // }, letterSpacing = // COMPOSITE {
                                                <unsafe-coerce><Long, TextUnit>(v = 0L)
                                                // }, textDecoration = // COMPOSITE {
                                                null
                                                // }, textAlign = // COMPOSITE {
                                                null
                                                // }, lineHeight = // COMPOSITE {
                                                <unsafe-coerce><Long, TextUnit>(v = 0L)
                                                // }, overflow = // COMPOSITE {
                                                <unsafe-coerce><Int, TextOverflow>(v = 0)
                                                // }, softWrap = // COMPOSITE {
                                                false
                                                // }, maxLines = // COMPOSITE {
                                                0
                                                // }, minLines = // COMPOSITE {
                                                0
                                                // }, onTextLayout = // COMPOSITE {
                                                null
                                                // }, style = // COMPOSITE {
                                                null
                                                // }, $composer = $composer, $changed = 3462, $changed1 = 0, $default = 131058)
                                                PriceInputRow(value = <get-partialTpPrice>(), onValueChange = { // BLOCK
                                                  { // BLOCK
                                                    $composer.startReplaceableGroup(key = 5004770)
                                                    sourceInformation(composer = $composer, sourceInformation = "CC(remember):TradingChart2.kt#9igjgp")
                                                  }
                                                  val tmp0_group: Function1<String, Unit> = cache<Function1<String, Unit>>(/* <this> = $composer, */ invalid = false, block = { // BLOCK
                                                    local fun <anonymous>(): Function1<String, Unit> {
                                                      return { // BLOCK
                                                        local fun <anonymous>(it: String): Unit? {
                                                          <set-partialTpPrice>(<set-?> = it)
                                                        }

                                                        <jvm-indy-lambda-metafactory><Function1<String, Unit>>(samMethodType = &error("") /* ERROR: unsupported element type: IrRawFunctionReferenceImpl */
, implMethodReference = TradingChart2Kt::<anonymous>, instantiatedMethodType = &error("") /* ERROR: unsupported element type: IrRawFunctionReferenceImpl */
, extraOverriddenMethodTypes = [], shouldBeSerializable = false)
                                                      }
                                                    }

                                                    TradingChart2Kt::<anonymous>
                                                  })
                                                  $composer.endReplaceableGroup()
                                                  tmp0_group
                                                }, onIncrement = { // BLOCK
                                                  { // BLOCK
                                                    $composer.startReplaceableGroup(key = -1224400529)
                                                    sourceInformation(composer = $composer, sourceInformation = "CC(remember):TradingChart2.kt#9igjgp")
                                                  }
                                                  val tmp1_group: Function0<Unit> = cache<Function0<Unit>>(/* <this> = $composer, */ invalid = $composer.changed(value = precision).or(other = $composer.changed(value = entryPrice)).or(other = $composer.changed(value = tickSize)), block = { // BLOCK
                                                    local fun <anonymous>(): Function0<Unit> {
                                                      return { // BLOCK
                                                        local fun <anonymous>(): Unit? {
                                                          <set-partialTpPrice>(<set-?> = formatPriceValue(price = { // BLOCK
                                                            val tmp0_elvis_lhs: Float? = toFloatOrNull(/* <this> = <get-partialTpPrice>() */)
                                                            when {
                                                              EQEQ(arg0 = tmp0_elvis_lhs, arg1 = null) -> entryPrice
                                                              else -> tmp0_elvis_lhs
                                                            }
                                                          }.plus(other = tickSize)))
                                                        }

                                                        <jvm-indy-lambda-metafactory><Function0<Unit>>(samMethodType = &error("") /* ERROR: unsupported element type: IrRawFunctionReferenceImpl */
, implMethodReference = TradingChart2Kt::<anonymous>, instantiatedMethodType = &error("") /* ERROR: unsupported element type: IrRawFunctionReferenceImpl */
, extraOverriddenMethodTypes = [], shouldBeSerializable = false)
                                                      }
                                                    }

                                                    TradingChart2Kt::<anonymous>
                                                  })
                                                  $composer.endReplaceableGroup()
                                                  tmp1_group
                                                }, onDecrement = { // BLOCK
                                                  { // BLOCK
                                                    $composer.startReplaceableGroup(key = -1224400529)
                                                    sourceInformation(composer = $composer, sourceInformation = "CC(remember):TradingChart2.kt#9igjgp")
                                                  }
                                                  val tmp2_group: Function0<Unit> = cache<Function0<Unit>>(/* <this> = $composer, */ invalid = $composer.changed(value = precision).or(other = $composer.changed(value = entryPrice)).or(other = $composer.changed(value = tickSize)), block = { // BLOCK
                                                    local fun <anonymous>(): Function0<Unit> {
                                                      return { // BLOCK
                                                        local fun <anonymous>(): Unit? {
                                                          <set-partialTpPrice>(<set-?> = formatPriceValue(price = { // BLOCK
                                                            val tmp0_elvis_lhs: Float? = toFloatOrNull(/* <this> = <get-partialTpPrice>() */)
                                                            when {
                                                              EQEQ(arg0 = tmp0_elvis_lhs, arg1 = null) -> entryPrice
                                                              else -> tmp0_elvis_lhs
                                                            }
                                                          }.minus(other = tickSize)))
                                                        }

                                                        <jvm-indy-lambda-metafactory><Function0<Unit>>(samMethodType = &error("") /* ERROR: unsupported element type: IrRawFunctionReferenceImpl */
, implMethodReference = TradingChart2Kt::<anonymous>, instantiatedMethodType = &error("") /* ERROR: unsupported element type: IrRawFunctionReferenceImpl */
, extraOverriddenMethodTypes = [], shouldBeSerializable = false)
                                                      }
                                                    }

                                                    TradingChart2Kt::<anonymous>
                                                  })
                                                  $composer.endReplaceableGroup()
                                                  tmp2_group
                                                }, selectedSource = "Last", onSourceChange = { // BLOCK
                                                  { // BLOCK
                                                    $composer.startReplaceableGroup(key = 1849434622)
                                                    sourceInformation(composer = $composer, sourceInformation = "CC(remember):TradingChart2.kt#9igjgp")
                                                  }
                                                  val tmp3_group: Function1<String, Unit> = cache<Function1<String, Unit>>(/* <this> = $composer, */ invalid = false, block = { // BLOCK
                                                    local fun <anonymous>(): Function1<String, Unit> {
                                                      return { // BLOCK
                                                        local fun <anonymous>(it: String): Unit? {
                                                          return Unit
                                                        }

                                                        <jvm-indy-lambda-metafactory><Function1<String, Unit>>(samMethodType = &error("") /* ERROR: unsupported element type: IrRawFunctionReferenceImpl */
, implMethodReference = TradingChart2Kt::<anonymous>, instantiatedMethodType = &error("") /* ERROR: unsupported element type: IrRawFunctionReferenceImpl */
, extraOverriddenMethodTypes = [], shouldBeSerializable = false)
                                                      }
                                                    }

                                                    TradingChart2Kt::<anonymous>
                                                  })
                                                  $composer.endReplaceableGroup()
                                                  tmp3_group
                                                }, primaryColor = primaryColor, borderColor = boxBorderColor, backgroundColor = boxBackgroundColor, $composer = $composer, $changed = 115040304)
                                                Spacer(modifier = height(/* <this> = Companion, */ height = <get-dp>(/* <this> = 16 */)), $composer = $composer, $changed = 6)
                                                Text(text = "Stop Loss Price", modifier = // COMPOSITE {
                                                null
                                                // }, color = Color(color = 4286086022L), fontSize = <get-sp>(/* <this> = 14 */), fontStyle = // COMPOSITE {
                                                null
                                                // }, fontWeight = // COMPOSITE {
                                                null
                                                // }, fontFamily = // COMPOSITE {
                                                null
                                                // }, letterSpacing = // COMPOSITE {
                                                <unsafe-coerce><Long, TextUnit>(v = 0L)
                                                // }, textDecoration = // COMPOSITE {
                                                null
                                                // }, textAlign = // COMPOSITE {
                                                null
                                                // }, lineHeight = // COMPOSITE {
                                                <unsafe-coerce><Long, TextUnit>(v = 0L)
                                                // }, overflow = // COMPOSITE {
                                                <unsafe-coerce><Int, TextOverflow>(v = 0)
                                                // }, softWrap = // COMPOSITE {
                                                false
                                                // }, maxLines = // COMPOSITE {
                                                0
                                                // }, minLines = // COMPOSITE {
                                                0
                                                // }, onTextLayout = // COMPOSITE {
                                                null
                                                // }, style = // COMPOSITE {
                                                null
                                                // }, $composer = $composer, $changed = 3462, $changed1 = 0, $default = 131058)
                                                PriceInputRow(value = <get-partialSlPrice>(), onValueChange = { // BLOCK
                                                  { // BLOCK
                                                    $composer.startReplaceableGroup(key = 5004770)
                                                    sourceInformation(composer = $composer, sourceInformation = "CC(remember):TradingChart2.kt#9igjgp")
                                                  }
                                                  val tmp4_group: Function1<String, Unit> = cache<Function1<String, Unit>>(/* <this> = $composer, */ invalid = false, block = { // BLOCK
                                                    local fun <anonymous>(): Function1<String, Unit> {
                                                      return { // BLOCK
                                                        local fun <anonymous>(it: String): Unit? {
                                                          <set-partialSlPrice>(<set-?> = it)
                                                        }

                                                        <jvm-indy-lambda-metafactory><Function1<String, Unit>>(samMethodType = &error("") /* ERROR: unsupported element type: IrRawFunctionReferenceImpl */
, implMethodReference = TradingChart2Kt::<anonymous>, instantiatedMethodType = &error("") /* ERROR: unsupported element type: IrRawFunctionReferenceImpl */
, extraOverriddenMethodTypes = [], shouldBeSerializable = false)
                                                      }
                                                    }

                                                    TradingChart2Kt::<anonymous>
                                                  })
                                                  $composer.endReplaceableGroup()
                                                  tmp4_group
                                                }, onIncrement = { // BLOCK
                                                  { // BLOCK
                                                    $composer.startReplaceableGroup(key = -1224400529)
                                                    sourceInformation(composer = $composer, sourceInformation = "CC(remember):TradingChart2.kt#9igjgp")
                                                  }
                                                  val tmp5_group: Function0<Unit> = cache<Function0<Unit>>(/* <this> = $composer, */ invalid = $composer.changed(value = precision).or(other = $composer.changed(value = entryPrice)).or(other = $composer.changed(value = tickSize)), block = { // BLOCK
                                                    local fun <anonymous>(): Function0<Unit> {
                                                      return { // BLOCK
                                                        local fun <anonymous>(): Unit? {
                                                          <set-partialSlPrice>(<set-?> = formatPriceValue(price = { // BLOCK
                                                            val tmp0_elvis_lhs: Float? = toFloatOrNull(/* <this> = <get-partialSlPrice>() */)
                                                            when {
                                                              EQEQ(arg0 = tmp0_elvis_lhs, arg1 = null) -> entryPrice
                                                              else -> tmp0_elvis_lhs
                                                            }
                                                          }.plus(other = tickSize)))
                                                        }

                                                        <jvm-indy-lambda-metafactory><Function0<Unit>>(samMethodType = &error("") /* ERROR: unsupported element type: IrRawFunctionReferenceImpl */
, implMethodReference = TradingChart2Kt::<anonymous>, instantiatedMethodType = &error("") /* ERROR: unsupported element type: IrRawFunctionReferenceImpl */
, extraOverriddenMethodTypes = [], shouldBeSerializable = false)
                                                      }
                                                    }

                                                    TradingChart2Kt::<anonymous>
                                                  })
                                                  $composer.endReplaceableGroup()
                                                  tmp5_group
                                                }, onDecrement = { // BLOCK
                                                  { // BLOCK
                                                    $composer.startReplaceableGroup(key = -1224400529)
                                                    sourceInformation(composer = $composer, sourceInformation = "CC(remember):TradingChart2.kt#9igjgp")
                                                  }
                                                  val tmp6_group: Function0<Unit> = cache<Function0<Unit>>(/* <this> = $composer, */ invalid = $composer.changed(value = precision).or(other = $composer.changed(value = entryPrice)).or(other = $composer.changed(value = tickSize)), block = { // BLOCK
                                                    local fun <anonymous>(): Function0<Unit> {
                                                      return { // BLOCK
                                                        local fun <anonymous>(): Unit? {
                                                          <set-partialSlPrice>(<set-?> = formatPriceValue(price = { // BLOCK
                                                            val tmp0_elvis_lhs: Float? = toFloatOrNull(/* <this> = <get-partialSlPrice>() */)
                                                            when {
                                                              EQEQ(arg0 = tmp0_elvis_lhs, arg1 = null) -> entryPrice
                                                              else -> tmp0_elvis_lhs
                                                            }
                                                          }.minus(other = tickSize)))
                                                        }

                                                        <jvm-indy-lambda-metafactory><Function0<Unit>>(samMethodType = &error("") /* ERROR: unsupported element type: IrRawFunctionReferenceImpl */
, implMethodReference = TradingChart2Kt::<anonymous>, instantiatedMethodType = &error("") /* ERROR: unsupported element type: IrRawFunctionReferenceImpl */
, extraOverriddenMethodTypes = [], shouldBeSerializable = false)
                                                      }
                                                    }

                                                    TradingChart2Kt::<anonymous>
                                                  })
                                                  $composer.endReplaceableGroup()
                                                  tmp6_group
                                                }, selectedSource = "Last", onSourceChange = { // BLOCK
                                                  { // BLOCK
                                                    $composer.startReplaceableGroup(key = 1849434622)
                                                    sourceInformation(composer = $composer, sourceInformation = "CC(remember):TradingChart2.kt#9igjgp")
                                                  }
                                                  val tmp7_group: Function1<String, Unit> = cache<Function1<String, Unit>>(/* <this> = $composer, */ invalid = false, block = { // BLOCK
                                                    local fun <anonymous>(): Function1<String, Unit> {
                                                      return { // BLOCK
                                                        local fun <anonymous>(it: String): Unit? {
                                                          return Unit
                                                        }

                                                        <jvm-indy-lambda-metafactory><Function1<String, Unit>>(samMethodType = &error("") /* ERROR: unsupported element type: IrRawFunctionReferenceImpl */
, implMethodReference = TradingChart2Kt::<anonymous>, instantiatedMethodType = &error("") /* ERROR: unsupported element type: IrRawFunctionReferenceImpl */
, extraOverriddenMethodTypes = [], shouldBeSerializable = false)
                                                      }
                                                    }

                                                    TradingChart2Kt::<anonymous>
                                                  })
                                                  $composer.endReplaceableGroup()
                                                  tmp7_group
                                                }, primaryColor = primaryColor, borderColor = boxBorderColor, backgroundColor = boxBackgroundColor, $composer = $composer, $changed = 115040304)
                                                Spacer(modifier = height(/* <this> = Companion, */ height = <get-dp>(/* <this> = 16 */)), $composer = $composer, $changed = 6)
                                                Row(modifier = fillMaxWidth(/* <this> = Companion */), horizontalArrangement = Arrangement.<get-Center>(), verticalAlignment = // COMPOSITE {
                                                null
                                                // }, content = { // BLOCK
                                                  @Composable
                                                  @ComposableTarget(applier = "androidx.compose.ui.UiComposable")
                                                  local fun RowScope.<anonymous>(/* var */ $composer: Composer?, $changed: Int) {
                                                    { // BLOCK
                                                      sourceInformationMarkerStart(composer = $composer, key = -1178146635, sourceInformation = "C1258@70344L43,1246@69442L763,1245@69392L1237,1263@70658L40,1267@70944L48,1265@70777L28,1264@70727L507:TradingChart2.kt#x6l30d")
                                                      // COMPOSITE {
                                                      { // BLOCK
                                                        val tmp0_modifier: Modifier = height(/* <this> = width(/* <this> = Companion, */ width = <get-dp>(/* <this> = 110 */)), */ height = <get-dp>(/* <this> = 38 */))
                                                        val tmp1_colors: ButtonColors = ButtonDefaults.buttonColors(containerColor = primaryColor, contentColor = // COMPOSITE {
                                                        <unsafe-coerce><Long, Color>(v = 0L)
                                                        // }, disabledContainerColor = // COMPOSITE {
                                                        <unsafe-coerce><Long, Color>(v = 0L)
                                                        // }, disabledContentColor = // COMPOSITE {
                                                        <unsafe-coerce><Long, Color>(v = 0L)
                                                        // }, $composer = $composer, $changed = 6.or(other = #$stable.shl(bitCount = 12)), $default = 14)
                                                        val tmp2_shape: RoundedCornerShape = RoundedCornerShape(size = <get-dp>(/* <this> = 6 */))
                                                        Button(onClick = { // BLOCK
                                                          { // BLOCK
                                                            $composer.startReplaceableGroup(key = -1224400529)
                                                            sourceInformation(composer = $composer, sourceInformation = "CC(remember):TradingChart2.kt#9igjgp")
                                                          }
                                                          val tmp0_group: Function0<Unit> = cache<Function0<Unit>>(/* <this> = $composer, */ invalid = false, block = { // BLOCK
                                                            local fun <anonymous>(): Function0<Unit> {
                                                              return { // BLOCK
                                                                local fun <anonymous>(): Unit? {
                                                                  val newOrder: PartialOrder = { // BLOCK
                                                                    val tmp2_id: String = { // BLOCK
                                                                      val tmp0_elvis_lhs: String? = <get-partialOrderId>()
                                                                      when {
                                                                        EQEQ(arg0 = tmp0_elvis_lhs, arg1 = null) -> randomUUID().toString() /*!! String */
                                                                        else -> tmp0_elvis_lhs
                                                                      }
                                                                    }
                                                                    val tmp3_volume: Float = { // BLOCK
                                                                      val tmp1_elvis_lhs: Float? = toFloatOrNull(/* <this> = <get-partialQty>() */)
                                                                      when {
                                                                        EQEQ(arg0 = tmp1_elvis_lhs, arg1 = null) -> 0.001F
                                                                        else -> tmp1_elvis_lhs
                                                                      }
                                                                    }
                                                                    val tmp4_tp: Float? = toFloatOrNull(/* <this> = <get-partialTpPrice>() */)
                                                                    val tmp5_sl: Float? = toFloatOrNull(/* <this> = <get-partialSlPrice>() */)
                                                                    PartialOrder(id = tmp2_id, tp = tmp4_tp, sl = tmp5_sl, volume = tmp3_volume)
                                                                  }
                                                                  val index: Int = indexOfFirst<PartialOrder>(/* <this> = partialOrders, */ predicate = { // BLOCK
                                                                    local fun <anonymous>(it: PartialOrder): Boolean {
                                                                      return EQEQ(arg0 = it.<get-id>(), arg1 = <get-partialOrderId>())
                                                                    }

                                                                    TradingChart2Kt::<anonymous>
                                                                  })
                                                                  when {
                                                                    EQEQ(arg0 = index, arg1 = -1).not() -> { // BLOCK
                                                                      partialOrders.set(index = index, element = newOrder) /*~> Unit */
                                                                    }
                                                                    else -> partialOrders.add(element = newOrder)
                                                                  } /*~> Unit */
                                                                  <set-isEditingPartial>(<set-?> = false)
                                                                }

                                                                <jvm-indy-lambda-metafactory><Function0<Unit>>(samMethodType = &error("") /* ERROR: unsupported element type: IrRawFunctionReferenceImpl */
, implMethodReference = TradingChart2Kt::<anonymous>, instantiatedMethodType = &error("") /* ERROR: unsupported element type: IrRawFunctionReferenceImpl */
, extraOverriddenMethodTypes = [], shouldBeSerializable = false)
                                                              }
                                                            }

                                                            TradingChart2Kt::<anonymous>
                                                          })
                                                          $composer.endReplaceableGroup()
                                                          tmp0_group
                                                        }, modifier = tmp0_modifier, enabled = // COMPOSITE {
                                                        false
                                                        // }, shape = tmp2_shape, colors = tmp1_colors, elevation = // COMPOSITE {
                                                        null
                                                        // }, border = // COMPOSITE {
                                                        null
                                                        // }, contentPadding = // COMPOSITE {
                                                        null
                                                        // }, interactionSource = // COMPOSITE {
                                                        null
                                                        // }, content = ComposableSingletons$TradingChart2Kt.<get-lambda$-244544244>(), $composer = $composer, $changed = 805306422, $default = 484)
                                                      }
                                                      Spacer(modifier = width(/* <this> = Companion, */ width = <get-dp>(/* <this> = 12 */)), $composer = $composer, $changed = 6)
                                                      { // BLOCK
                                                        val tmp3_modifier: Modifier = height(/* <this> = width(/* <this> = Companion, */ width = <get-dp>(/* <this> = 110 */)), */ height = <get-dp>(/* <this> = 38 */))
                                                        val tmp4_colors: ButtonColors = ButtonDefaults.buttonColors(containerColor = Color(color = 4280954425L), contentColor = // COMPOSITE {
                                                        <unsafe-coerce><Long, Color>(v = 0L)
                                                        // }, disabledContainerColor = // COMPOSITE {
                                                        <unsafe-coerce><Long, Color>(v = 0L)
                                                        // }, disabledContentColor = // COMPOSITE {
                                                        <unsafe-coerce><Long, Color>(v = 0L)
                                                        // }, $composer = $composer, $changed = 6.or(other = #$stable.shl(bitCount = 12)), $default = 14)
                                                        val tmp5_shape: RoundedCornerShape = RoundedCornerShape(size = <get-dp>(/* <this> = 6 */))
                                                        Button(onClick = { // BLOCK
                                                          { // BLOCK
                                                            $composer.startReplaceableGroup(key = 5004770)
                                                            sourceInformation(composer = $composer, sourceInformation = "CC(remember):TradingChart2.kt#9igjgp")
                                                          }
                                                          val tmp1_group: Function0<Unit> = cache<Function0<Unit>>(/* <this> = $composer, */ invalid = false, block = { // BLOCK
                                                            local fun <anonymous>(): Function0<Unit> {
                                                              return { // BLOCK
                                                                local fun <anonymous>(): Unit? {
                                                                  <set-isEditingPartial>(<set-?> = false)
                                                                }

                                                                <jvm-indy-lambda-metafactory><Function0<Unit>>(samMethodType = &error("") /* ERROR: unsupported element type: IrRawFunctionReferenceImpl */
, implMethodReference = TradingChart2Kt::<anonymous>, instantiatedMethodType = &error("") /* ERROR: unsupported element type: IrRawFunctionReferenceImpl */
, extraOverriddenMethodTypes = [], shouldBeSerializable = false)
                                                              }
                                                            }

                                                            TradingChart2Kt::<anonymous>
                                                          })
                                                          $composer.endReplaceableGroup()
                                                          tmp1_group
                                                        }, modifier = tmp3_modifier, enabled = // COMPOSITE {
                                                        false
                                                        // }, shape = tmp5_shape, colors = tmp4_colors, elevation = // COMPOSITE {
                                                        null
                                                        // }, border = // COMPOSITE {
                                                        null
                                                        // }, contentPadding = // COMPOSITE {
                                                        null
                                                        // }, interactionSource = // COMPOSITE {
                                                        null
                                                        // }, content = ComposableSingletons$TradingChart2Kt.<get-lambda$-1138257469>(), $composer = $composer, $changed = 805306422, $default = 484)
                                                      }
                                                      // }
                                                      sourceInformationMarkerEnd(composer = $composer)
                                                    }
                                                  }

                                                  ::<anonymous>
                                                }, $composer = $composer, $changed = 54, $default = 4)
                                                // }
                                                sourceInformationMarkerEnd(composer = $composer)
                                              }
                                            }

                                            ::<anonymous>
                                          }, $composer = $composer, $changed = 6, $default = 6)
                                        }
                                        $composer.endReplaceableGroup()
                                      }
                                    }
                                    when {
                                      <get-isEditingPartial>().not() -> { // BLOCK
                                        { // BLOCK
                                          $composer.startReplaceableGroup(key = 1277277722)
                                          sourceInformation(composer = $composer, sourceInformation = "1277@71363L41,1278@71425L1444")
                                        }
                                        { // BLOCK
                                          Spacer(modifier = height(/* <this> = Companion, */ height = <get-dp>(/* <this> = 16 */)), $composer = $composer, $changed = 6)
                                          Row(modifier = fillMaxWidth(/* <this> = Companion */), horizontalArrangement = Arrangement.spacedBy(space = <get-dp>(/* <this> = 16 */)), verticalAlignment = // COMPOSITE {
                                          null
                                          // }, content = { // BLOCK
                                            @Composable
                                            @ComposableTarget(applier = "androidx.compose.ui.UiComposable")
                                            local fun RowScope.<anonymous>(/* var */ $composer: Composer?, $changed: Int) {
                                              { // BLOCK
                                                sourceInformationMarkerStart(composer = $composer, key = 73142206, sourceInformation = "C1285@71796L48,1282@71614L595,1295@72509L43,1293@72280L101,1292@72234L613:TradingChart2.kt#x6l30d")
                                                // COMPOSITE {
                                                { // BLOCK
                                                  val tmp0_modifier: Modifier = height(/* <this> = $this$Row.weight(/* <this> = Companion, */ weight = 1.0F), */ height = <get-dp>(/* <this> = 48 */))
                                                  val tmp1_colors: ButtonColors = ButtonDefaults.buttonColors(containerColor = Companion.<get-Transparent>(), contentColor = // COMPOSITE {
                                                  <unsafe-coerce><Long, Color>(v = 0L)
                                                  // }, disabledContainerColor = // COMPOSITE {
                                                  <unsafe-coerce><Long, Color>(v = 0L)
                                                  // }, disabledContentColor = // COMPOSITE {
                                                  <unsafe-coerce><Long, Color>(v = 0L)
                                                  // }, $composer = $composer, $changed = 6.or(other = #$stable.shl(bitCount = 12)), $default = 14)
                                                  val tmp2_shape: RoundedCornerShape = RoundedCornerShape(size = <get-dp>(/* <this> = 8 */))
                                                  val tmp3_border: BorderStroke = BorderStroke(width = <get-dp>(/* <this> = 1 */), color = boxBorderColor)
                                                  val tmp4_contentPadding: PaddingValues = PaddingValues(all = <get-dp>(/* <this> = 0 */))
                                                  Button(onClick = onCancel, modifier = tmp0_modifier, enabled = // COMPOSITE {
                                                  false
                                                  // }, shape = tmp2_shape, colors = tmp1_colors, elevation = // COMPOSITE {
                                                  null
                                                  // }, border = tmp3_border, contentPadding = tmp4_contentPadding, interactionSource = // COMPOSITE {
                                                  null
                                                  // }, content = ComposableSingletons$TradingChart2Kt.<get-lambda$610390468>(), $composer = $composer, $changed = 819462144, $default = 292)
                                                }
                                                { // BLOCK
                                                  val tmp5_modifier: Modifier = height(/* <this> = $this$Row.weight(/* <this> = Companion, */ weight = 1.0F), */ height = <get-dp>(/* <this> = 48 */))
                                                  val tmp6_colors: ButtonColors = ButtonDefaults.buttonColors(containerColor = primaryColor, contentColor = // COMPOSITE {
                                                  <unsafe-coerce><Long, Color>(v = 0L)
                                                  // }, disabledContainerColor = // COMPOSITE {
                                                  <unsafe-coerce><Long, Color>(v = 0L)
                                                  // }, disabledContentColor = // COMPOSITE {
                                                  <unsafe-coerce><Long, Color>(v = 0L)
                                                  // }, $composer = $composer, $changed = 6.or(other = #$stable.shl(bitCount = 12)), $default = 14)
                                                  val tmp7_shape: RoundedCornerShape = RoundedCornerShape(size = <get-dp>(/* <this> = 8 */))
                                                  val tmp8_contentPadding: PaddingValues = PaddingValues(all = <get-dp>(/* <this> = 0 */))
                                                  Button(onClick = { // BLOCK
                                                    { // BLOCK
                                                      $composer.startReplaceableGroup(key = -1224400529)
                                                      sourceInformation(composer = $composer, sourceInformation = "CC(remember):TradingChart2.kt#9igjgp")
                                                    }
                                                    val tmp0_group: Function0<Unit> = cache<Function0<Unit>>(/* <this> = $composer, */ invalid = $composer.changed(value = onConfirm), block = { // BLOCK
                                                      local fun <anonymous>(): Function0<Unit> {
                                                        return { // BLOCK
                                                          local fun <anonymous>(): Unit? {
                                                            onConfirm.invoke(p1 = toFloatOrNull(/* <this> = <get-tpTriggerPrice>() */), p2 = toFloatOrNull(/* <this> = <get-slTriggerPrice>() */), p3 = partialOrders.toList())
                                                          }

                                                          <jvm-indy-lambda-metafactory><Function0<Unit>>(samMethodType = &error("") /* ERROR: unsupported element type: IrRawFunctionReferenceImpl */
, implMethodReference = TradingChart2Kt::<anonymous>, instantiatedMethodType = &error("") /* ERROR: unsupported element type: IrRawFunctionReferenceImpl */
, extraOverriddenMethodTypes = [], shouldBeSerializable = false)
                                                        }
                                                      }

                                                      TradingChart2Kt::<anonymous>
                                                    })
                                                    $composer.endReplaceableGroup()
                                                    tmp0_group
                                                  }, modifier = tmp5_modifier, enabled = // COMPOSITE {
                                                  false
                                                  // }, shape = tmp7_shape, colors = tmp6_colors, elevation = // COMPOSITE {
                                                  null
                                                  // }, border = // COMPOSITE {
                                                  null
                                                  // }, contentPadding = tmp8_contentPadding, interactionSource = // COMPOSITE {
                                                  null
                                                  // }, content = ComposableSingletons$TradingChart2Kt.<get-lambda$-594296709>(), $composer = $composer, $changed = 817889280, $default = 356)
                                                }
                                                // }
                                                sourceInformationMarkerEnd(composer = $composer)
                                              }
                                            }

                                            ::<anonymous>
                                          }, $composer = $composer, $changed = 54, $default = 4)
                                        }
                                        $composer.endReplaceableGroup()
                                      }
                                      else -> { // BLOCK
                                        $composer.startReplaceableGroup(key = 1206458532)
                                        $composer.endReplaceableGroup()
                                        { // BLOCK
                                        }
                                      }
                                    }
                                    // }
                                    sourceInformationMarkerEnd(composer = $composer)
                                  }
                                }

                                ::<anonymous>
                              }, $composer = $composer, $changed = 6, $default = 6)
                              // }
                              sourceInformationMarkerEnd(composer = $composer)
                            }
                          }

                          ::<anonymous>
                        }, $composer = $composer, $changed = 6, $default = 6)
                        // }
                        sourceInformationMarkerEnd(composer = $composer)
                      }
                    }

                    ::<anonymous>
                  }, $composer = $composer, $changed = 6, $default = 6)
                  when {
                    isTraceInProgress() -> traceEventEnd()
                  }
                }
                else -> $composer.skipToGroupEnd()
              }
            }

            <jvm-indy-lambda-metafactory><@ExtensionFunctionType Function3<ColumnScope, Composer, Int, Unit>>(samMethodType = &error("") /* ERROR: unsupported element type: IrRawFunctionReferenceImpl */
, implMethodReference = TradingChart2Kt::<anonymous>, instantiatedMethodType = &error("") /* ERROR: unsupported element type: IrRawFunctionReferenceImpl */
, extraOverriddenMethodTypes = [], shouldBeSerializable = false)
          }), $composer = $composer, $changed = 918749232.or(other = 14.and(other = $dirty1)), $changed1 = 384, $default = 2120)
        }
        when {
          isTraceInProgress() -> traceEventEnd()
        }
      }
      else -> $composer.skipToGroupEnd()
    }
    { // BLOCK
      { // BLOCK
        val tmp13_safe_receiver: ScopeUpdateScope? = $composer.endRestartGroup()
        when {
          EQEQ(arg0 = tmp13_safe_receiver, arg1 = null) -> null
          else -> tmp13_safe_receiver.updateScope(block = { // BLOCK
            local fun <anonymous>($composer: Composer?, $force: Int): Unit? {
              return ModifyTpSlModal(symbol = symbol, qty = qty, entryPrice = entryPrice, lastTradedPrice = lastTradedPrice, isBuy = isBuy, initialTp = initialTp, initialSl = initialSl, initialPartialOrders = initialPartialOrders, currentPrice = currentPrice, onConfirm = onConfirm, onCancel = onCancel, $composer = $composer, $changed = updateChangedFlags(flags = $changed.or(other = 1)), $changed1 = updateChangedFlags(flags = $changed1), $default = $default)
            }

            <jvm-indy-lambda-metafactory><Function2<Composer?, Int, Unit>>(samMethodType = &error("") /* ERROR: unsupported element type: IrRawFunctionReferenceImpl */
, implMethodReference = TradingChart2Kt::<anonymous>, instantiatedMethodType = &error("") /* ERROR: unsupported element type: IrRawFunctionReferenceImpl */
, extraOverriddenMethodTypes = [], shouldBeSerializable = false)
          })
        }
      }
    }
  }

  @Composable
  @ComposableTarget(applier = "androidx.compose.ui.UiComposable")
  /* static */ fun StatItem(label: String, value: String, /* var */ color: Color, /* var */ $composer: Composer?, $changed: Int, $default: Int) {
    { // BLOCK
      $composer = $composer.startRestartGroup(key = -1447371468)
      sourceInformation(composer = $composer, sourceInformation = "C(StatItem)P(1,2,0:c#ui.graphics.Color)1311@73028L162:TradingChart2.kt#x6l30d")
    }
    val $dirty: Int = $changed
    when {
      EQEQ(arg0 = $changed.and(other = 6), arg1 = 0) -> $dirty = $dirty.or(other = when {
        $composer.changed(value = label) -> 4
        else -> 2
      })
    }
    when {
      EQEQ(arg0 = $changed.and(other = 48), arg1 = 0) -> $dirty = $dirty.or(other = when {
        $composer.changed(value = value) -> 32
        else -> 16
      })
    }
    when {
      EQEQ(arg0 = $default.and(other = 4), arg1 = 0).not() -> $dirty = $dirty.or(other = 384)
      EQEQ(arg0 = $changed.and(other = 384), arg1 = 0) -> $dirty = $dirty.or(other = when {
        $composer.changed(value = <unsafe-coerce><Color, Long>(v = color)) -> 256
        else -> 128
      })
    }
    when {
      when {
        EQEQ(arg0 = $dirty.and(other = 147), arg1 = 146).not() -> true
        else -> $composer.<get-skipping>().not()
      } -> { // BLOCK
        when {
          EQEQ(arg0 = $default.and(other = 4), arg1 = 0).not() -> color = Companion.<get-White>()
        }
        when {
          isTraceInProgress() -> traceEventStart(key = -1447371468, dirty1 = $dirty, dirty2 = -1, info = "com.trading.app.components.StatItem (TradingChart2.kt:1310)")
        }
        Column(modifier = // COMPOSITE {
        null
        // }, verticalArrangement = // COMPOSITE {
        null
        // }, horizontalAlignment = // COMPOSITE {
        null
        // }, content = { // BLOCK
          @Composable
          @ComposableTarget(applier = "androidx.compose.ui.UiComposable")
          local fun ColumnScope.<anonymous>(/* var */ $composer: Composer?, $changed: Int) {
            { // BLOCK
              sourceInformationMarkerStart(composer = $composer, key = 1108589658, sourceInformation = "C1312@73045L56,1313@73110L74:TradingChart2.kt#x6l30d")
              // COMPOSITE {
              Text(text = label, modifier = // COMPOSITE {
              null
              // }, color = Color(color = 4286086022L), fontSize = <get-sp>(/* <this> = 14 */), fontStyle = // COMPOSITE {
              null
              // }, fontWeight = // COMPOSITE {
              null
              // }, fontFamily = // COMPOSITE {
              null
              // }, letterSpacing = // COMPOSITE {
              <unsafe-coerce><Long, TextUnit>(v = 0L)
              // }, textDecoration = // COMPOSITE {
              null
              // }, textAlign = // COMPOSITE {
              null
              // }, lineHeight = // COMPOSITE {
              <unsafe-coerce><Long, TextUnit>(v = 0L)
              // }, overflow = // COMPOSITE {
              <unsafe-coerce><Int, TextOverflow>(v = 0)
              // }, softWrap = // COMPOSITE {
              false
              // }, maxLines = // COMPOSITE {
              0
              // }, minLines = // COMPOSITE {
              0
              // }, onTextLayout = // COMPOSITE {
              null
              // }, style = // COMPOSITE {
              null
              // }, $composer = $composer, $changed = 3456.or(other = 14.and(other = $dirty)), $changed1 = 0, $default = 131058)
              Text(text = value, modifier = // COMPOSITE {
              null
              // }, color = color, fontSize = <get-sp>(/* <this> = 16 */), fontStyle = // COMPOSITE {
              null
              // }, fontWeight = Companion.<get-Bold>(), fontFamily = // COMPOSITE {
              null
              // }, letterSpacing = // COMPOSITE {
              <unsafe-coerce><Long, TextUnit>(v = 0L)
              // }, textDecoration = // COMPOSITE {
              null
              // }, textAlign = // COMPOSITE {
              null
              // }, lineHeight = // COMPOSITE {
              <unsafe-coerce><Long, TextUnit>(v = 0L)
              // }, overflow = // COMPOSITE {
              <unsafe-coerce><Int, TextOverflow>(v = 0)
              // }, softWrap = // COMPOSITE {
              false
              // }, maxLines = // COMPOSITE {
              0
              // }, minLines = // COMPOSITE {
              0
              // }, onTextLayout = // COMPOSITE {
              null
              // }, style = // COMPOSITE {
              null
              // }, $composer = $composer, $changed = 199680.or(other = 14.and(other = $dirty.shr(bitCount = 3))).or(other = 896.and(other = $dirty)), $changed1 = 0, $default = 131026)
              // }
              sourceInformationMarkerEnd(composer = $composer)
            }
          }

          ::<anonymous>
        }, $composer = $composer, $changed = 0, $default = 7)
        when {
          isTraceInProgress() -> traceEventEnd()
        }
      }
      else -> $composer.skipToGroupEnd()
    }
    { // BLOCK
      { // BLOCK
        val tmp0_safe_receiver: ScopeUpdateScope? = $composer.endRestartGroup()
        when {
          EQEQ(arg0 = tmp0_safe_receiver, arg1 = null) -> null
          else -> tmp0_safe_receiver.updateScope(block = { // BLOCK
            local fun <anonymous>($composer: Composer?, $force: Int): Unit? {
              return StatItem(label = label, value = value, color = color, $composer = $composer, $changed = updateChangedFlags(flags = $changed.or(other = 1)), $default = $default)
            }

            <jvm-indy-lambda-metafactory><Function2<Composer?, Int, Unit>>(samMethodType = &error("") /* ERROR: unsupported element type: IrRawFunctionReferenceImpl */
, implMethodReference = TradingChart2Kt::<anonymous>, instantiatedMethodType = &error("") /* ERROR: unsupported element type: IrRawFunctionReferenceImpl */
, extraOverriddenMethodTypes = [], shouldBeSerializable = false)
          })
        }
      }
    }
  }

  @Composable
  @ComposableTarget(applier = "androidx.compose.ui.UiComposable")
  /* static */ fun TabItem(label: String, isSelected: Boolean, primaryColor: Color, /* var */ isNew: Boolean, onClick: Function0<Unit>, /* var */ $composer: Composer?, $changed: Int, $default: Int) {
    { // BLOCK
      $composer = $composer.startRestartGroup(key = -399744290)
      sourceInformation(composer = $composer, sourceInformation = "C(TabItem)P(2,1,4:c#ui.graphics.Color)1319@73363L13,1319@73326L699:TradingChart2.kt#x6l30d")
    }
    val $dirty: Int = $changed
    when {
      EQEQ(arg0 = $changed.and(other = 6), arg1 = 0) -> $dirty = $dirty.or(other = when {
        $composer.changed(value = label) -> 4
        else -> 2
      })
    }
    when {
      EQEQ(arg0 = $changed.and(other = 48), arg1 = 0) -> $dirty = $dirty.or(other = when {
        $composer.changed(value = isSelected) -> 32
        else -> 16
      })
    }
    when {
      EQEQ(arg0 = $changed.and(other = 384), arg1 = 0) -> $dirty = $dirty.or(other = when {
        $composer.changed(value = <unsafe-coerce><Color, Long>(v = primaryColor)) -> 256
        else -> 128
      })
    }
    when {
      EQEQ(arg0 = $default.and(other = 8), arg1 = 0).not() -> $dirty = $dirty.or(other = 3072)
      EQEQ(arg0 = $changed.and(other = 3072), arg1 = 0) -> $dirty = $dirty.or(other = when {
        $composer.changed(value = isNew) -> 2048
        else -> 1024
      })
    }
    when {
      EQEQ(arg0 = $changed.and(other = 24576), arg1 = 0) -> $dirty = $dirty.or(other = when {
        $composer.changedInstance(value = onClick) -> 16384
        else -> 8192
      })
    }
    when {
      when {
        EQEQ(arg0 = $dirty.and(other = 9363), arg1 = 9362).not() -> true
        else -> $composer.<get-skipping>().not()
      } -> { // BLOCK
        when {
          EQEQ(arg0 = $default.and(other = 8), arg1 = 0).not() -> isNew = false
        }
        when {
          isTraceInProgress() -> traceEventStart(key = -399744290, dirty1 = $dirty, dirty2 = -1, info = "com.trading.app.components.TabItem (TradingChart2.kt:1318)")
        }
        Column(modifier = clickable(/* <this> = Companion, */ onClick = { // BLOCK
          { // BLOCK
            $composer.startReplaceableGroup(key = 5004770)
            sourceInformation(composer = $composer, sourceInformation = "CC(remember):TradingChart2.kt#9igjgp")
          }
          val tmp0_group: Function0<Unit> = cache<Function0<Unit>>(/* <this> = $composer, */ invalid = EQEQ(arg0 = $dirty.and(other = 57344), arg1 = 16384), block = { // BLOCK
            local fun <anonymous>(): Function0<Unit> {
              return { // BLOCK
                local fun <anonymous>(): Unit? {
                  onClick.invoke()
                }

                <jvm-indy-lambda-metafactory><Function0<Unit>>(samMethodType = &error("") /* ERROR: unsupported element type: IrRawFunctionReferenceImpl */
, implMethodReference = TradingChart2Kt::<anonymous>, instantiatedMethodType = &error("") /* ERROR: unsupported element type: IrRawFunctionReferenceImpl */
, extraOverriddenMethodTypes = [], shouldBeSerializable = false)
              }
            }

            TradingChart2Kt::<anonymous>
          })
          $composer.endReplaceableGroup()
          tmp0_group
        }), verticalArrangement = // COMPOSITE {
        null
        // }, horizontalAlignment = Companion.<get-CenterHorizontally>(), content = { // BLOCK
          @Composable
          @ComposableTarget(applier = "androidx.compose.ui.UiComposable")
          local fun ColumnScope.<anonymous>(/* var */ $composer: Composer?, $changed: Int) {
            { // BLOCK
              sourceInformationMarkerStart(composer = $composer, key = -1437392328, sourceInformation = "C1320@73440L402:TradingChart2.kt#x6l30d")
              // COMPOSITE {
              Row(modifier = // COMPOSITE {
              null
              // }, horizontalArrangement = // COMPOSITE {
              null
              // }, verticalAlignment = Companion.<get-CenterVertically>(), content = { // BLOCK
                @Composable
                @ComposableTarget(applier = "androidx.compose.ui.UiComposable")
                local fun RowScope.<anonymous>(/* var */ $composer: Composer?, $changed: Int) {
                  { // BLOCK
                    sourceInformationMarkerStart(composer = $composer, key = 311152249, sourceInformation = "C1321@73506L158:TradingChart2.kt#x6l30d")
                    // COMPOSITE {
                    Text(text = label, modifier = // COMPOSITE {
                    null
                    // }, color = when {
                      isSelected -> Companion.<get-White>()
                      else -> Color(color = 4286086022L)
                    }, fontSize = <get-sp>(/* <this> = 15 */), fontStyle = // COMPOSITE {
                    null
                    // }, fontWeight = when {
                      isSelected -> Companion.<get-Bold>()
                      else -> Companion.<get-Normal>()
                    }, fontFamily = // COMPOSITE {
                    null
                    // }, letterSpacing = // COMPOSITE {
                    <unsafe-coerce><Long, TextUnit>(v = 0L)
                    // }, textDecoration = // COMPOSITE {
                    null
                    // }, textAlign = // COMPOSITE {
                    null
                    // }, lineHeight = // COMPOSITE {
                    <unsafe-coerce><Long, TextUnit>(v = 0L)
                    // }, overflow = // COMPOSITE {
                    <unsafe-coerce><Int, TextOverflow>(v = 0)
                    // }, softWrap = // COMPOSITE {
                    false
                    // }, maxLines = // COMPOSITE {
                    0
                    // }, minLines = // COMPOSITE {
                    0
                    // }, onTextLayout = // COMPOSITE {
                    null
                    // }, style = // COMPOSITE {
                    null
                    // }, $composer = $composer, $changed = 3072.or(other = 14.and(other = $dirty)), $changed1 = 0, $default = 131026)
                    when {
                      isNew -> { // BLOCK
                        { // BLOCK
                          $composer.startReplaceableGroup(key = 311327150)
                          sourceInformation(composer = $composer, sourceInformation = "1323@73706L39,1324@73762L56")
                        }
                        { // BLOCK
                          Spacer(modifier = width(/* <this> = Companion, */ width = <get-dp>(/* <this> = 4 */)), $composer = $composer, $changed = 6)
                          Text(text = "new", modifier = // COMPOSITE {
                          null
                          // }, color = Color(color = 4294092076L), fontSize = <get-sp>(/* <this> = 10 */), fontStyle = // COMPOSITE {
                          null
                          // }, fontWeight = // COMPOSITE {
                          null
                          // }, fontFamily = // COMPOSITE {
                          null
                          // }, letterSpacing = // COMPOSITE {
                          <unsafe-coerce><Long, TextUnit>(v = 0L)
                          // }, textDecoration = // COMPOSITE {
                          null
                          // }, textAlign = // COMPOSITE {
                          null
                          // }, lineHeight = // COMPOSITE {
                          <unsafe-coerce><Long, TextUnit>(v = 0L)
                          // }, overflow = // COMPOSITE {
                          <unsafe-coerce><Int, TextOverflow>(v = 0)
                          // }, softWrap = // COMPOSITE {
                          false
                          // }, maxLines = // COMPOSITE {
                          0
                          // }, minLines = // COMPOSITE {
                          0
                          // }, onTextLayout = // COMPOSITE {
                          null
                          // }, style = // COMPOSITE {
                          null
                          // }, $composer = $composer, $changed = 3462, $changed1 = 0, $default = 131058)
                        }
                        $composer.endReplaceableGroup()
                      }
                      else -> { // BLOCK
                        $composer.startReplaceableGroup(key = 238223198)
                        $composer.endReplaceableGroup()
                        { // BLOCK
                        }
                      }
                    }
                    // }
                    sourceInformationMarkerEnd(composer = $composer)
                  }
                }

                ::<anonymous>
              }, $composer = $composer, $changed = 384, $default = 3)
              when {
                isSelected -> { // BLOCK
                  { // BLOCK
                    $composer.startReplaceableGroup(key = -1436981982)
                    sourceInformation(composer = $composer, sourceInformation = "1328@73881L40,1329@73934L75")
                  }
                  { // BLOCK
                    Spacer(modifier = height(/* <this> = Companion, */ height = <get-dp>(/* <this> = 4 */)), $composer = $composer, $changed = 6)
                    Box(modifier = background(/* <this> = height(/* <this> = width(/* <this> = Companion, */ width = <get-dp>(/* <this> = 40 */)), */ height = <get-dp>(/* <this> = 2 */)), */ color = primaryColor), $composer = $composer, $changed = 0)
                  }
                  $composer.endReplaceableGroup()
                }
                else -> { // BLOCK
                  $composer.startReplaceableGroup(key = -1510263750)
                  $composer.endReplaceableGroup()
                  { // BLOCK
                  }
                }
              }
              // }
              sourceInformationMarkerEnd(composer = $composer)
            }
          }

          ::<anonymous>
        }, $composer = $composer, $changed = 384, $default = 2)
        when {
          isTraceInProgress() -> traceEventEnd()
        }
      }
      else -> $composer.skipToGroupEnd()
    }
    { // BLOCK
      { // BLOCK
        val tmp1_safe_receiver: ScopeUpdateScope? = $composer.endRestartGroup()
        when {
          EQEQ(arg0 = tmp1_safe_receiver, arg1 = null) -> null
          else -> tmp1_safe_receiver.updateScope(block = { // BLOCK
            local fun <anonymous>($composer: Composer?, $force: Int): Unit? {
              return TabItem(label = label, isSelected = isSelected, primaryColor = primaryColor, isNew = isNew, onClick = onClick, $composer = $composer, $changed = updateChangedFlags(flags = $changed.or(other = 1)), $default = $default)
            }

            <jvm-indy-lambda-metafactory><Function2<Composer?, Int, Unit>>(samMethodType = &error("") /* ERROR: unsupported element type: IrRawFunctionReferenceImpl */
, implMethodReference = TradingChart2Kt::<anonymous>, instantiatedMethodType = &error("") /* ERROR: unsupported element type: IrRawFunctionReferenceImpl */
, extraOverriddenMethodTypes = [], shouldBeSerializable = false)
          })
        }
      }
    }
  }

  @Composable
  @ComposableTarget(applier = "androidx.compose.ui.UiComposable")
  /* static */ fun SimpleOrderStyleExitInputRow(value: String, onValueChange: Function1<String, Unit>, secondaryText: String, dropdownExpanded: Boolean, onDropdownExpandedChange: Function1<Boolean, Unit>, dropdownOptions: List<Pair<String, String>>, onOptionSelected: Function1<String, Unit>, borderColor: Color, backgroundColor: Color, /* var */ $composer: Composer?, $changed: Int) {
    { // BLOCK
      $composer = $composer.startRestartGroup(key = -1012223400)
      sourceInformation(composer = $composer, sourceInformation = "C(SimpleOrderStyleExitInputRow)P(8,6,7,2,4,3,5,1:c#ui.graphics.Color,0:c#ui.graphics.Color)1346@74386L2263:TradingChart2.kt#x6l30d")
    }
    val $dirty: Int = $changed
    when {
      EQEQ(arg0 = $changed.and(other = 6), arg1 = 0) -> $dirty = $dirty.or(other = when {
        $composer.changed(value = value) -> 4
        else -> 2
      })
    }
    when {
      EQEQ(arg0 = $changed.and(other = 48), arg1 = 0) -> $dirty = $dirty.or(other = when {
        $composer.changedInstance(value = onValueChange) -> 32
        else -> 16
      })
    }
    when {
      EQEQ(arg0 = $changed.and(other = 384), arg1 = 0) -> $dirty = $dirty.or(other = when {
        $composer.changed(value = secondaryText) -> 256
        else -> 128
      })
    }
    when {
      EQEQ(arg0 = $changed.and(other = 3072), arg1 = 0) -> $dirty = $dirty.or(other = when {
        $composer.changed(value = dropdownExpanded) -> 2048
        else -> 1024
      })
    }
    when {
      EQEQ(arg0 = $changed.and(other = 24576), arg1 = 0) -> $dirty = $dirty.or(other = when {
        $composer.changedInstance(value = onDropdownExpandedChange) -> 16384
        else -> 8192
      })
    }
    when {
      EQEQ(arg0 = $changed.and(other = 196608), arg1 = 0) -> $dirty = $dirty.or(other = when {
        $composer.changedInstance(value = dropdownOptions) -> 131072
        else -> 65536
      })
    }
    when {
      EQEQ(arg0 = $changed.and(other = 1572864), arg1 = 0) -> $dirty = $dirty.or(other = when {
        $composer.changedInstance(value = onOptionSelected) -> 1048576
        else -> 524288
      })
    }
    when {
      EQEQ(arg0 = $changed.and(other = 12582912), arg1 = 0) -> $dirty = $dirty.or(other = when {
        $composer.changed(value = <unsafe-coerce><Color, Long>(v = borderColor)) -> 8388608
        else -> 4194304
      })
    }
    when {
      EQEQ(arg0 = $changed.and(other = 100663296), arg1 = 0) -> $dirty = $dirty.or(other = when {
        $composer.changed(value = <unsafe-coerce><Color, Long>(v = backgroundColor)) -> 67108864
        else -> 33554432
      })
    }
    when {
      when {
        EQEQ(arg0 = $dirty.and(other = 38347923), arg1 = 38347922).not() -> true
        else -> $composer.<get-skipping>().not()
      } -> { // BLOCK
        when {
          isTraceInProgress() -> traceEventStart(key = -1012223400, dirty1 = $dirty, dirty2 = -1, info = "com.trading.app.components.SimpleOrderStyleExitInputRow (TradingChart2.kt:1345)")
        }
        Row(modifier = padding(/* <this> = border(/* <this> = background(/* <this> = height(/* <this> = fillMaxWidth(/* <this> = Companion */), */ height = <get-dp>(/* <this> = 48 */)), */ color = backgroundColor, shape = RoundedCornerShape(size = <get-dp>(/* <this> = 4 */))), */ width = <get-dp>(/* <this> = 1 */), color = borderColor, shape = RoundedCornerShape(size = <get-dp>(/* <this> = 4 */))), */ horizontal = <get-dp>(/* <this> = 12 */)), horizontalArrangement = // COMPOSITE {
        null
        // }, verticalAlignment = Companion.<get-CenterVertically>(), content = { // BLOCK
          @Composable
          @ComposableTarget(applier = "androidx.compose.ui.UiComposable")
          local fun RowScope.<anonymous>(/* var */ $composer: Composer?, $changed: Int) {
            { // BLOCK
              sourceInformationMarkerStart(composer = $composer, key = -956733821, sourceInformation = "C1355@74719L376,1363@75104L94,1364@75207L40,1366@75257L1386:TradingChart2.kt#x6l30d")
              // COMPOSITE {
              { // BLOCK
                val tmp0_textStyle: TextStyle = TextStyle(color = Companion.<get-White>(), fontSize = <get-sp>(/* <this> = 18 */), fontWeight = Companion.<get-Bold>())
                val tmp1_modifier: Modifier = $this$Row.weight(/* <this> = Companion, */ weight = 1.0F)
                val tmp2_cursorBrush: SolidColor = SolidColor(value = Companion.<get-White>())
                val tmp3_keyboardOptions: KeyboardOptions = KeyboardOptions(keyboardType = Companion.<get-Number>())
                BasicTextField(value = value, onValueChange = onValueChange, modifier = tmp1_modifier, enabled = // COMPOSITE {
                false
                // }, readOnly = // COMPOSITE {
                false
                // }, textStyle = tmp0_textStyle, keyboardOptions = tmp3_keyboardOptions, keyboardActions = // COMPOSITE {
                null
                // }, singleLine = // COMPOSITE {
                false
                // }, maxLines = // COMPOSITE {
                0
                // }, minLines = // COMPOSITE {
                0
                // }, visualTransformation = // COMPOSITE {
                null
                // }, onTextLayout = // COMPOSITE {
                null
                // }, interactionSource = // COMPOSITE {
                null
                // }, cursorBrush = tmp2_cursorBrush, decorationBox = // COMPOSITE {
                null
                // }, $composer = $composer, $changed = 1769472.or(other = 14.and(other = $dirty)).or(other = 112.and(other = $dirty)), $changed1 = 24576, $default = 49048)
              }
              { // BLOCK
                val tmp4_imageVector: ImageVector = <get-SwapHoriz>(/* <this> = Icons.<get-Default>() */)
                val tmp5_tint: Color = Color(color = 4286086022L)
                val tmp6_modifier: Modifier = size(/* <this> = Companion, */ size = <get-dp>(/* <this> = 16 */))
                Icon(imageVector = tmp4_imageVector, contentDescription = null, modifier = tmp6_modifier, tint = tmp5_tint, $composer = $composer, $changed = 3504, $default = 0)
              }
              Spacer(modifier = width(/* <this> = Companion, */ width = <get-dp>(/* <this> = 12 */)), $composer = $composer, $changed = 6)
              Box(modifier = // COMPOSITE {
              null
              // }, contentAlignment = Companion.<get-CenterEnd>(), propagateMinConstraints = // COMPOSITE {
              false
              // }, content = { // BLOCK
                @Composable
                @ComposableTarget(applier = "androidx.compose.ui.UiComposable")
                local fun BoxScope.<anonymous>(/* var */ $composer: Composer?, $changed: Int) {
                  { // BLOCK
                    sourceInformationMarkerStart(composer = $composer, key = -312921893, sourceInformation = "C1369@75430L34,1367@75315L607,1386@76030L35,1384@75936L697:TradingChart2.kt#x6l30d")
                    // COMPOSITE {
                    { // BLOCK
                      val tmp0_verticalAlignment: Vertical = Companion.<get-CenterVertically>()
                      val tmp1_modifier: Modifier = clickable(/* <this> = Companion, */ onClick = { // BLOCK
                        { // BLOCK
                          $composer.startReplaceableGroup(key = 5004770)
                          sourceInformation(composer = $composer, sourceInformation = "CC(remember):TradingChart2.kt#9igjgp")
                        }
                        val tmp0_group: Function0<Unit> = cache<Function0<Unit>>(/* <this> = $composer, */ invalid = EQEQ(arg0 = $dirty.and(other = 57344), arg1 = 16384), block = { // BLOCK
                          local fun <anonymous>(): Function0<Unit> {
                            return { // BLOCK
                              local fun <anonymous>(): Unit? {
                                onDropdownExpandedChange.invoke(p1 = true)
                              }

                              <jvm-indy-lambda-metafactory><Function0<Unit>>(samMethodType = &error("") /* ERROR: unsupported element type: IrRawFunctionReferenceImpl */
, implMethodReference = TradingChart2Kt::<anonymous>, instantiatedMethodType = &error("") /* ERROR: unsupported element type: IrRawFunctionReferenceImpl */
, extraOverriddenMethodTypes = [], shouldBeSerializable = false)
                            }
                          }

                          TradingChart2Kt::<anonymous>
                        })
                        $composer.endReplaceableGroup()
                        tmp0_group
                      })
                      Row(modifier = tmp1_modifier, horizontalArrangement = // COMPOSITE {
                      null
                      // }, verticalAlignment = tmp0_verticalAlignment, content = { // BLOCK
                        @Composable
                        @ComposableTarget(applier = "androidx.compose.ui.UiComposable")
                        local fun RowScope.<anonymous>(/* var */ $composer: Composer?, $changed: Int) {
                          { // BLOCK
                            sourceInformationMarkerStart(composer = $composer, key = -1209321310, sourceInformation = "C1371@75497L149,1376@75663L245:TradingChart2.kt#x6l30d")
                            // COMPOSITE {
                            Text(text = secondaryText, modifier = // COMPOSITE {
                            null
                            // }, color = Color(color = 4286086022L), fontSize = <get-sp>(/* <this> = 14 */), fontStyle = // COMPOSITE {
                            null
                            // }, fontWeight = // COMPOSITE {
                            null
                            // }, fontFamily = // COMPOSITE {
                            null
                            // }, letterSpacing = // COMPOSITE {
                            <unsafe-coerce><Long, TextUnit>(v = 0L)
                            // }, textDecoration = // COMPOSITE {
                            null
                            // }, textAlign = // COMPOSITE {
                            null
                            // }, lineHeight = // COMPOSITE {
                            <unsafe-coerce><Long, TextUnit>(v = 0L)
                            // }, overflow = // COMPOSITE {
                            <unsafe-coerce><Int, TextOverflow>(v = 0)
                            // }, softWrap = // COMPOSITE {
                            false
                            // }, maxLines = // COMPOSITE {
                            0
                            // }, minLines = // COMPOSITE {
                            0
                            // }, onTextLayout = // COMPOSITE {
                            null
                            // }, style = // COMPOSITE {
                            null
                            // }, $composer = $composer, $changed = 3456.or(other = 14.and(other = $dirty.shr(bitCount = 6))), $changed1 = 0, $default = 131058)
                            { // BLOCK
                              val tmp0_imageVector: ImageVector = when {
                                dropdownExpanded -> <get-ExpandLess>(/* <this> = Icons.<get-Default>() */)
                                else -> <get-ExpandMore>(/* <this> = Icons.<get-Default>() */)
                              }
                              val tmp1_tint: Color = Color(color = 4286086022L)
                              val tmp2_modifier: Modifier = size(/* <this> = Companion, */ size = <get-dp>(/* <this> = 16 */))
                              Icon(imageVector = tmp0_imageVector, contentDescription = null, modifier = tmp2_modifier, tint = tmp1_tint, $composer = $composer, $changed = 3504, $default = 0)
                            }
                            // }
                            sourceInformationMarkerEnd(composer = $composer)
                          }
                        }

                        ::<anonymous>
                      }, $composer = $composer, $changed = 384, $default = 2)
                    }
                    DropdownMenu(expanded = dropdownExpanded, onDismissRequest = { // BLOCK
                      { // BLOCK
                        $composer.startReplaceableGroup(key = 5004770)
                        sourceInformation(composer = $composer, sourceInformation = "CC(remember):TradingChart2.kt#9igjgp")
                      }
                      val tmp1_group: Function0<Unit> = cache<Function0<Unit>>(/* <this> = $composer, */ invalid = EQEQ(arg0 = $dirty.and(other = 57344), arg1 = 16384), block = { // BLOCK
                        local fun <anonymous>(): Function0<Unit> {
                          return { // BLOCK
                            local fun <anonymous>(): Unit? {
                              onDropdownExpandedChange.invoke(p1 = false)
                            }

                            <jvm-indy-lambda-metafactory><Function0<Unit>>(samMethodType = &error("") /* ERROR: unsupported element type: IrRawFunctionReferenceImpl */
, implMethodReference = TradingChart2Kt::<anonymous>, instantiatedMethodType = &error("") /* ERROR: unsupported element type: IrRawFunctionReferenceImpl */
, extraOverriddenMethodTypes = [], shouldBeSerializable = false)
                          }
                        }

                        TradingChart2Kt::<anonymous>
                      })
                      $composer.endReplaceableGroup()
                      tmp1_group
                    }, modifier = border(/* <this> = background(/* <this> = Companion, */ color = Color(color = 4279374354L)), */ width = <get-dp>(/* <this> = 1 */), color = Color(color = 4280954425L)), offset = // COMPOSITE {
                    <unsafe-coerce><Long, DpOffset>(v = 0L)
                    // }, scrollState = // COMPOSITE {
                    null
                    // }, properties = // COMPOSITE {
                    null
                    // }, content = composableLambda(composer = $composer, key = 619755509, tracked = true, block = { // BLOCK
                      @Composable
                      @ComposableTarget(applier = "androidx.compose.ui.UiComposable")
                      local fun <anonymous>($this$DropdownMenu: ColumnScope, /* var */ $composer: Composer?, $changed: Int): Unit? {
                        sourceInformation(composer = $composer, sourceInformation = "C*1394@76441L138,1392@76302L299:TradingChart2.kt#x6l30d")
                        when {
                          when {
                            EQEQ(arg0 = $changed.and(other = 17), arg1 = 16).not() -> true
                            else -> $composer.<get-skipping>().not()
                          } -> { // BLOCK
                            when {
                              isTraceInProgress() -> traceEventStart(key = 619755509, dirty1 = $changed, dirty2 = -1, info = "com.trading.app.components.SimpleOrderStyleExitInputRow.<anonymous>.<anonymous>.<anonymous> (TradingChart2.kt:1391)")
                            }
                            { // BLOCK
                              // COMPOSITE {
                              // }
                              forEach<Pair<String, String>>(/* <this> = dropdownOptions, */ action = { // BLOCK
                                local fun <anonymous>(<destruct>: Pair<String, String>) {
                                  val label: String = <destruct>.component1()
                                  val mode: String = <destruct>.component2()
                                  DropdownMenuItem(text = composableLambda(composer = $composer, key = 593904702, tracked = true, block = { // BLOCK
                                    @Composable
                                    @ComposableTarget(applier = "androidx.compose.ui.UiComposable")
                                    local fun <anonymous>(/* var */ $composer: Composer?, $changed: Int): Unit? {
                                      sourceInformation(composer = $composer, sourceInformation = "C1393@76353L50:TradingChart2.kt#x6l30d")
                                      when {
                                        when {
                                          EQEQ(arg0 = $changed.and(other = 3), arg1 = 2).not() -> true
                                          else -> $composer.<get-skipping>().not()
                                        } -> { // BLOCK
                                          when {
                                            isTraceInProgress() -> traceEventStart(key = 593904702, dirty1 = $changed, dirty2 = -1, info = "com.trading.app.components.SimpleOrderStyleExitInputRow.<anonymous>.<anonymous>.<anonymous>.<anonymous>.<anonymous> (TradingChart2.kt:1393)")
                                          }
                                          Text(text = label, modifier = // COMPOSITE {
                                          null
                                          // }, color = Companion.<get-White>(), fontSize = <get-sp>(/* <this> = 14 */), fontStyle = // COMPOSITE {
                                          null
                                          // }, fontWeight = // COMPOSITE {
                                          null
                                          // }, fontFamily = // COMPOSITE {
                                          null
                                          // }, letterSpacing = // COMPOSITE {
                                          <unsafe-coerce><Long, TextUnit>(v = 0L)
                                          // }, textDecoration = // COMPOSITE {
                                          null
                                          // }, textAlign = // COMPOSITE {
                                          null
                                          // }, lineHeight = // COMPOSITE {
                                          <unsafe-coerce><Long, TextUnit>(v = 0L)
                                          // }, overflow = // COMPOSITE {
                                          <unsafe-coerce><Int, TextOverflow>(v = 0)
                                          // }, softWrap = // COMPOSITE {
                                          false
                                          // }, maxLines = // COMPOSITE {
                                          0
                                          // }, minLines = // COMPOSITE {
                                          0
                                          // }, onTextLayout = // COMPOSITE {
                                          null
                                          // }, style = // COMPOSITE {
                                          null
                                          // }, $composer = $composer, $changed = 3456, $changed1 = 0, $default = 131058)
                                          when {
                                            isTraceInProgress() -> traceEventEnd()
                                          }
                                        }
                                        else -> $composer.skipToGroupEnd()
                                      }
                                    }

                                    <jvm-indy-lambda-metafactory><Function2<Composer, Int, Unit>>(samMethodType = &error("") /* ERROR: unsupported element type: IrRawFunctionReferenceImpl */
, implMethodReference = TradingChart2Kt::<anonymous>, instantiatedMethodType = &error("") /* ERROR: unsupported element type: IrRawFunctionReferenceImpl */
, extraOverriddenMethodTypes = [], shouldBeSerializable = false)
                                  }), onClick = { // BLOCK
                                    { // BLOCK
                                      $composer.startReplaceableGroup(key = -1746271574)
                                      sourceInformation(composer = $composer, sourceInformation = "CC(remember):TradingChart2.kt#9igjgp")
                                    }
                                    val tmp0_group: Function0<Unit> = cache<Function0<Unit>>(/* <this> = $composer, */ invalid = $composer.changed(value = onOptionSelected).or(other = $composer.changed(value = mode)).or(other = $composer.changed(value = onDropdownExpandedChange)), block = { // BLOCK
                                      local fun <anonymous>(): Function0<Unit> {
                                        return { // BLOCK
                                          local fun <anonymous>(): Unit? {
                                            onOptionSelected.invoke(p1 = mode)
                                            onDropdownExpandedChange.invoke(p1 = false)
                                          }

                                          <jvm-indy-lambda-metafactory><Function0<Unit>>(samMethodType = &error("") /* ERROR: unsupported element type: IrRawFunctionReferenceImpl */
, implMethodReference = TradingChart2Kt::<anonymous>, instantiatedMethodType = &error("") /* ERROR: unsupported element type: IrRawFunctionReferenceImpl */
, extraOverriddenMethodTypes = [], shouldBeSerializable = false)
                                        }
                                      }

                                      TradingChart2Kt::<anonymous>
                                    })
                                    $composer.endReplaceableGroup()
                                    tmp0_group
                                  }, modifier = // COMPOSITE {
                                  null
                                  // }, leadingIcon = // COMPOSITE {
                                  null
                                  // }, trailingIcon = // COMPOSITE {
                                  null
                                  // }, enabled = // COMPOSITE {
                                  false
                                  // }, colors = // COMPOSITE {
                                  null
                                  // }, contentPadding = // COMPOSITE {
                                  null
                                  // }, interactionSource = // COMPOSITE {
                                  null
                                  // }, $composer = $composer, $changed = 6, $default = 508)
                                }

                                TradingChart2Kt::<anonymous>
                              })
                              // COMPOSITE {
                              // }
                            }
                            when {
                              isTraceInProgress() -> traceEventEnd()
                            }
                          }
                          else -> $composer.skipToGroupEnd()
                        }
                      }

                      <jvm-indy-lambda-metafactory><@ExtensionFunctionType Function3<ColumnScope, Composer, Int, Unit>>(samMethodType = &error("") /* ERROR: unsupported element type: IrRawFunctionReferenceImpl */
, implMethodReference = TradingChart2Kt::<anonymous>, instantiatedMethodType = &error("") /* ERROR: unsupported element type: IrRawFunctionReferenceImpl */
, extraOverriddenMethodTypes = [], shouldBeSerializable = false)
                    }), $composer = $composer, $changed = 1573248.or(other = 14.and(other = $dirty.shr(bitCount = 9))), $default = 56)
                    // }
                    sourceInformationMarkerEnd(composer = $composer)
                  }
                }

                ::<anonymous>
              }, $composer = $composer, $changed = 48, $default = 5)
              // }
              sourceInformationMarkerEnd(composer = $composer)
            }
          }

          ::<anonymous>
        }, $composer = $composer, $changed = 384, $default = 2)
        when {
          isTraceInProgress() -> traceEventEnd()
        }
      }
      else -> $composer.skipToGroupEnd()
    }
    { // BLOCK
      { // BLOCK
        val tmp0_safe_receiver: ScopeUpdateScope? = $composer.endRestartGroup()
        when {
          EQEQ(arg0 = tmp0_safe_receiver, arg1 = null) -> null
          else -> tmp0_safe_receiver.updateScope(block = { // BLOCK
            local fun <anonymous>($composer: Composer?, $force: Int): Unit? {
              return SimpleOrderStyleExitInputRow(value = value, onValueChange = onValueChange, secondaryText = secondaryText, dropdownExpanded = dropdownExpanded, onDropdownExpandedChange = onDropdownExpandedChange, dropdownOptions = dropdownOptions, onOptionSelected = onOptionSelected, borderColor = borderColor, backgroundColor = backgroundColor, $composer = $composer, $changed = updateChangedFlags(flags = $changed.or(other = 1)))
            }

            <jvm-indy-lambda-metafactory><Function2<Composer?, Int, Unit>>(samMethodType = &error("") /* ERROR: unsupported element type: IrRawFunctionReferenceImpl */
, implMethodReference = TradingChart2Kt::<anonymous>, instantiatedMethodType = &error("") /* ERROR: unsupported element type: IrRawFunctionReferenceImpl */
, extraOverriddenMethodTypes = [], shouldBeSerializable = false)
          })
        }
      }
    }
  }

  @Composable
  @ComposableTarget(applier = "androidx.compose.ui.UiComposable")
  /* static */ fun PriceInputRow(value: String, onValueChange: Function1<String, Unit>, onIncrement: Function0<Unit>, onDecrement: Function0<Unit>, selectedSource: String, onSourceChange: Function1<String, Unit>, primaryColor: Color, borderColor: Color, backgroundColor: Color, /* var */ $composer: Composer?, $changed: Int) {
    { // BLOCK
      $composer = $composer.startRestartGroup(key = 1309059296)
      sourceInformation(composer = $composer, sourceInformation = "C(PriceInputRow)P(8,5,3,2,7,4,6:c#ui.graphics.Color,1:c#ui.graphics.Color,0:c#ui.graphics.Color)1417@76978L34,1419@77018L3014:TradingChart2.kt#x6l30d")
    }
    val $dirty: Int = $changed
    when {
      EQEQ(arg0 = $changed.and(other = 6), arg1 = 0) -> $dirty = $dirty.or(other = when {
        $composer.changed(value = value) -> 4
        else -> 2
      })
    }
    when {
      EQEQ(arg0 = $changed.and(other = 48), arg1 = 0) -> $dirty = $dirty.or(other = when {
        $composer.changedInstance(value = onValueChange) -> 32
        else -> 16
      })
    }
    when {
      EQEQ(arg0 = $changed.and(other = 384), arg1 = 0) -> $dirty = $dirty.or(other = when {
        $composer.changedInstance(value = onIncrement) -> 256
        else -> 128
      })
    }
    when {
      EQEQ(arg0 = $changed.and(other = 3072), arg1 = 0) -> $dirty = $dirty.or(other = when {
        $composer.changedInstance(value = onDecrement) -> 2048
        else -> 1024
      })
    }
    when {
      EQEQ(arg0 = $changed.and(other = 24576), arg1 = 0) -> $dirty = $dirty.or(other = when {
        $composer.changed(value = selectedSource) -> 16384
        else -> 8192
      })
    }
    when {
      EQEQ(arg0 = $changed.and(other = 196608), arg1 = 0) -> $dirty = $dirty.or(other = when {
        $composer.changedInstance(value = onSourceChange) -> 131072
        else -> 65536
      })
    }
    when {
      EQEQ(arg0 = $changed.and(other = 1572864), arg1 = 0) -> $dirty = $dirty.or(other = when {
        $composer.changed(value = <unsafe-coerce><Color, Long>(v = primaryColor)) -> 1048576
        else -> 524288
      })
    }
    when {
      EQEQ(arg0 = $changed.and(other = 12582912), arg1 = 0) -> $dirty = $dirty.or(other = when {
        $composer.changed(value = <unsafe-coerce><Color, Long>(v = borderColor)) -> 8388608
        else -> 4194304
      })
    }
    when {
      EQEQ(arg0 = $changed.and(other = 100663296), arg1 = 0) -> $dirty = $dirty.or(other = when {
        $composer.changed(value = <unsafe-coerce><Color, Long>(v = backgroundColor)) -> 67108864
        else -> 33554432
      })
    }
    when {
      when {
        EQEQ(arg0 = $dirty.and(other = 38347923), arg1 = 38347922).not() -> true
        else -> $composer.<get-skipping>().not()
      } -> { // BLOCK
        when {
          isTraceInProgress() -> traceEventStart(key = 1309059296, dirty1 = $dirty, dirty2 = -1, info = "com.trading.app.components.PriceInputRow (TradingChart2.kt:1416)")
        }
        var sourceDropdownExpanded: Boolean
          val sourceDropdownExpanded$delegate: MutableState<Boolean> = { // BLOCK
            { // BLOCK
              $composer.startReplaceableGroup(key = 1849434622)
              sourceInformation(composer = $composer, sourceInformation = "CC(remember):TradingChart2.kt#9igjgp")
            }
            val tmp0_group: MutableState<Boolean> = cache<MutableState<Boolean>>(/* <this> = $composer, */ invalid = false, block = { // BLOCK
              local fun <anonymous>(): MutableState<Boolean> {
                return mutableStateOf<Boolean>(value = false)
              }

              TradingChart2Kt::<anonymous>
            })
            $composer.endReplaceableGroup()
            tmp0_group
          }
          local get(): Boolean {
            return getValue<Boolean>(/* <this> = sourceDropdownExpanded$delegate, */ thisObj = null, property = null)
          }
          local set(<set-?>: Boolean) {
            return setValue<Boolean>(/* <this> = sourceDropdownExpanded$delegate, */ thisObj = null, property = null, value = <set-?>)
          }

        Row(modifier = height(/* <this> = fillMaxWidth(/* <this> = Companion */), */ height = <get-dp>(/* <this> = 48 */)), horizontalArrangement = Arrangement.spacedBy(space = <get-dp>(/* <this> = 8 */)), verticalAlignment = // COMPOSITE {
        null
        // }, content = { // BLOCK
          @Composable
          @ComposableTarget(applier = "androidx.compose.ui.UiComposable")
          local fun RowScope.<anonymous>(/* var */ $composer: Composer?, $changed: Int) {
            { // BLOCK
              sourceInformationMarkerStart(composer = $composer, key = -205110733, sourceInformation = "C1420@77134L1531,1448@78941L33,1442@78674L1352:TradingChart2.kt#x6l30d")
              // COMPOSITE {
              Box(modifier = padding(/* <this> = border(/* <this> = background(/* <this> = fillMaxHeight(/* <this> = $this$Row.weight(/* <this> = Companion, */ weight = 1.0F) */), */ color = backgroundColor, shape = RoundedCornerShape(size = <get-dp>(/* <this> = 4 */))), */ width = <get-dp>(/* <this> = 1 */), color = borderColor, shape = RoundedCornerShape(size = <get-dp>(/* <this> = 4 */))), */ horizontal = <get-dp>(/* <this> = 12 */)), contentAlignment = Companion.<get-CenterStart>(), propagateMinConstraints = // COMPOSITE {
              false
              // }, content = { // BLOCK
                @Composable
                @ComposableTarget(applier = "androidx.compose.ui.UiComposable")
                local fun BoxScope.<anonymous>(/* var */ $composer: Composer?, $changed: Int) {
                  { // BLOCK
                    sourceInformationMarkerStart(composer = $composer, key = -2068932198, sourceInformation = "C1421@77376L1279:TradingChart2.kt#x6l30d")
                    // COMPOSITE {
                    Row(modifier = // COMPOSITE {
                    null
                    // }, horizontalArrangement = // COMPOSITE {
                    null
                    // }, verticalAlignment = Companion.<get-CenterVertically>(), content = { // BLOCK
                      @Composable
                      @ComposableTarget(applier = "androidx.compose.ui.UiComposable")
                      local fun RowScope.<anonymous>(/* var */ $composer: Composer?, $changed: Int) {
                        { // BLOCK
                          sourceInformationMarkerStart(composer = $composer, key = -470528246, sourceInformation = "C1422@77446L435,1430@78002L21,1430@77898L126,1431@78041L40,1433@78099L542:TradingChart2.kt#x6l30d")
                          // COMPOSITE {
                          { // BLOCK
                            val tmp0_textStyle: TextStyle = TextStyle(color = Companion.<get-White>(), fontSize = <get-sp>(/* <this> = 16 */), fontWeight = Companion.<get-Medium>())
                            val tmp1_modifier: Modifier = $this$Row.weight(/* <this> = Companion, */ weight = 1.0F)
                            val tmp2_cursorBrush: SolidColor = SolidColor(value = primaryColor)
                            val tmp3_keyboardOptions: KeyboardOptions = KeyboardOptions(keyboardType = Companion.<get-Number>())
                            BasicTextField(value = value, onValueChange = onValueChange, modifier = tmp1_modifier, enabled = // COMPOSITE {
                            false
                            // }, readOnly = // COMPOSITE {
                            false
                            // }, textStyle = tmp0_textStyle, keyboardOptions = tmp3_keyboardOptions, keyboardActions = // COMPOSITE {
                            null
                            // }, singleLine = // COMPOSITE {
                            false
                            // }, maxLines = // COMPOSITE {
                            0
                            // }, minLines = // COMPOSITE {
                            0
                            // }, visualTransformation = // COMPOSITE {
                            null
                            // }, onTextLayout = // COMPOSITE {
                            null
                            // }, interactionSource = // COMPOSITE {
                            null
                            // }, cursorBrush = tmp2_cursorBrush, decorationBox = // COMPOSITE {
                            null
                            // }, $composer = $composer, $changed = 1769472.or(other = 14.and(other = $dirty)).or(other = 112.and(other = $dirty)), $changed1 = 0, $default = 49048)
                          }
                          { // BLOCK
                            val tmp4_imageVector: ImageVector = <get-MoreHoriz>(/* <this> = Icons.<get-Default>() */)
                            val tmp5_tint: Color = Color(color = 4294092076L)
                            val tmp6_modifier: Modifier = clickable(/* <this> = size(/* <this> = Companion, */ size = <get-dp>(/* <this> = 18 */)), */ onClick = { // BLOCK
                              { // BLOCK
                                $composer.startReplaceableGroup(key = 5004770)
                                sourceInformation(composer = $composer, sourceInformation = "CC(remember):TradingChart2.kt#9igjgp")
                              }
                              val tmp0_group: Function0<Unit> = cache<Function0<Unit>>(/* <this> = $composer, */ invalid = EQEQ(arg0 = $dirty.and(other = 112), arg1 = 32), block = { // BLOCK
                                local fun <anonymous>(): Function0<Unit> {
                                  return { // BLOCK
                                    local fun <anonymous>(): Unit? {
                                      onValueChange.invoke(p1 = "")
                                    }

                                    <jvm-indy-lambda-metafactory><Function0<Unit>>(samMethodType = &error("") /* ERROR: unsupported element type: IrRawFunctionReferenceImpl */
, implMethodReference = TradingChart2Kt::<anonymous>, instantiatedMethodType = &error("") /* ERROR: unsupported element type: IrRawFunctionReferenceImpl */
, extraOverriddenMethodTypes = [], shouldBeSerializable = false)
                                  }
                                }

                                TradingChart2Kt::<anonymous>
                              })
                              $composer.endReplaceableGroup()
                              tmp0_group
                            })
                            Icon(imageVector = tmp4_imageVector, contentDescription = null, modifier = tmp6_modifier, tint = tmp5_tint, $composer = $composer, $changed = 3120, $default = 0)
                          }
                          Spacer(modifier = width(/* <this> = Companion, */ width = <get-dp>(/* <this> = 12 */)), $composer = $composer, $changed = 6)
                          Row(modifier = // COMPOSITE {
                          null
                          // }, horizontalArrangement = // COMPOSITE {
                          null
                          // }, verticalAlignment = Companion.<get-CenterVertically>(), content = { // BLOCK
                            @Composable
                            @ComposableTarget(applier = "androidx.compose.ui.UiComposable")
                            local fun RowScope.<anonymous>(/* var */ $composer: Composer?, $changed: Int) {
                              { // BLOCK
                                sourceInformationMarkerStart(composer = $composer, key = 639755119, sourceInformation = "C1434@78258L17,1434@78173L103,1435@78297L40,1436@78358L80,1437@78459L40,1438@78605L17,1438@78520L103:TradingChart2.kt#x6l30d")
                                // COMPOSITE {
                                { // BLOCK
                                  val tmp0_color: Color = Color(color = 4286086022L)
                                  val tmp1_fontSize: TextUnit = <get-sp>(/* <this> = 18 */)
                                  val tmp2_modifier: Modifier = clickable(/* <this> = Companion, */ onClick = { // BLOCK
                                    { // BLOCK
                                      $composer.startReplaceableGroup(key = 5004770)
                                      sourceInformation(composer = $composer, sourceInformation = "CC(remember):TradingChart2.kt#9igjgp")
                                    }
                                    val tmp0_group: Function0<Unit> = cache<Function0<Unit>>(/* <this> = $composer, */ invalid = EQEQ(arg0 = $dirty.and(other = 7168), arg1 = 2048), block = { // BLOCK
                                      local fun <anonymous>(): Function0<Unit> {
                                        return { // BLOCK
                                          local fun <anonymous>(): Unit? {
                                            onDecrement.invoke()
                                          }

                                          <jvm-indy-lambda-metafactory><Function0<Unit>>(samMethodType = &error("") /* ERROR: unsupported element type: IrRawFunctionReferenceImpl */
, implMethodReference = TradingChart2Kt::<anonymous>, instantiatedMethodType = &error("") /* ERROR: unsupported element type: IrRawFunctionReferenceImpl */
, extraOverriddenMethodTypes = [], shouldBeSerializable = false)
                                        }
                                      }

                                      TradingChart2Kt::<anonymous>
                                    })
                                    $composer.endReplaceableGroup()
                                    tmp0_group
                                  })
                                  Text(text = "—", modifier = tmp2_modifier, color = tmp0_color, fontSize = tmp1_fontSize, fontStyle = // COMPOSITE {
                                  null
                                  // }, fontWeight = // COMPOSITE {
                                  null
                                  // }, fontFamily = // COMPOSITE {
                                  null
                                  // }, letterSpacing = // COMPOSITE {
                                  <unsafe-coerce><Long, TextUnit>(v = 0L)
                                  // }, textDecoration = // COMPOSITE {
                                  null
                                  // }, textAlign = // COMPOSITE {
                                  null
                                  // }, lineHeight = // COMPOSITE {
                                  <unsafe-coerce><Long, TextUnit>(v = 0L)
                                  // }, overflow = // COMPOSITE {
                                  <unsafe-coerce><Int, TextOverflow>(v = 0)
                                  // }, softWrap = // COMPOSITE {
                                  false
                                  // }, maxLines = // COMPOSITE {
                                  0
                                  // }, minLines = // COMPOSITE {
                                  0
                                  // }, onTextLayout = // COMPOSITE {
                                  null
                                  // }, style = // COMPOSITE {
                                  null
                                  // }, $composer = $composer, $changed = 3462, $changed1 = 0, $default = 131056)
                                }
                                Spacer(modifier = width(/* <this> = Companion, */ width = <get-dp>(/* <this> = 12 */)), $composer = $composer, $changed = 6)
                                Box(modifier = background(/* <this> = height(/* <this> = width(/* <this> = Companion, */ width = <get-dp>(/* <this> = 1 */)), */ height = <get-dp>(/* <this> = 16 */)), */ color = Color(color = 4280954425L)), $composer = $composer, $changed = 6)
                                Spacer(modifier = width(/* <this> = Companion, */ width = <get-dp>(/* <this> = 12 */)), $composer = $composer, $changed = 6)
                                { // BLOCK
                                  val tmp3_color: Color = Color(color = 4286086022L)
                                  val tmp4_fontSize: TextUnit = <get-sp>(/* <this> = 18 */)
                                  val tmp5_modifier: Modifier = clickable(/* <this> = Companion, */ onClick = { // BLOCK
                                    { // BLOCK
                                      $composer.startReplaceableGroup(key = 5004770)
                                      sourceInformation(composer = $composer, sourceInformation = "CC(remember):TradingChart2.kt#9igjgp")
                                    }
                                    val tmp1_group: Function0<Unit> = cache<Function0<Unit>>(/* <this> = $composer, */ invalid = EQEQ(arg0 = $dirty.and(other = 896), arg1 = 256), block = { // BLOCK
                                      local fun <anonymous>(): Function0<Unit> {
                                        return { // BLOCK
                                          local fun <anonymous>(): Unit? {
                                            onIncrement.invoke()
                                          }

                                          <jvm-indy-lambda-metafactory><Function0<Unit>>(samMethodType = &error("") /* ERROR: unsupported element type: IrRawFunctionReferenceImpl */
, implMethodReference = TradingChart2Kt::<anonymous>, instantiatedMethodType = &error("") /* ERROR: unsupported element type: IrRawFunctionReferenceImpl */
, extraOverriddenMethodTypes = [], shouldBeSerializable = false)
                                        }
                                      }

                                      TradingChart2Kt::<anonymous>
                                    })
                                    $composer.endReplaceableGroup()
                                    tmp1_group
                                  })
                                  Text(text = "+", modifier = tmp5_modifier, color = tmp3_color, fontSize = tmp4_fontSize, fontStyle = // COMPOSITE {
                                  null
                                  // }, fontWeight = // COMPOSITE {
                                  null
                                  // }, fontFamily = // COMPOSITE {
                                  null
                                  // }, letterSpacing = // COMPOSITE {
                                  <unsafe-coerce><Long, TextUnit>(v = 0L)
                                  // }, textDecoration = // COMPOSITE {
                                  null
                                  // }, textAlign = // COMPOSITE {
                                  null
                                  // }, lineHeight = // COMPOSITE {
                                  <unsafe-coerce><Long, TextUnit>(v = 0L)
                                  // }, overflow = // COMPOSITE {
                                  <unsafe-coerce><Int, TextOverflow>(v = 0)
                                  // }, softWrap = // COMPOSITE {
                                  false
                                  // }, maxLines = // COMPOSITE {
                                  0
                                  // }, minLines = // COMPOSITE {
                                  0
                                  // }, onTextLayout = // COMPOSITE {
                                  null
                                  // }, style = // COMPOSITE {
                                  null
                                  // }, $composer = $composer, $changed = 3462, $changed1 = 0, $default = 131056)
                                }
                                // }
                                sourceInformationMarkerEnd(composer = $composer)
                              }
                            }

                            ::<anonymous>
                          }, $composer = $composer, $changed = 384, $default = 3)
                          // }
                          sourceInformationMarkerEnd(composer = $composer)
                        }
                      }

                      ::<anonymous>
                    }, $composer = $composer, $changed = 384, $default = 3)
                    // }
                    sourceInformationMarkerEnd(composer = $composer)
                  }
                }

                ::<anonymous>
              }, $composer = $composer, $changed = 48, $default = 4)
              Box(modifier = padding(/* <this> = clickable(/* <this> = border(/* <this> = background(/* <this> = fillMaxHeight(/* <this> = width(/* <this> = Companion, */ width = <get-dp>(/* <this> = 80 */)) */), */ color = backgroundColor, shape = RoundedCornerShape(size = <get-dp>(/* <this> = 4 */))), */ width = <get-dp>(/* <this> = 1 */), color = borderColor, shape = RoundedCornerShape(size = <get-dp>(/* <this> = 4 */))), */ onClick = { // BLOCK
                { // BLOCK
                  $composer.startReplaceableGroup(key = 5004770)
                  sourceInformation(composer = $composer, sourceInformation = "CC(remember):TradingChart2.kt#9igjgp")
                }
                val tmp0_group: Function0<Unit> = cache<Function0<Unit>>(/* <this> = $composer, */ invalid = false, block = { // BLOCK
                  local fun <anonymous>(): Function0<Unit> {
                    return { // BLOCK
                      local fun <anonymous>(): Unit? {
                        <set-sourceDropdownExpanded>(<set-?> = true)
                      }

                      <jvm-indy-lambda-metafactory><Function0<Unit>>(samMethodType = &error("") /* ERROR: unsupported element type: IrRawFunctionReferenceImpl */
, implMethodReference = TradingChart2Kt::<anonymous>, instantiatedMethodType = &error("") /* ERROR: unsupported element type: IrRawFunctionReferenceImpl */
, extraOverriddenMethodTypes = [], shouldBeSerializable = false)
                    }
                  }

                  TradingChart2Kt::<anonymous>
                })
                $composer.endReplaceableGroup()
                tmp0_group
              }), */ horizontal = <get-dp>(/* <this> = 8 */)), contentAlignment = Companion.<get-Center>(), propagateMinConstraints = // COMPOSITE {
              false
              // }, content = { // BLOCK
                @Composable
                @ComposableTarget(applier = "androidx.compose.ui.UiComposable")
                local fun BoxScope.<anonymous>(/* var */ $composer: Composer?, $changed: Int) {
                  { // BLOCK
                    sourceInformationMarkerStart(composer = $composer, key = 1485669126, sourceInformation = "C1452@79092L262,1459@79468L34,1457@79368L648:TradingChart2.kt#x6l30d")
                    // COMPOSITE {
                    Row(modifier = // COMPOSITE {
                    null
                    // }, horizontalArrangement = // COMPOSITE {
                    null
                    // }, verticalAlignment = Companion.<get-CenterVertically>(), content = { // BLOCK
                      @Composable
                      @ComposableTarget(applier = "androidx.compose.ui.UiComposable")
                      local fun RowScope.<anonymous>(/* var */ $composer: Composer?, $changed: Int) {
                        { // BLOCK
                          sourceInformationMarkerStart(composer = $composer, key = -47754932, sourceInformation = "C1453@79162L59,1454@79238L102:TradingChart2.kt#x6l30d")
                          // COMPOSITE {
                          Text(text = selectedSource, modifier = // COMPOSITE {
                          null
                          // }, color = Companion.<get-White>(), fontSize = <get-sp>(/* <this> = 14 */), fontStyle = // COMPOSITE {
                          null
                          // }, fontWeight = // COMPOSITE {
                          null
                          // }, fontFamily = // COMPOSITE {
                          null
                          // }, letterSpacing = // COMPOSITE {
                          <unsafe-coerce><Long, TextUnit>(v = 0L)
                          // }, textDecoration = // COMPOSITE {
                          null
                          // }, textAlign = // COMPOSITE {
                          null
                          // }, lineHeight = // COMPOSITE {
                          <unsafe-coerce><Long, TextUnit>(v = 0L)
                          // }, overflow = // COMPOSITE {
                          <unsafe-coerce><Int, TextOverflow>(v = 0)
                          // }, softWrap = // COMPOSITE {
                          false
                          // }, maxLines = // COMPOSITE {
                          0
                          // }, minLines = // COMPOSITE {
                          0
                          // }, onTextLayout = // COMPOSITE {
                          null
                          // }, style = // COMPOSITE {
                          null
                          // }, $composer = $composer, $changed = 3456.or(other = 14.and(other = $dirty.shr(bitCount = 12))), $changed1 = 0, $default = 131058)
                          { // BLOCK
                            val tmp0_imageVector: ImageVector = <get-KeyboardArrowDown>(/* <this> = Icons.<get-Default>() */)
                            val tmp1_tint: Color = Color(color = 4286086022L)
                            val tmp2_modifier: Modifier = size(/* <this> = Companion, */ size = <get-dp>(/* <this> = 16 */))
                            Icon(imageVector = tmp0_imageVector, contentDescription = null, modifier = tmp2_modifier, tint = tmp1_tint, $composer = $composer, $changed = 3504, $default = 0)
                          }
                          // }
                          sourceInformationMarkerEnd(composer = $composer)
                        }
                      }

                      ::<anonymous>
                    }, $composer = $composer, $changed = 384, $default = 3)
                    DropdownMenu(expanded = <get-sourceDropdownExpanded>(), onDismissRequest = { // BLOCK
                      { // BLOCK
                        $composer.startReplaceableGroup(key = 5004770)
                        sourceInformation(composer = $composer, sourceInformation = "CC(remember):TradingChart2.kt#9igjgp")
                      }
                      val tmp0_group: Function0<Unit> = cache<Function0<Unit>>(/* <this> = $composer, */ invalid = false, block = { // BLOCK
                        local fun <anonymous>(): Function0<Unit> {
                          return { // BLOCK
                            local fun <anonymous>(): Unit? {
                              <set-sourceDropdownExpanded>(<set-?> = false)
                            }

                            <jvm-indy-lambda-metafactory><Function0<Unit>>(samMethodType = &error("") /* ERROR: unsupported element type: IrRawFunctionReferenceImpl */
, implMethodReference = TradingChart2Kt::<anonymous>, instantiatedMethodType = &error("") /* ERROR: unsupported element type: IrRawFunctionReferenceImpl */
, extraOverriddenMethodTypes = [], shouldBeSerializable = false)
                          }
                        }

                        TradingChart2Kt::<anonymous>
                      })
                      $composer.endReplaceableGroup()
                      tmp0_group
                    }, modifier = border(/* <this> = background(/* <this> = Companion, */ color = Color(color = 4279374354L)), */ width = <get-dp>(/* <this> = 1 */), color = Color(color = 4281743941L)), offset = // COMPOSITE {
                    <unsafe-coerce><Long, DpOffset>(v = 0L)
                    // }, scrollState = // COMPOSITE {
                    null
                    // }, properties = // COMPOSITE {
                    null
                    // }, content = composableLambda(composer = $composer, key = 296353140, tracked = true, block = { // BLOCK
                      @Composable
                      @ComposableTarget(applier = "androidx.compose.ui.UiComposable")
                      local fun <anonymous>($this$DropdownMenu: ColumnScope, /* var */ $composer: Composer?, $changed: Int): Unit? {
                        sourceInformation(composer = $composer, sourceInformation = "C*1465@79825L137,1463@79703L281:TradingChart2.kt#x6l30d")
                        when {
                          when {
                            EQEQ(arg0 = $changed.and(other = 17), arg1 = 16).not() -> true
                            else -> $composer.<get-skipping>().not()
                          } -> { // BLOCK
                            when {
                              isTraceInProgress() -> traceEventStart(key = 296353140, dirty1 = $changed, dirty2 = -1, info = "com.trading.app.components.PriceInputRow.<anonymous>.<anonymous>.<anonymous> (TradingChart2.kt:1462)")
                            }
                            { // BLOCK
                              // COMPOSITE {
                              // }
                              forEach<String>(/* <this> = listOf<String>(elements = { // BLOCK
                                val tmp0: Array<out String> = arrayOfNulls<String>(size = 3)
                                tmp0.set(index = 0, value = "Last")
                                tmp0.set(index = 1, value = "Bid")
                                tmp0.set(index = 2, value = "Ask")
                                tmp0
                              }), */ action = { // BLOCK
                                local fun <anonymous>(source: String) {
                                  DropdownMenuItem(text = composableLambda(composer = $composer, key = -1233075212, tracked = true, block = { // BLOCK
                                    @Composable
                                    @ComposableTarget(applier = "androidx.compose.ui.UiComposable")
                                    local fun <anonymous>(/* var */ $composer: Composer?, $changed: Int): Unit? {
                                      sourceInformation(composer = $composer, sourceInformation = "C1464@79754L33:TradingChart2.kt#x6l30d")
                                      when {
                                        when {
                                          EQEQ(arg0 = $changed.and(other = 3), arg1 = 2).not() -> true
                                          else -> $composer.<get-skipping>().not()
                                        } -> { // BLOCK
                                          when {
                                            isTraceInProgress() -> traceEventStart(key = -1233075212, dirty1 = $changed, dirty2 = -1, info = "com.trading.app.components.PriceInputRow.<anonymous>.<anonymous>.<anonymous>.<anonymous>.<anonymous> (TradingChart2.kt:1464)")
                                          }
                                          Text(text = source, modifier = // COMPOSITE {
                                          null
                                          // }, color = Companion.<get-White>(), fontSize = // COMPOSITE {
                                          <unsafe-coerce><Long, TextUnit>(v = 0L)
                                          // }, fontStyle = // COMPOSITE {
                                          null
                                          // }, fontWeight = // COMPOSITE {
                                          null
                                          // }, fontFamily = // COMPOSITE {
                                          null
                                          // }, letterSpacing = // COMPOSITE {
                                          <unsafe-coerce><Long, TextUnit>(v = 0L)
                                          // }, textDecoration = // COMPOSITE {
                                          null
                                          // }, textAlign = // COMPOSITE {
                                          null
                                          // }, lineHeight = // COMPOSITE {
                                          <unsafe-coerce><Long, TextUnit>(v = 0L)
                                          // }, overflow = // COMPOSITE {
                                          <unsafe-coerce><Int, TextOverflow>(v = 0)
                                          // }, softWrap = // COMPOSITE {
                                          false
                                          // }, maxLines = // COMPOSITE {
                                          0
                                          // }, minLines = // COMPOSITE {
                                          0
                                          // }, onTextLayout = // COMPOSITE {
                                          null
                                          // }, style = // COMPOSITE {
                                          null
                                          // }, $composer = $composer, $changed = 384, $changed1 = 0, $default = 131066)
                                          when {
                                            isTraceInProgress() -> traceEventEnd()
                                          }
                                        }
                                        else -> $composer.skipToGroupEnd()
                                      }
                                    }

                                    <jvm-indy-lambda-metafactory><Function2<Composer, Int, Unit>>(samMethodType = &error("") /* ERROR: unsupported element type: IrRawFunctionReferenceImpl */
, implMethodReference = TradingChart2Kt::<anonymous>, instantiatedMethodType = &error("") /* ERROR: unsupported element type: IrRawFunctionReferenceImpl */
, extraOverriddenMethodTypes = [], shouldBeSerializable = false)
                                  }), onClick = { // BLOCK
                                    { // BLOCK
                                      $composer.startReplaceableGroup(key = -1746271574)
                                      sourceInformation(composer = $composer, sourceInformation = "CC(remember):TradingChart2.kt#9igjgp")
                                    }
                                    val tmp0_group: Function0<Unit> = cache<Function0<Unit>>(/* <this> = $composer, */ invalid = $composer.changed(value = onSourceChange).or(other = $composer.changed(value = source)), block = { // BLOCK
                                      local fun <anonymous>(): Function0<Unit> {
                                        return { // BLOCK
                                          local fun <anonymous>(): Unit? {
                                            onSourceChange.invoke(p1 = source)
                                            <set-sourceDropdownExpanded>(<set-?> = false)
                                          }

                                          <jvm-indy-lambda-metafactory><Function0<Unit>>(samMethodType = &error("") /* ERROR: unsupported element type: IrRawFunctionReferenceImpl */
, implMethodReference = TradingChart2Kt::<anonymous>, instantiatedMethodType = &error("") /* ERROR: unsupported element type: IrRawFunctionReferenceImpl */
, extraOverriddenMethodTypes = [], shouldBeSerializable = false)
                                        }
                                      }

                                      TradingChart2Kt::<anonymous>
                                    })
                                    $composer.endReplaceableGroup()
                                    tmp0_group
                                  }, modifier = // COMPOSITE {
                                  null
                                  // }, leadingIcon = // COMPOSITE {
                                  null
                                  // }, trailingIcon = // COMPOSITE {
                                  null
                                  // }, enabled = // COMPOSITE {
                                  false
                                  // }, colors = // COMPOSITE {
                                  null
                                  // }, contentPadding = // COMPOSITE {
                                  null
                                  // }, interactionSource = // COMPOSITE {
                                  null
                                  // }, $composer = $composer, $changed = 6, $default = 508)
                                }

                                TradingChart2Kt::<anonymous>
                              })
                              // COMPOSITE {
                              // }
                            }
                            when {
                              isTraceInProgress() -> traceEventEnd()
                            }
                          }
                          else -> $composer.skipToGroupEnd()
                        }
                      }

                      <jvm-indy-lambda-metafactory><@ExtensionFunctionType Function3<ColumnScope, Composer, Int, Unit>>(samMethodType = &error("") /* ERROR: unsupported element type: IrRawFunctionReferenceImpl */
, implMethodReference = TradingChart2Kt::<anonymous>, instantiatedMethodType = &error("") /* ERROR: unsupported element type: IrRawFunctionReferenceImpl */
, extraOverriddenMethodTypes = [], shouldBeSerializable = false)
                    }), $composer = $composer, $changed = 1573296, $default = 56)
                    // }
                    sourceInformationMarkerEnd(composer = $composer)
                  }
                }

                ::<anonymous>
              }, $composer = $composer, $changed = 48, $default = 4)
              // }
              sourceInformationMarkerEnd(composer = $composer)
            }
          }

          ::<anonymous>
        }, $composer = $composer, $changed = 54, $default = 4)
        when {
          isTraceInProgress() -> traceEventEnd()
        }
      }
      else -> $composer.skipToGroupEnd()
    }
    { // BLOCK
      { // BLOCK
        val tmp1_safe_receiver: ScopeUpdateScope? = $composer.endRestartGroup()
        when {
          EQEQ(arg0 = tmp1_safe_receiver, arg1 = null) -> null
          else -> tmp1_safe_receiver.updateScope(block = { // BLOCK
            local fun <anonymous>($composer: Composer?, $force: Int): Unit? {
              return PriceInputRow(value = value, onValueChange = onValueChange, onIncrement = onIncrement, onDecrement = onDecrement, selectedSource = selectedSource, onSourceChange = onSourceChange, primaryColor = primaryColor, borderColor = borderColor, backgroundColor = backgroundColor, $composer = $composer, $changed = updateChangedFlags(flags = $changed.or(other = 1)))
            }

            <jvm-indy-lambda-metafactory><Function2<Composer?, Int, Unit>>(samMethodType = &error("") /* ERROR: unsupported element type: IrRawFunctionReferenceImpl */
, implMethodReference = TradingChart2Kt::<anonymous>, instantiatedMethodType = &error("") /* ERROR: unsupported element type: IrRawFunctionReferenceImpl */
, extraOverriddenMethodTypes = [], shouldBeSerializable = false)
          })
        }
      }
    }
  }

  @Composable
  @ComposableTarget(applier = "androidx.compose.ui.UiComposable")
  /* static */ fun PercentageSelector(borderColor: Color, backgroundColor: Color, onPercentSelect: Function1<Int, Unit>, /* var */ $composer: Composer?, $changed: Int) {
    { // BLOCK
      $composer = $composer.startRestartGroup(key = -1542884214)
      sourceInformation(composer = $composer, sourceInformation = "C(PercentageSelector)P(1:c#ui.graphics.Color,0:c#ui.graphics.Color)1478@80153L688:TradingChart2.kt#x6l30d")
    }
    val $dirty: Int = $changed
    when {
      EQEQ(arg0 = $changed.and(other = 6), arg1 = 0) -> $dirty = $dirty.or(other = when {
        $composer.changed(value = <unsafe-coerce><Color, Long>(v = borderColor)) -> 4
        else -> 2
      })
    }
    when {
      EQEQ(arg0 = $changed.and(other = 48), arg1 = 0) -> $dirty = $dirty.or(other = when {
        $composer.changed(value = <unsafe-coerce><Color, Long>(v = backgroundColor)) -> 32
        else -> 16
      })
    }
    when {
      EQEQ(arg0 = $changed.and(other = 384), arg1 = 0) -> $dirty = $dirty.or(other = when {
        $composer.changedInstance(value = onPercentSelect) -> 256
        else -> 128
      })
    }
    when {
      when {
        EQEQ(arg0 = $dirty.and(other = 147), arg1 = 146).not() -> true
        else -> $composer.<get-skipping>().not()
      } -> { // BLOCK
        when {
          isTraceInProgress() -> traceEventStart(key = -1542884214, dirty1 = $dirty, dirty2 = -1, info = "com.trading.app.components.PercentageSelector (TradingChart2.kt:1477)")
        }
        Row(modifier = fillMaxWidth(/* <this> = Companion */), horizontalArrangement = Arrangement.<get-SpaceBetween>(), verticalAlignment = // COMPOSITE {
        null
        // }, content = { // BLOCK
          @Composable
          @ComposableTarget(applier = "androidx.compose.ui.UiComposable")
          local fun RowScope.<anonymous>(/* var */ $composer: Composer?, $changed: Int) {
            { // BLOCK
              sourceInformationMarkerStart(composer = $composer, key = -2064255785, sourceInformation = "C:TradingChart2.kt#x6l30d")
              // COMPOSITE {
              { // BLOCK
                // COMPOSITE {
                { // BLOCK
                  $composer.startReplaceableGroup(key = 349053906)
                  sourceInformation(composer = $composer, sourceInformation = "*1487@80643L24,1480@80308L517")
                }
                // }
                forEach<Int>(/* <this> = listOf<Int>(elements = { // BLOCK
                  val tmp0: Array<out Int> = arrayOfNulls<Int>(size = 5)
                  tmp0.set(index = 0, value = 5)
                  tmp0.set(index = 1, value = 10)
                  tmp0.set(index = 2, value = 15)
                  tmp0.set(index = 3, value = 20)
                  tmp0.set(index = 4, value = 25)
                  tmp0
                }), */ action = { // BLOCK
                  local fun <anonymous>(pct: Int) {
                    Box(modifier = clickable(/* <this> = border(/* <this> = background(/* <this> = padding(/* <this> = height(/* <this> = $this$Row.weight(/* <this> = Companion, */ weight = 1.0F), */ height = <get-dp>(/* <this> = 32 */)), */ horizontal = <get-dp>(/* <this> = 2 */)), */ color = backgroundColor, shape = RoundedCornerShape(size = <get-dp>(/* <this> = 4 */))), */ width = <get-dp>(/* <this> = 1 */), color = borderColor, shape = RoundedCornerShape(size = <get-dp>(/* <this> = 4 */))), */ onClick = { // BLOCK
                      { // BLOCK
                        $composer.startReplaceableGroup(key = -1633490746)
                        sourceInformation(composer = $composer, sourceInformation = "CC(remember):TradingChart2.kt#9igjgp")
                      }
                      val tmp0_group: Function0<Unit> = cache<Function0<Unit>>(/* <this> = $composer, */ invalid = EQEQ(arg0 = $dirty.and(other = 896), arg1 = 256).or(other = $composer.changed(value = pct)), block = { // BLOCK
                        local fun <anonymous>(): Function0<Unit> {
                          return { // BLOCK
                            local fun <anonymous>(): Unit? {
                              onPercentSelect.invoke(p1 = pct)
                            }

                            <jvm-indy-lambda-metafactory><Function0<Unit>>(samMethodType = &error("") /* ERROR: unsupported element type: IrRawFunctionReferenceImpl */
, implMethodReference = TradingChart2Kt::<anonymous>, instantiatedMethodType = &error("") /* ERROR: unsupported element type: IrRawFunctionReferenceImpl */
, extraOverriddenMethodTypes = [], shouldBeSerializable = false)
                          }
                        }

                        TradingChart2Kt::<anonymous>
                      })
                      $composer.endReplaceableGroup()
                      tmp0_group
                    }), contentAlignment = Companion.<get-Center>(), propagateMinConstraints = // COMPOSITE {
                    false
                    // }, content = { // BLOCK
                      @Composable
                      @ComposableTarget(applier = "androidx.compose.ui.UiComposable")
                      local fun BoxScope.<anonymous>(/* var */ $composer: Composer?, $changed: Int) {
                        { // BLOCK
                          sourceInformationMarkerStart(composer = $composer, key = -557783295, sourceInformation = "C1490@80753L58:TradingChart2.kt#x6l30d")
                          // COMPOSITE {
                          Text(text = pct + "%", modifier = // COMPOSITE {
                          null
                          // }, color = Color(color = 4286086022L), fontSize = <get-sp>(/* <this> = 12 */), fontStyle = // COMPOSITE {
                          null
                          // }, fontWeight = // COMPOSITE {
                          null
                          // }, fontFamily = // COMPOSITE {
                          null
                          // }, letterSpacing = // COMPOSITE {
                          <unsafe-coerce><Long, TextUnit>(v = 0L)
                          // }, textDecoration = // COMPOSITE {
                          null
                          // }, textAlign = // COMPOSITE {
                          null
                          // }, lineHeight = // COMPOSITE {
                          <unsafe-coerce><Long, TextUnit>(v = 0L)
                          // }, overflow = // COMPOSITE {
                          <unsafe-coerce><Int, TextOverflow>(v = 0)
                          // }, softWrap = // COMPOSITE {
                          false
                          // }, maxLines = // COMPOSITE {
                          0
                          // }, minLines = // COMPOSITE {
                          0
                          // }, onTextLayout = // COMPOSITE {
                          null
                          // }, style = // COMPOSITE {
                          null
                          // }, $composer = $composer, $changed = 3456, $changed1 = 0, $default = 131058)
                          // }
                          sourceInformationMarkerEnd(composer = $composer)
                        }
                      }

                      ::<anonymous>
                    }, $composer = $composer, $changed = 48, $default = 4)
                  }

                  TradingChart2Kt::<anonymous>
                })
                // COMPOSITE {
                $composer.endReplaceableGroup()
                // }
              }
              // }
              sourceInformationMarkerEnd(composer = $composer)
            }
          }

          ::<anonymous>
        }, $composer = $composer, $changed = 54, $default = 4)
        when {
          isTraceInProgress() -> traceEventEnd()
        }
      }
      else -> $composer.skipToGroupEnd()
    }
    { // BLOCK
      { // BLOCK
        val tmp0_safe_receiver: ScopeUpdateScope? = $composer.endRestartGroup()
        when {
          EQEQ(arg0 = tmp0_safe_receiver, arg1 = null) -> null
          else -> tmp0_safe_receiver.updateScope(block = { // BLOCK
            local fun <anonymous>($composer: Composer?, $force: Int): Unit? {
              return PercentageSelector(borderColor = borderColor, backgroundColor = backgroundColor, onPercentSelect = onPercentSelect, $composer = $composer, $changed = updateChangedFlags(flags = $changed.or(other = 1)))
            }

            <jvm-indy-lambda-metafactory><Function2<Composer?, Int, Unit>>(samMethodType = &error("") /* ERROR: unsupported element type: IrRawFunctionReferenceImpl */
, implMethodReference = TradingChart2Kt::<anonymous>, instantiatedMethodType = &error("") /* ERROR: unsupported element type: IrRawFunctionReferenceImpl */
, extraOverriddenMethodTypes = [], shouldBeSerializable = false)
          })
        }
      }
    }
  }

  @Composable
  @ComposableTarget(applier = "androidx.compose.ui.UiComposable")
  /* static */ fun SummaryText(type: String, targetPrice: String, entryPrice: Float, volume: Float, isBuy: Boolean, isProfit: Boolean, /* var */ $composer: Composer?, $changed: Int) {
    { // BLOCK
      $composer = $composer.startRestartGroup(key = -338992955)
      sourceInformation(composer = $composer, sourceInformation = "C(SummaryText)P(4,3!1,5)1511@81361L408:TradingChart2.kt#x6l30d")
    }
    val $dirty: Int = $changed
    when {
      EQEQ(arg0 = $changed.and(other = 6), arg1 = 0) -> $dirty = $dirty.or(other = when {
        $composer.changed(value = type) -> 4
        else -> 2
      })
    }
    when {
      EQEQ(arg0 = $changed.and(other = 48), arg1 = 0) -> $dirty = $dirty.or(other = when {
        $composer.changed(value = targetPrice) -> 32
        else -> 16
      })
    }
    when {
      EQEQ(arg0 = $changed.and(other = 384), arg1 = 0) -> $dirty = $dirty.or(other = when {
        $composer.changed(value = entryPrice) -> 256
        else -> 128
      })
    }
    when {
      EQEQ(arg0 = $changed.and(other = 3072), arg1 = 0) -> $dirty = $dirty.or(other = when {
        $composer.changed(value = volume) -> 2048
        else -> 1024
      })
    }
    when {
      EQEQ(arg0 = $changed.and(other = 24576), arg1 = 0) -> $dirty = $dirty.or(other = when {
        $composer.changed(value = isBuy) -> 16384
        else -> 8192
      })
    }
    when {
      when {
        EQEQ(arg0 = $dirty.and(other = 9363), arg1 = 9362).not() -> true
        else -> $composer.<get-skipping>().not()
      } -> { // BLOCK
        when {
          isTraceInProgress() -> traceEventStart(key = -338992955, dirty1 = $dirty, dirty2 = -1, info = "com.trading.app.components.SummaryText (TradingChart2.kt:1497)")
        }
        val target: Float = { // BLOCK
          val tmp0_elvis_lhs: Float? = toFloatOrNull(/* <this> = targetPrice */)
          when {
            EQEQ(arg0 = tmp0_elvis_lhs, arg1 = null) -> entryPrice
            else -> tmp0_elvis_lhs
          }
        }
        val diff: Float = when {
          isBuy -> { // BLOCK
            target.minus(other = entryPrice)
          }
          else -> { // BLOCK
            entryPrice.minus(other = target)
          }
        }
        val actualIsProfit: Boolean = greaterOrEqual(arg0 = diff, arg1 = 0.0F)
        val amount: Float = abs(x = diff.times(other = volume))
        val roi: Float = when {
          ieee754equals(arg0 = entryPrice, arg1 = 0.0F).not() -> abs(x = diff).div(other = entryPrice).times(other = 100.0F)
          else -> 0.0F
        }
        val profitLossText: String = when {
          actualIsProfit -> "profit"
          else -> "loss"
        }
        { // BLOCK
          val tmp1_text: String = "Last Traded Price to " + when {
            isEmpty(/* <this> = targetPrice */) -> "..."
            else -> targetPrice
          } + " will trigger market " + type + " order; your expected " + profitLossText + " will be " + format(/* <this> = Companion, */ format = "%.4f", args = { // BLOCK
            val tmp0: Array<out Any?> = arrayOfNulls<Any?>(size = 1)
            tmp0.set(index = 0, value = amount)
            tmp0
          }) + " USD (ROI: " + format(/* <this> = Companion, */ format = "%.2f", args = { // BLOCK
            val tmp0: Array<out Any?> = arrayOfNulls<Any?>(size = 1)
            tmp0.set(index = 0, value = roi)
            tmp0
          }) + "%)"
          val tmp2_color: Color = Color(color = 4286086022L)
          val tmp3_fontSize: TextUnit = <get-sp>(/* <this> = 12 */)
          val tmp4_lineHeight: TextUnit = <get-sp>(/* <this> = 16 */)
          val tmp5_modifier: Modifier = padding(/* <this> = fillMaxWidth(/* <this> = Companion */), */ horizontal = <get-dp>(/* <this> = 4 */))
          Text(text = tmp1_text, modifier = tmp5_modifier, color = tmp2_color, fontSize = tmp3_fontSize, fontStyle = // COMPOSITE {
          null
          // }, fontWeight = // COMPOSITE {
          null
          // }, fontFamily = // COMPOSITE {
          null
          // }, letterSpacing = // COMPOSITE {
          <unsafe-coerce><Long, TextUnit>(v = 0L)
          // }, textDecoration = // COMPOSITE {
          null
          // }, textAlign = // COMPOSITE {
          null
          // }, lineHeight = tmp4_lineHeight, overflow = // COMPOSITE {
          <unsafe-coerce><Int, TextOverflow>(v = 0)
          // }, softWrap = // COMPOSITE {
          false
          // }, maxLines = // COMPOSITE {
          0
          // }, minLines = // COMPOSITE {
          0
          // }, onTextLayout = // COMPOSITE {
          null
          // }, style = // COMPOSITE {
          null
          // }, $composer = $composer, $changed = 3504, $changed1 = 6, $default = 130032)
        }
        when {
          isTraceInProgress() -> traceEventEnd()
        }
      }
      else -> $composer.skipToGroupEnd()
    }
    { // BLOCK
      { // BLOCK
        val tmp0_safe_receiver: ScopeUpdateScope? = $composer.endRestartGroup()
        when {
          EQEQ(arg0 = tmp0_safe_receiver, arg1 = null) -> null
          else -> tmp0_safe_receiver.updateScope(block = { // BLOCK
            local fun <anonymous>($composer: Composer?, $force: Int): Unit? {
              return SummaryText(type = type, targetPrice = targetPrice, entryPrice = entryPrice, volume = volume, isBuy = isBuy, isProfit = isProfit, $composer = $composer, $changed = updateChangedFlags(flags = $changed.or(other = 1)))
            }

            <jvm-indy-lambda-metafactory><Function2<Composer?, Int, Unit>>(samMethodType = &error("") /* ERROR: unsupported element type: IrRawFunctionReferenceImpl */
, implMethodReference = TradingChart2Kt::<anonymous>, instantiatedMethodType = &error("") /* ERROR: unsupported element type: IrRawFunctionReferenceImpl */
, extraOverriddenMethodTypes = [], shouldBeSerializable = false)
          })
        }
      }
    }
  }

}

`
Details: Internal error in body lowering: java.lang.OutOfMemoryError: GC overhead limit exceeded
	at org.jetbrains.kotlin.backend.common.IrElementTransformerVoidWithContext.createScope(IrElementTransformerVoidWithContext.kt:36)
	at org.jetbrains.kotlin.backend.common.IrElementTransformerVoidWithContext.visitFunction(IrElementTransformerVoidWithContext.kt:82)
	at org.jetbrains.kotlin.ir.visitors.IrElementTransformerVoid.visitSimpleFunction(IrElementTransformerVoid.kt:128)
	at org.jetbrains.kotlin.ir.visitors.IrElementTransformerVoid.visitSimpleFunction(IrElementTransformerVoid.kt:131)
	at org.jetbrains.kotlin.ir.visitors.IrElementTransformerVoid.visitSimpleFunction(IrElementTransformerVoid.kt:19)
	at org.jetbrains.kotlin.ir.declarations.IrSimpleFunction.accept(IrSimpleFunction.kt:39)
	at org.jetbrains.kotlin.ir.IrElementBase.transform(IrElementBase.kt:33)
	at org.jetbrains.kotlin.ir.util.TransformKt.transformInPlace(transform.kt:35)
	at org.jetbrains.kotlin.ir.expressions.IrContainerExpression.transformChildren(IrContainerExpression.kt:26)
	at org.jetbrains.kotlin.ir.visitors.IrElementTransformerVoid.visitExpression(IrElementTransformerVoid.kt:166)
	at org.jetbrains.kotlin.ir.visitors.IrElementTransformerVoid.visitContainerExpression(IrElementTransformerVoid.kt:242)
	at org.jetbrains.kotlin.ir.visitors.IrElementTransformerVoid.visitBlock(IrElementTransformerVoid.kt:248)
	at org.jetbrains.kotlin.ir.visitors.IrElementTransformerVoid.visitBlock(IrElementTransformerVoid.kt:251)
	at org.jetbrains.kotlin.ir.visitors.IrElementTransformerVoid.visitBlock(IrElementTransformerVoid.kt:19)
	at org.jetbrains.kotlin.ir.expressions.IrBlock.accept(IrBlock.kt:18)
	at org.jetbrains.kotlin.ir.expressions.IrExpression.transform(IrExpression.kt:23)
	at org.jetbrains.kotlin.ir.expressions.IrExpression.transform(IrExpression.kt:19)
	at org.jetbrains.kotlin.ir.util.TransformKt.transformInPlaceNullable(transform.kt:46)
	at org.jetbrains.kotlin.ir.expressions.IrMemberAccessExpression.transformChildren(IrMemberAccessExpression.kt:475)
	at org.jetbrains.kotlin.ir.visitors.IrElementTransformerVoid.visitExpression(IrElementTransformerVoid.kt:166)
	at org.jetbrains.kotlin.ir.visitors.IrElementTransformerVoid.visitDeclarationReference(IrElementTransformerVoid.kt:194)
	at org.jetbrains.kotlin.ir.visitors.IrElementTransformerVoid.visitMemberAccess(IrElementTransformerVoid.kt:200)
	at org.jetbrains.kotlin.ir.visitors.IrElementTransformerVoid.visitFunctionAccess(IrElementTransformerVoid.kt:206)
	at org.jetbrains.kotlin.ir.visitors.IrElementTransformerVoid.visitCall(IrElementTransformerVoid.kt:296)
	at org.jetbrains.kotlin.ir.visitors.IrElementTransformerVoid.visitCall(IrElementTransformerVoid.kt:299)
	at org.jetbrains.kotlin.ir.visitors.IrElementTransformerVoid.visitCall(IrElementTransformerVoid.kt:19)
	at org.jetbrains.kotlin.ir.expressions.IrCall.accept(IrCall.kt:24)
	at org.jetbrains.kotlin.ir.expressions.IrExpression.transform(IrExpression.kt:23)
	at org.jetbrains.kotlin.ir.declarations.IrVariable.transformChildren(IrVariable.kt:43)
	at org.jetbrains.kotlin.ir.visitors.IrElementTransformerVoid.visitDeclaration(IrElementTransformerVoid.kt:40)
	at org.jetbrains.kotlin.ir.visitors.IrElementTransformerVoid.visitVariable(IrElementTransformerVoid.kt:140)
	at org.jetbrains.kotlin.ir.visitors.IrElementTransformerVoid.visitVariable(IrElementTransformerVoid.kt:143)
Caused by: java.lang.OutOfMemoryError: GC overhead limit exceeded
	... 32 more


